date,fund,return
2021-01-04,Combined Min-Variance,0.0014926391776350653
2021-01-05,Combined Min-Variance,0.0009941723709881516
2021-01-06,Combined Min-Variance,0.005119267611588769
2021-01-07,Combined Min-Variance,0.0068374919800601305
2021-01-08,Combined Min-Variance,-0.0017598981615640646
2021-01-11,Combined Min-Variance,7.01977828062202e-05
2021-01-12,Combined Min-Variance,-0.0001071529376984966
2021-01-13,Combined Min-Variance,-0.0022869295164933703
2021-01-14,Combined Min-Variance,0.003143035724196475
2021-01-15,Combined Min-Variance,-0.004501943241234516
2021-01-19,Combined Min-Variance,0.009284365723151528
2021-01-20,Combined Min-Variance,0.015222866534844684
2021-01-21,Combined Min-Variance,-0.009038482575091916
2021-01-22,Combined Min-Variance,-0.0010835575490974012
2021-01-25,Combined Min-Variance,0.0036026813025739754
2021-01-26,Combined Min-Variance,-0.002196879534134797
2021-01-27,Combined Min-Variance,-0.02114888707923889
2021-01-28,Combined Min-Variance,0.0015033704807312775
2021-01-29,Combined Min-Variance,-0.009871726130775691
2021-02-01,Combined Min-Variance,0.0013929537383453492
2021-02-02,Combined Min-Variance,0.007238999363120917
2021-02-03,Combined Min-Variance,-0.003596104803800081
2021-02-04,Combined Min-Variance,0.001998775684158441
2021-02-05,Combined Min-Variance,0.015078126890962372
2021-02-08,Combined Min-Variance,0.0030901548474421155
2021-02-09,Combined Min-Variance,-0.0014417852143101227
2021-02-10,Combined Min-Variance,-0.006498644866262619
2021-02-11,Combined Min-Variance,-0.004675239420822815
2021-02-12,Combined Min-Variance,0.004282298111064075
2021-02-16,Combined Min-Variance,-0.009989113999536899
2021-02-17,Combined Min-Variance,0.006293763523306395
2021-02-18,Combined Min-Variance,-0.00838042078196647
2021-02-19,Combined Min-Variance,-0.00789259045266762
2021-02-22,Combined Min-Variance,0.0011663588806695893
2021-02-23,Combined Min-Variance,-0.006814030854176164
2021-02-24,Combined Min-Variance,-0.000757202451737856
2021-02-25,Combined Min-Variance,-0.009029904072320748
2021-02-26,Combined Min-Variance,-0.017509314242939132
2021-03-01,Combined Min-Variance,0.009399400438050518
2021-03-02,Combined Min-Variance,0.005182372358893289
2021-03-03,Combined Min-Variance,-0.012263219824251135
2021-03-04,Combined Min-Variance,-0.004438265585481283
2021-03-05,Combined Min-Variance,0.014691279405088131
2021-03-08,Combined Min-Variance,-0.004105005794012557
2021-03-09,Combined Min-Variance,0.006498165579480035
2021-03-10,Combined Min-Variance,0.008483005663407504
2021-03-11,Combined Min-Variance,-0.00019234509964804246
2021-03-12,Combined Min-Variance,0.004708693058866383
2021-03-15,Combined Min-Variance,0.01396214300537826
2021-03-16,Combined Min-Variance,0.005811662463156645
2021-03-17,Combined Min-Variance,-0.007080359175504312
2021-03-18,Combined Min-Variance,-0.00728780658856892
2021-03-19,Combined Min-Variance,-0.0009475641209676603
2021-03-22,Combined Min-Variance,0.0085899916399628
2021-03-23,Combined Min-Variance,-0.0003361291471776365
2021-03-24,Combined Min-Variance,-0.00566133969525602
2021-03-25,Combined Min-Variance,0.0019216832822483432
2021-03-26,Combined Min-Variance,0.017343528316862904
2021-03-29,Combined Min-Variance,0.011337257491037181
2021-03-30,Combined Min-Variance,-0.009839184544597455
2021-03-31,Combined Min-Variance,0.0003353257498611758
2021-04-01,Combined Min-Variance,0.011447323972541132
2021-04-05,Combined Min-Variance,0.008919652920529514
2021-04-06,Combined Min-Variance,-0.0011147394241620998
2021-04-07,Combined Min-Variance,-0.0024556711110314995
2021-04-08,Combined Min-Variance,0.0005217737822118023
2021-04-09,Combined Min-Variance,0.0028074382168739313
2021-04-12,Combined Min-Variance,0.001676289288108416
2021-04-13,Combined Min-Variance,0.0034991649174749284
2021-04-14,Combined Min-Variance,-0.002509161136823868
2021-04-15,Combined Min-Variance,0.009378034208290427
2021-04-16,Combined Min-Variance,0.0021787342049829
2021-04-19,Combined Min-Variance,-0.0029014866934188544
2021-04-20,Combined Min-Variance,0.005712918973699716
2021-04-21,Combined Min-Variance,0.0036633152708899983
2021-04-22,Combined Min-Variance,-0.0023307033377074344
2021-04-23,Combined Min-Variance,0.0023358982189635776
2021-04-26,Combined Min-Variance,-0.0034942746016625903
2021-04-27,Combined Min-Variance,-0.004295038375352336
2021-04-28,Combined Min-Variance,-0.0012021602203768705
2021-04-29,Combined Min-Variance,0.0063932457509035265
2021-04-30,Combined Min-Variance,0.0001359755726123034
2021-05-03,Combined Min-Variance,0.00797983835745672
2021-05-04,Combined Min-Variance,-0.006674397757305767
2021-05-05,Combined Min-Variance,0.004435587544687713
2021-05-06,Combined Min-Variance,0.007615999200083128
2021-05-07,Combined Min-Variance,0.0015030589718216703
2021-05-10,Combined Min-Variance,0.004435514135308743
2021-05-11,Combined Min-Variance,-0.006925734469569986
2021-05-12,Combined Min-Variance,-0.015937943191348756
2021-05-13,Combined Min-Variance,0.012594949136065453
2021-05-14,Combined Min-Variance,0.0032192895393411687
2021-05-17,Combined Min-Variance,-0.0019596993126850598
2021-05-18,Combined Min-Variance,-0.004082464796491388
2021-05-19,Combined Min-Variance,-0.003957350156842346
2021-05-20,Combined Min-Variance,0.012188548437526087
2021-05-21,Combined Min-Variance,-0.003268897896528562
2021-05-24,Combined Min-Variance,0.0012632512882166862
2021-05-25,Combined Min-Variance,-0.005586792392591637
2021-05-26,Combined Min-Variance,0.00195717263697671
2021-05-27,Combined Min-Variance,-0.004850328235016529
2021-05-28,Combined Min-Variance,0.0002675373758002028
2021-06-01,Combined Min-Variance,-0.004789095842054628
2021-06-02,Combined Min-Variance,0.0007590691946262045
2021-06-03,Combined Min-Variance,0.0047672572485943495
2021-06-04,Combined Min-Variance,0.005979415401210741
2021-06-07,Combined Min-Variance,-0.0033841110183265204
2021-06-08,Combined Min-Variance,-0.005111246304967674
2021-06-09,Combined Min-Variance,0.004777459364669972
2021-06-10,Combined Min-Variance,0.007636854956311378
2021-06-11,Combined Min-Variance,0.0011369638444267219
2021-06-14,Combined Min-Variance,0.0008963493970819724
2021-06-15,Combined Min-Variance,-0.0046171065533294545
2021-06-16,Combined Min-Variance,-0.011582786031580148
2021-06-17,Combined Min-Variance,-0.00013875561855826684
2021-06-18,Combined Min-Variance,-0.011399971081791267
2021-06-21,Combined Min-Variance,0.010029293651759004
2021-06-22,Combined Min-Variance,-0.0011950171993125873
2021-06-23,Combined Min-Variance,-0.006838403382123487
2021-06-24,Combined Min-Variance,0.0057154406913124435
2021-06-25,Combined Min-Variance,0.011618880546910001
2021-06-28,Combined Min-Variance,0.002540819238074934
2021-06-29,Combined Min-Variance,-0.0031781321237837053
2021-06-30,Combined Min-Variance,0.006505329270548399
2021-07-01,Combined Min-Variance,0.0030106159859109084
2021-07-02,Combined Min-Variance,0.004261923985170387
2021-07-06,Combined Min-Variance,-0.0017722029830853686
2021-07-07,Combined Min-Variance,0.002468883456942819
2021-07-08,Combined Min-Variance,-0.005508498852592435
2021-07-09,Combined Min-Variance,0.007207972914026094
2021-07-12,Combined Min-Variance,0.002972580101418767
2021-07-13,Combined Min-Variance,-0.0027479224503986033
2021-07-14,Combined Min-Variance,0.0038957415534535784
2021-07-15,Combined Min-Variance,0.0011883740955397335
2021-07-16,Combined Min-Variance,-0.0013555621205768283
2021-07-19,Combined Min-Variance,-0.01379939846472678
2021-07-20,Combined Min-Variance,0.00576363529691455
2021-07-21,Combined Min-Variance,-0.0008869274275191032
2021-07-22,Combined Min-Variance,-0.0002370306297363944
2021-07-23,Combined Min-Variance,0.010413476425031466
2021-07-26,Combined Min-Variance,0.000971842254305249
2021-07-27,Combined Min-Variance,0.001479538748909336
2021-07-28,Combined Min-Variance,-0.0005994246858818915
2021-07-29,Combined Min-Variance,-0.00016371491976034877
2021-07-30,Combined Min-Variance,-0.0033764014436381395
2021-08-02,Combined Min-Variance,-0.0006372871276391257
2021-08-03,Combined Min-Variance,0.0007801892328907641
2021-08-04,Combined Min-Variance,-0.006816963618317025
2021-08-05,Combined Min-Variance,0.004448020284627218
2021-08-06,Combined Min-Variance,-0.000730026301060239
2021-08-09,Combined Min-Variance,0.0009769693976032453
2021-08-10,Combined Min-Variance,0.004754861335670527
2021-08-11,Combined Min-Variance,0.005445161896487358
2021-08-12,Combined Min-Variance,0.003191381125601362
2021-08-13,Combined Min-Variance,0.003980570153296218
2021-08-16,Combined Min-Variance,0.006404351168508852
2021-08-17,Combined Min-Variance,0.0019662434306403874
2021-08-18,Combined Min-Variance,-0.01103217696519361
2021-08-19,Combined Min-Variance,0.0015463562306192399
2021-08-20,Combined Min-Variance,0.004434768474621971
2021-08-23,Combined Min-Variance,-0.00048590274926848956
2021-08-24,Combined Min-Variance,-0.004707888567969962
2021-08-25,Combined Min-Variance,-0.002716753173823474
2021-08-26,Combined Min-Variance,-0.005897132931774903
2021-08-27,Combined Min-Variance,0.0024761820294476843
2021-08-30,Combined Min-Variance,0.0034002305142150245
2021-08-31,Combined Min-Variance,0.003543539672897157
2021-09-01,Combined Min-Variance,0.00020448006171760856
2021-09-02,Combined Min-Variance,0.00581262286657557
2021-09-03,Combined Min-Variance,-0.001649592793053029
2021-09-07,Combined Min-Variance,-0.015281504186828866
2021-09-08,Combined Min-Variance,0.005392723099821532
2021-09-09,Combined Min-Variance,-0.010078284542963124
2021-09-10,Combined Min-Variance,-0.006509617261096414
2021-09-13,Combined Min-Variance,-0.0009742089803097505
2021-09-14,Combined Min-Variance,-0.004582358021743556
2021-09-15,Combined Min-Variance,0.0023281758437476217
2021-09-16,Combined Min-Variance,-0.005040521987163766
2021-09-17,Combined Min-Variance,-0.009219963467436774
2021-09-20,Combined Min-Variance,-0.01077300343930084
2021-09-21,Combined Min-Variance,-0.0041293110660269
2021-09-22,Combined Min-Variance,0.0016994097217919151
2021-09-23,Combined Min-Variance,0.00367216282424427
2021-09-24,Combined Min-Variance,-0.0036695319504413794
2021-09-27,Combined Min-Variance,-0.0034231530589544177
2021-09-28,Combined Min-Variance,-0.0067026486943706385
2021-09-29,Combined Min-Variance,0.00866361965460887
2021-09-30,Combined Min-Variance,-0.00906909817332781
2021-10-01,Combined Min-Variance,0.010802978164723955
2021-10-04,Combined Min-Variance,0.0005083507446073214
2021-10-05,Combined Min-Variance,0.002321681317886279
2021-10-06,Combined Min-Variance,0.003364729811515625
2021-10-07,Combined Min-Variance,0.007889960797744023
2021-10-08,Combined Min-Variance,-0.0038943833752544694
2021-10-11,Combined Min-Variance,-0.008034838377860034
2021-10-12,Combined Min-Variance,-0.0007047726451175974
2021-10-13,Combined Min-Variance,0.0019196715424904692
2021-10-14,Combined Min-Variance,0.010041479177803412
2021-10-15,Combined Min-Variance,-0.00040834350457688595
2021-10-18,Combined Min-Variance,-0.0024737824973580114
2021-10-19,Combined Min-Variance,0.01251627830136697
2021-10-20,Combined Min-Variance,0.010018827478607663
2021-10-21,Combined Min-Variance,0.005891910794921301
2021-10-22,Combined Min-Variance,0.002632292529917775
2021-10-25,Combined Min-Variance,0.0033547007126220165
2021-10-26,Combined Min-Variance,0.0012941657866623482
2021-10-27,Combined Min-Variance,-0.00986095498163582
2021-10-28,Combined Min-Variance,0.014086327460289174
2021-10-29,Combined Min-Variance,-0.002067448706821718
2021-11-01,Combined Min-Variance,0.004801566767362974
2021-11-02,Combined Min-Variance,0.004085156163201262
2021-11-03,Combined Min-Variance,0.0014498300445744347
2021-11-04,Combined Min-Variance,0.0012572641625933133
2021-11-05,Combined Min-Variance,-0.0096465759438936
2021-11-08,Combined Min-Variance,0.001127564294983541
2021-11-09,Combined Min-Variance,0.0008513002579253827
2021-11-10,Combined Min-Variance,0.00028824744672379223
2021-11-11,Combined Min-Variance,0.0014112552690889492
2021-11-12,Combined Min-Variance,0.002318153263144266
2021-11-15,Combined Min-Variance,-0.003054599614177543
2021-11-16,Combined Min-Variance,-0.004028879035685406
2021-11-17,Combined Min-Variance,-0.003177789569299245
2021-11-18,Combined Min-Variance,-0.0021960531855243527
2021-11-19,Combined Min-Variance,-0.006845428362115484
2021-11-22,Combined Min-Variance,0.0027053815562066794
2021-11-23,Combined Min-Variance,0.006365293561241273
2021-11-24,Combined Min-Variance,-0.0008011196146104562
2021-11-26,Combined Min-Variance,-0.014556288715910314
2021-11-29,Combined Min-Variance,0.000708717356255043
2021-11-30,Combined Min-Variance,-0.02190641044420996
2021-12-01,Combined Min-Variance,-0.012210148101045544
2021-12-02,Combined Min-Variance,0.014741531637177669
2021-12-03,Combined Min-Variance,0.007559700108361404
2021-12-06,Combined Min-Variance,0.01143363020752031
2021-12-07,Combined Min-Variance,0.004473806040306643
2021-12-08,Combined Min-Variance,0.0010846355759351733
2021-12-09,Combined Min-Variance,-0.003517352283389734
2021-12-10,Combined Min-Variance,0.007375887605079195
2021-12-13,Combined Min-Variance,0.005142241520433867
2021-12-14,Combined Min-Variance,-0.0014818910670910982
2021-12-15,Combined Min-Variance,0.011630538103577469
2021-12-16,Combined Min-Variance,0.010439176064484655
2021-12-17,Combined Min-Variance,-0.011718181885693301
2021-12-20,Combined Min-Variance,0.0004122021022899482
2021-12-21,Combined Min-Variance,0.003957851252229383
2021-12-22,Combined Min-Variance,0.006295837900239878
2021-12-23,Combined Min-Variance,0.002280878217368872
2021-12-27,Combined Min-Variance,0.011097206564162625
2021-12-28,Combined Min-Variance,0.0042451991984054915
2021-12-29,Combined Min-Variance,0.0017271432034797354
2021-12-30,Combined Min-Variance,0.0006582707198585554
2021-12-31,Combined Min-Variance,-0.0012204015919516004
2022-01-03,Combined Min-Variance,0.0019776151007263342
2022-01-04,Combined Min-Variance,0.0002942485229937338
2022-01-05,Combined Min-Variance,-0.0033626292325496217
2022-01-06,Combined Min-Variance,-0.003952665593059111
2022-01-07,Combined Min-Variance,0.00462569333608572
2022-01-10,Combined Min-Variance,-0.0024283239910009623
2022-01-11,Combined Min-Variance,0.003214938274638245
2022-01-12,Combined Min-Variance,0.001500035011936659
2022-01-13,Combined Min-Variance,-0.0025676263046938022
2022-01-14,Combined Min-Variance,-0.0024787634451729525
2022-01-18,Combined Min-Variance,-0.008469172748789961
2022-01-19,Combined Min-Variance,-9.448852015877304e-05
2022-01-20,Combined Min-Variance,-0.01066738438035814
2022-01-21,Combined Min-Variance,-0.0047752257420498306
2022-01-24,Combined Min-Variance,-0.003957583556070693
2022-01-25,Combined Min-Variance,-0.004590115236615797
2022-01-26,Combined Min-Variance,-0.015074525209087862
2022-01-27,Combined Min-Variance,-0.0003401187961321276
2022-01-28,Combined Min-Variance,0.015758152563111652
2022-01-31,Combined Min-Variance,0.010834938028370702
2022-02-01,Combined Min-Variance,-0.0019888218304532565
2022-02-02,Combined Min-Variance,0.010319442212326316
2022-02-03,Combined Min-Variance,-0.006526839316841368
2022-02-04,Combined Min-Variance,-0.0038688308369679825
2022-02-07,Combined Min-Variance,-0.0001607615502018855
2022-02-08,Combined Min-Variance,-9.64273818994989e-05
2022-02-09,Combined Min-Variance,0.006516756675775124
2022-02-10,Combined Min-Variance,-0.01608685994303338
2022-02-11,Combined Min-Variance,-0.005111902356880388
2022-02-14,Combined Min-Variance,-0.006522449152992353
2022-02-15,Combined Min-Variance,0.00400307057723473
2022-02-16,Combined Min-Variance,-0.001776249914545078
2022-02-17,Combined Min-Variance,-0.008374921041254105
2022-02-18,Combined Min-Variance,-0.005281477161730303
2022-02-22,Combined Min-Variance,-0.004661908598558733
2022-02-23,Combined Min-Variance,-0.005344042858726434
2022-02-24,Combined Min-Variance,0.00019182332763761483
2022-02-25,Combined Min-Variance,0.025748491599846997
2022-02-28,Combined Min-Variance,-0.005756542379645067
2022-03-01,Combined Min-Variance,-0.005932033928462144
2022-03-02,Combined Min-Variance,0.01411903896011953
2022-03-03,Combined Min-Variance,0.007058148770255894
2022-03-04,Combined Min-Variance,0.007833795628945591
2022-03-07,Combined Min-Variance,-0.008651014056781354
2022-03-08,Combined Min-Variance,-0.013585909732667071
2022-03-09,Combined Min-Variance,0.006471414271705147
2022-03-10,Combined Min-Variance,0.0012356565994968587
2022-03-11,Combined Min-Variance,-0.0059044948765409645
2022-03-14,Combined Min-Variance,-0.005495969882869893
2022-03-15,Combined Min-Variance,0.00923374885857874
2022-03-16,Combined Min-Variance,0.006693816602507814
2022-03-17,Combined Min-Variance,0.011427655753455388
2022-03-18,Combined Min-Variance,0.0028624203865678577
2022-03-21,Combined Min-Variance,0.002369813888663465
2022-03-22,Combined Min-Variance,0.004745831447791813
2022-03-23,Combined Min-Variance,-0.008873810492174686
2022-03-24,Combined Min-Variance,0.0063184014857160286
2022-03-25,Combined Min-Variance,0.008366907044087995
2022-03-28,Combined Min-Variance,0.005792678441017355
2022-03-29,Combined Min-Variance,0.012494534850574982
2022-03-30,Combined Min-Variance,0.0008654486112436152
2022-03-31,Combined Min-Variance,-0.00911570015350325
2022-04-01,Combined Min-Variance,0.008854708480334185
2022-04-04,Combined Min-Variance,0.0026914895951757863
2022-04-05,Combined Min-Variance,-0.00451224061853578
2022-04-06,Combined Min-Variance,0.010722571191290492
2022-04-07,Combined Min-Variance,0.0035836500526436905
2022-04-08,Combined Min-Variance,0.00555656671077342
2022-04-11,Combined Min-Variance,-0.013932047405662128
2022-04-12,Combined Min-Variance,0.001749610392428568
2022-04-13,Combined Min-Variance,0.0056114161897815665
2022-04-14,Combined Min-Variance,0.0015062171789468552
2022-04-18,Combined Min-Variance,-0.004758923709354673
2022-04-19,Combined Min-Variance,0.008712069853303304
2022-04-20,Combined Min-Variance,0.002793456150452088
2022-04-21,Combined Min-Variance,-0.010375043246479447
2022-04-22,Combined Min-Variance,-0.016775489701302285
2022-04-25,Combined Min-Variance,-0.0010559679061666262
2022-04-26,Combined Min-Variance,-0.014899416156251762
2022-04-27,Combined Min-Variance,-0.0014236995040247588
2022-04-28,Combined Min-Variance,0.015269849160214073
2022-04-29,Combined Min-Variance,-0.03221404864163115
2022-05-02,Combined Min-Variance,0.0011492119657868873
2022-05-03,Combined Min-Variance,0.0028235837922774383
2022-05-04,Combined Min-Variance,0.024052321676834847
2022-05-05,Combined Min-Variance,-0.014944326098144054
2022-05-06,Combined Min-Variance,-0.005717244074838116
2022-05-09,Combined Min-Variance,-0.014856983860539425
2022-05-10,Combined Min-Variance,-0.007353628656579765
2022-05-11,Combined Min-Variance,0.006299942057478565
2022-05-12,Combined Min-Variance,0.006607873647504068
2022-05-13,Combined Min-Variance,0.00998071338509396
2022-05-16,Combined Min-Variance,0.00606649358541399
2022-05-17,Combined Min-Variance,-0.0015101344392685072
2022-05-18,Combined Min-Variance,-0.023366092100534613
2022-05-19,Combined Min-Variance,-0.0045921867956677884
2022-05-20,Combined Min-Variance,0.0031398233004678883
2022-05-23,Combined Min-Variance,0.01518713317906278
2022-05-24,Combined Min-Variance,0.009553683240291069
2022-05-25,Combined Min-Variance,0.006133255603689188
2022-05-26,Combined Min-Variance,0.005031292313410643
2022-05-27,Combined Min-Variance,0.011128566154270549
2022-05-31,Combined Min-Variance,-0.009313011408397933
2022-06-01,Combined Min-Variance,-0.004510336498727776
2022-06-02,Combined Min-Variance,0.00695240102598618
2022-06-03,Combined Min-Variance,-0.005229330516486627
2022-06-06,Combined Min-Variance,-0.00331297702673429
2022-06-07,Combined Min-Variance,0.007110106460557802
2022-06-08,Combined Min-Variance,-0.010173656238687795
2022-06-09,Combined Min-Variance,-0.02204842498216028
2022-06-10,Combined Min-Variance,-0.009923274998577362
2022-06-13,Combined Min-Variance,-0.0334926770361144
2022-06-14,Combined Min-Variance,-0.013812276096972477
2022-06-15,Combined Min-Variance,0.003568153848858685
2022-06-16,Combined Min-Variance,-0.009813635412111332
2022-06-17,Combined Min-Variance,-0.003198177116233249
2022-06-21,Combined Min-Variance,0.0220623393404649
2022-06-22,Combined Min-Variance,0.002484962703748997
2022-06-23,Combined Min-Variance,0.012443419247110362
2022-06-24,Combined Min-Variance,0.014545819135959313
2022-06-27,Combined Min-Variance,-0.0026031969512875968
2022-06-28,Combined Min-Variance,-0.009144633809607111
2022-06-29,Combined Min-Variance,0.0006823089699567016
2022-06-30,Combined Min-Variance,-0.007842340222001084
2022-07-01,Combined Min-Variance,0.015847389968834003
2022-07-05,Combined Min-Variance,-0.004258250461458621
2022-07-06,Combined Min-Variance,0.0010042762986763882
2022-07-07,Combined Min-Variance,0.0026279363289903822
2022-07-08,Combined Min-Variance,-0.0022427885771054614
2022-07-11,Combined Min-Variance,-0.0008257450314558086
2022-07-12,Combined Min-Variance,-0.005523167161130974
2022-07-13,Combined Min-Variance,-0.0021826807944250876
2022-07-14,Combined Min-Variance,-0.0038092050514944202
2022-07-15,Combined Min-Variance,0.011082940684183563
2022-07-18,Combined Min-Variance,-0.01153953655305272
2022-07-19,Combined Min-Variance,0.013366668323503889
2022-07-20,Combined Min-Variance,-0.00565239247557262
2022-07-21,Combined Min-Variance,0.0038837308980151633
2022-07-22,Combined Min-Variance,0.00027166055491937733
2022-07-25,Combined Min-Variance,-0.0034213190110396496
2022-07-26,Combined Min-Variance,-0.0030869021614036785
2022-07-27,Combined Min-Variance,0.004383570819108857
2022-07-28,Combined Min-Variance,0.008119546802769353
2022-07-29,Combined Min-Variance,0.0028274229369047647
2022-08-01,Combined Min-Variance,-0.0047405344119505815
2022-08-02,Combined Min-Variance,-0.006090779424435186
2022-08-03,Combined Min-Variance,0.011512286690268589
2022-08-04,Combined Min-Variance,-0.005919112029479677
2022-08-05,Combined Min-Variance,-0.0040339650177785595
2022-08-08,Combined Min-Variance,0.004275911384887476
2022-08-09,Combined Min-Variance,0.0022028935085772793
2022-08-10,Combined Min-Variance,0.011292507892934862
2022-08-11,Combined Min-Variance,-0.0009425154826027258
2022-08-12,Combined Min-Variance,0.014619955111591667
2022-08-15,Combined Min-Variance,0.009659101386521369
2022-08-16,Combined Min-Variance,0.011612300147379254
2022-08-17,Combined Min-Variance,-0.006296254559790711
2022-08-18,Combined Min-Variance,-0.0023909102237236013
2022-08-19,Combined Min-Variance,-0.00476134074473572
2022-08-22,Combined Min-Variance,-0.0140038103845138
2022-08-23,Combined Min-Variance,-0.0044348102726284
2022-08-24,Combined Min-Variance,0.0004342788764335325
2022-08-25,Combined Min-Variance,0.006821926206479707
2022-08-26,Combined Min-Variance,-0.019289872325569668
2022-08-29,Combined Min-Variance,-0.004000621784214412
2022-08-30,Combined Min-Variance,-0.008605903378481942
2022-08-31,Combined Min-Variance,-0.0034869597149815275
2022-09-01,Combined Min-Variance,0.011605837182904137
2022-09-02,Combined Min-Variance,-0.009332700286104847
2022-09-06,Combined Min-Variance,-0.0023632236586992443
2022-09-07,Combined Min-Variance,0.016311536072590026
2022-09-08,Combined Min-Variance,0.002358816137467452
2022-09-09,Combined Min-Variance,0.0096371346387116
2022-09-12,Combined Min-Variance,0.008558905632844598
2022-09-13,Combined Min-Variance,-0.029793919002088564
2022-09-14,Combined Min-Variance,0.005416045087262239
2022-09-15,Combined Min-Variance,-0.010226921249003599
2022-09-16,Combined Min-Variance,0.0006933794848634901
2022-09-19,Combined Min-Variance,0.0035932444625280677
2022-09-20,Combined Min-Variance,-0.013427194632008695
2022-09-21,Combined Min-Variance,-0.012841324983113063
2022-09-22,Combined Min-Variance,0.0024843325873654017
2022-09-23,Combined Min-Variance,-0.016568973661115396
2022-09-26,Combined Min-Variance,-0.010595353544818303
2022-09-27,Combined Min-Variance,-0.00593355603669041
2022-09-28,Combined Min-Variance,0.021894749789104564
2022-09-29,Combined Min-Variance,-0.01665817118427453
2022-09-30,Combined Min-Variance,-0.01700691597529752
2022-10-03,Combined Min-Variance,0.02671132713230307
2022-10-04,Combined Min-Variance,0.02095413899252973
2022-10-05,Combined Min-Variance,-0.004499734160352938
2022-10-06,Combined Min-Variance,-0.009038980997903217
2022-10-07,Combined Min-Variance,-0.014435611489869219
2022-10-10,Combined Min-Variance,0.002135425816886874
2022-10-11,Combined Min-Variance,0.013690350637774112
2022-10-12,Combined Min-Variance,-0.0048672758500713075
2022-10-13,Combined Min-Variance,0.01986956338336364
2022-10-14,Combined Min-Variance,-0.011433206448127127
2022-10-17,Combined Min-Variance,0.0122927593657535
2022-10-18,Combined Min-Variance,0.010897734619113829
2022-10-19,Combined Min-Variance,-0.008154754529579969
2022-10-20,Combined Min-Variance,-0.003498287612725061
2022-10-21,Combined Min-Variance,0.02066535812016481
2022-10-24,Combined Min-Variance,0.01689813594801132
2022-10-25,Combined Min-Variance,0.008779769290146615
2022-10-26,Combined Min-Variance,0.011862772805998931
2022-10-27,Combined Min-Variance,0.001126260650077029
2022-10-28,Combined Min-Variance,0.022312947557646186
2022-10-31,Combined Min-Variance,-0.007421171278507625
2022-11-01,Combined Min-Variance,-0.00023467834126537392
2022-11-02,Combined Min-Variance,-0.011715354597173964
2022-11-03,Combined Min-Variance,-0.004331058762196345
2022-11-04,Combined Min-Variance,0.014215717392421284
2022-11-07,Combined Min-Variance,0.012336519126177505
2022-11-08,Combined Min-Variance,0.00873438452945686
2022-11-09,Combined Min-Variance,-0.012749571678684323
2022-11-10,Combined Min-Variance,0.02417453887750727
2022-11-11,Combined Min-Variance,-0.004177866459919864
2022-11-14,Combined Min-Variance,-0.0020087444523719184
2022-11-15,Combined Min-Variance,0.007571431118098301
2022-11-16,Combined Min-Variance,-0.0011731530239411873
2022-11-17,Combined Min-Variance,0.0035225180169067643
2022-11-18,Combined Min-Variance,0.008604177191546318
2022-11-21,Combined Min-Variance,0.0036227938124133944
2022-11-22,Combined Min-Variance,0.009686915365630468
2022-11-23,Combined Min-Variance,-0.0002639541434515775
2022-11-25,Combined Min-Variance,0.0010297880498914692
2022-11-28,Combined Min-Variance,-0.010333999995468758
2022-11-29,Combined Min-Variance,0.0032337321557623106
2022-11-30,Combined Min-Variance,0.017743754891022
2022-12-01,Combined Min-Variance,0.002026711308280299
2022-12-02,Combined Min-Variance,0.002915289419744012
2022-12-05,Combined Min-Variance,-0.008777305985107859
2022-12-06,Combined Min-Variance,-0.00994945941931093
2022-12-07,Combined Min-Variance,0.002828569076848382
2022-12-08,Combined Min-Variance,0.004570937552355281
2022-12-09,Combined Min-Variance,-0.01530988826032833
2022-12-12,Combined Min-Variance,0.007396813156353314
2022-12-13,Combined Min-Variance,0.003433530248786256
2022-12-14,Combined Min-Variance,-0.0003632729041321108
2022-12-15,Combined Min-Variance,-0.015427318534757007
2022-12-16,Combined Min-Variance,-0.00633775324837662
2022-12-19,Combined Min-Variance,-0.0014896644199393256
2022-12-20,Combined Min-Variance,0.0008681845723121831
2022-12-21,Combined Min-Variance,0.011528103009145873
2022-12-22,Combined Min-Variance,-0.004585906107503307
2022-12-23,Combined Min-Variance,0.004600454183016074
2022-12-27,Combined Min-Variance,0.0015819042000710438
2022-12-28,Combined Min-Variance,-0.010288557149674424
2022-12-29,Combined Min-Variance,0.006861367671802905
2022-12-30,Combined Min-Variance,-0.00021254605743374483
2023-01-03,Combined Min-Variance,0.0005770932304561141
2023-01-04,Combined Min-Variance,0.008887077874316232
2023-01-05,Combined Min-Variance,0.0009816006548501264
2023-01-06,Combined Min-Variance,0.015120754824767844
2023-01-09,Combined Min-Variance,-0.016120052720030777
2023-01-10,Combined Min-Variance,0.0024452773659545974
2023-01-11,Combined Min-Variance,0.0025654569840154475
2023-01-12,Combined Min-Variance,-0.002952862243400723
2023-01-13,Combined Min-Variance,0.0028135609387402176
2023-01-17,Combined Min-Variance,-0.006857234539156699
2023-01-18,Combined Min-Variance,-0.017544123207521238
2023-01-19,Combined Min-Variance,-0.0014744785473832821
2023-01-20,Combined Min-Variance,0.008758174111942863
2023-01-23,Combined Min-Variance,0.0025305376931637233
2023-01-24,Combined Min-Variance,-0.0021769966075003942
2023-01-25,Combined Min-Variance,-0.00040579422985670047
2023-01-26,Combined Min-Variance,2.406640105551604e-06
2023-01-27,Combined Min-Variance,-0.0053930229779231885
2023-01-30,Combined Min-Variance,-0.003695140849857427
2023-01-31,Combined Min-Variance,0.007917264446881275
2023-02-01,Combined Min-Variance,-0.014685108272976678
2023-02-02,Combined Min-Variance,-0.012519976638668296
2023-02-03,Combined Min-Variance,-0.009299233474054704
2023-02-06,Combined Min-Variance,-0.0019913000855788
2023-02-07,Combined Min-Variance,0.0083584027277056
2023-02-08,Combined Min-Variance,-0.0074570808489762335
2023-02-09,Combined Min-Variance,-0.001238203947637667
2023-02-10,Combined Min-Variance,0.012438351297483332
2023-02-13,Combined Min-Variance,0.008312676430915359
2023-02-14,Combined Min-Variance,-0.007052653775835766
2023-02-15,Combined Min-Variance,0.0004072528271565148
2023-02-16,Combined Min-Variance,-0.012817508934594032
2023-02-17,Combined Min-Variance,0.01287002394057826
2023-02-21,Combined Min-Variance,-0.004936627475969886
2023-02-22,Combined Min-Variance,-0.004915026162412965
2023-02-23,Combined Min-Variance,0.0019705010317964226
2023-02-24,Combined Min-Variance,-0.006669409362304098
2023-02-27,Combined Min-Variance,-0.00012908228551086997
2023-02-28,Combined Min-Variance,-0.009368211725335111
2023-03-01,Combined Min-Variance,-0.0003602286462500792
2023-03-02,Combined Min-Variance,0.006301316217487722
2023-03-03,Combined Min-Variance,0.004667983192816954
2023-03-06,Combined Min-Variance,0.007687275060076041
2023-03-07,Combined Min-Variance,-0.011641736653277803
2023-03-08,Combined Min-Variance,-0.006527557252610251
2023-03-09,Combined Min-Variance,-0.011696431478073931
2023-03-10,Combined Min-Variance,-0.0027378158613730005
2023-03-13,Combined Min-Variance,0.007073996601826863
2023-03-14,Combined Min-Variance,0.0069300357283751815
2023-03-15,Combined Min-Variance,0.004100430393130729
2023-03-16,Combined Min-Variance,0.001864154978606865
2023-03-17,Combined Min-Variance,-0.011823197408746372
2023-03-20,Combined Min-Variance,0.01296240176422774
2023-03-21,Combined Min-Variance,-0.0012925497109674455
2023-03-22,Combined Min-Variance,-0.014770221160617764
2023-03-23,Combined Min-Variance,0.005428203192291371
2023-03-24,Combined Min-Variance,0.016372340357086984
2023-03-27,Combined Min-Variance,0.005165671715291093
2023-03-28,Combined Min-Variance,-0.0004350576314048199
2023-03-29,Combined Min-Variance,0.0067372882699992444
2023-03-30,Combined Min-Variance,0.00432913650842928
2023-03-31,Combined Min-Variance,0.007124512777735127
2023-04-03,Combined Min-Variance,0.010121127511007553
2023-04-04,Combined Min-Variance,0.005501722213473252
2023-04-05,Combined Min-Variance,0.014766278067459867
2023-04-06,Combined Min-Variance,0.0006202144634552274
2023-04-10,Combined Min-Variance,-0.0014334672498078622
2023-04-11,Combined Min-Variance,-0.0005325402499078785
2023-04-12,Combined Min-Variance,0.0009287228962121705
2023-04-13,Combined Min-Variance,0.008846115097228772
2023-04-14,Combined Min-Variance,-0.004822061821975173
2023-04-17,Combined Min-Variance,0.000507301846736773
2023-04-18,Combined Min-Variance,-0.0022999838952730443
2023-04-19,Combined Min-Variance,-4.563725190216767e-05
2023-04-20,Combined Min-Variance,-0.006047915082156751
2023-04-21,Combined Min-Variance,0.005767733403455865
2023-04-24,Combined Min-Variance,0.001606898991624478
2023-04-25,Combined Min-Variance,-0.0009057891318056913
2023-04-26,Combined Min-Variance,-0.01912007815042327
2023-04-27,Combined Min-Variance,0.003839110476445957
2023-04-28,Combined Min-Variance,0.0036785833267636387
2023-05-01,Combined Min-Variance,0.0009153440515944915
2023-05-02,Combined Min-Variance,-0.00836644546725981
2023-05-03,Combined Min-Variance,-0.00858407353498297
2023-05-04,Combined Min-Variance,0.00021723514977381626
2023-05-05,Combined Min-Variance,0.010630946203599164
2023-05-08,Combined Min-Variance,-0.0003134635503200616
2023-05-09,Combined Min-Variance,-0.00487935258101751
2023-05-10,Combined Min-Variance,-0.0005943805781957205
2023-05-11,Combined Min-Variance,-0.0018886586131478483
2023-05-12,Combined Min-Variance,0.0015680826840979954
2023-05-15,Combined Min-Variance,-0.0031035873560474893
2023-05-16,Combined Min-Variance,-0.015348737528878303
2023-05-17,Combined Min-Variance,-0.001008904686494685
2023-05-18,Combined Min-Variance,-0.00010981635927973246
2023-05-19,Combined Min-Variance,0.0005898868100010045
2023-05-22,Combined Min-Variance,-0.004805310022001742
2023-05-23,Combined Min-Variance,-0.004216087455162304
2023-05-24,Combined Min-Variance,-0.0067666058203309145
2023-05-25,Combined Min-Variance,-0.013011400623650787
2023-05-26,Combined Min-Variance,-0.0006821745628023681
2023-05-30,Combined Min-Variance,-0.0038034316870894417
2023-05-31,Combined Min-Variance,0.007362493198910667
2023-06-01,Combined Min-Variance,-0.005306899496152389
2023-06-02,Combined Min-Variance,0.01085823073942061
2023-06-05,Combined Min-Variance,0.003481099997327956
2023-06-06,Combined Min-Variance,-0.0066220099612157805
2023-06-07,Combined Min-Variance,0.0013753202224552727
2023-06-08,Combined Min-Variance,0.006829974977702022
2023-06-09,Combined Min-Variance,0.00011501041524417586
2023-06-12,Combined Min-Variance,-0.002369899828941229
2023-06-13,Combined Min-Variance,0.005836236676577412
2023-06-14,Combined Min-Variance,0.0007941233750407585
2023-06-15,Combined Min-Variance,0.009977729202140333
2023-06-16,Combined Min-Variance,0.00035714207132980314
2023-06-20,Combined Min-Variance,-0.007810662842997261
2023-06-21,Combined Min-Variance,-0.0017910120261354925
2023-06-22,Combined Min-Variance,0.007354213776229562
2023-06-23,Combined Min-Variance,-0.005563703950015741
2023-06-26,Combined Min-Variance,0.0020059215444205437
2023-06-27,Combined Min-Variance,0.0031462075995775792
2023-06-28,Combined Min-Variance,-0.003074262380739091
2023-06-29,Combined Min-Variance,0.0001443972799396187
2023-06-30,Combined Min-Variance,0.007003061006154157
2023-07-03,Combined Min-Variance,0.00454417591413701
2023-07-05,Combined Min-Variance,0.0015148365590493926
2023-07-06,Combined Min-Variance,-0.008428060307992643
2023-07-07,Combined Min-Variance,-0.012389863588840984
2023-07-10,Combined Min-Variance,0.0016354696865889644
2023-07-11,Combined Min-Variance,0.008997918415972165
2023-07-12,Combined Min-Variance,-0.0022295260344938612
2023-07-13,Combined Min-Variance,0.002409905622069886
2023-07-14,Combined Min-Variance,0.00176123872011139
2023-07-17,Combined Min-Variance,-0.005012117137720145
2023-07-18,Combined Min-Variance,0.0013129157652014753
2023-07-19,Combined Min-Variance,0.007170353405292821
2023-07-20,Combined Min-Variance,0.015205854158439934
2023-07-21,Combined Min-Variance,0.006088337027523056
2023-07-24,Combined Min-Variance,0.000808273349229832
2023-07-25,Combined Min-Variance,-0.0024907585273636294
2023-07-26,Combined Min-Variance,0.002462197543504555
2023-07-27,Combined Min-Variance,-0.0061993521376824895
2023-07-28,Combined Min-Variance,0.003459475746959993
2023-07-31,Combined Min-Variance,-0.0041684057540713245
2023-08-01,Combined Min-Variance,-0.005537472404207024
2023-08-02,Combined Min-Variance,-0.009502746137745145
2023-08-03,Combined Min-Variance,-0.006807921986874396
2023-08-04,Combined Min-Variance,-0.004431429092213075
2023-08-07,Combined Min-Variance,0.01236693375508226
2023-08-08,Combined Min-Variance,-0.002518675202752871
2023-08-09,Combined Min-Variance,0.0024356881288841274
2023-08-10,Combined Min-Variance,-0.0012953245552210315
2023-08-11,Combined Min-Variance,0.00612781864824644
2023-08-14,Combined Min-Variance,-9.149851729611545e-05
2023-08-15,Combined Min-Variance,-0.006408734251066388
2023-08-16,Combined Min-Variance,-0.0033419047824862934
2023-08-17,Combined Min-Variance,-0.00611394982178417
2023-08-18,Combined Min-Variance,0.0032546870193434674
2023-08-21,Combined Min-Variance,-0.002835503825632798
2023-08-22,Combined Min-Variance,-0.005376075610131064
2023-08-23,Combined Min-Variance,0.010720789853196999
2023-08-24,Combined Min-Variance,-0.009755593542385104
2023-08-25,Combined Min-Variance,0.0029539918018983663
2023-08-28,Combined Min-Variance,0.002684741277509976
2023-08-29,Combined Min-Variance,0.006202683912664766
2023-08-30,Combined Min-Variance,0.0012319220679086894
2023-08-31,Combined Min-Variance,-0.004477203643747925
2023-09-01,Combined Min-Variance,0.001800438376927986
2023-09-05,Combined Min-Variance,-0.009218007443982197
2023-09-06,Combined Min-Variance,-0.0025775803830755924
2023-09-07,Combined Min-Variance,0.007415958705016823
2023-09-08,Combined Min-Variance,0.003707795267569777
2023-09-11,Combined Min-Variance,0.0031109122534429276
2023-09-12,Combined Min-Variance,-8.192059965792995e-05
2023-09-13,Combined Min-Variance,0.0006472908045987728
2023-09-14,Combined Min-Variance,0.009380687710151428
2023-09-15,Combined Min-Variance,-0.008302079570956957
2023-09-18,Combined Min-Variance,0.0011393140505761578
2023-09-19,Combined Min-Variance,0.0008173715841134017
2023-09-20,Combined Min-Variance,0.0014184508150398654
2023-09-21,Combined Min-Variance,-0.01395554506844722
2023-09-22,Combined Min-Variance,-0.0018832350566144458
2023-09-25,Combined Min-Variance,-0.00020775433256179385
2023-09-26,Combined Min-Variance,-0.006027407537404071
2023-09-27,Combined Min-Variance,-0.005545867524670446
2023-09-28,Combined Min-Variance,0.0026308507500614206
2023-09-29,Combined Min-Variance,-0.00413539659337138
2023-10-02,Combined Min-Variance,-0.007626559684053759
2023-10-03,Combined Min-Variance,-0.006514152972932594
2023-10-04,Combined Min-Variance,0.005475727032130326
2023-10-05,Combined Min-Variance,-0.007616520059568732
2023-10-06,Combined Min-Variance,0.003161637980392503
2023-10-09,Combined Min-Variance,0.005172527010993583
2023-10-10,Combined Min-Variance,0.008361964291732207
2023-10-11,Combined Min-Variance,0.0015185617225512505
2023-10-12,Combined Min-Variance,-0.003948043140295174
2023-10-13,Combined Min-Variance,0.0030153836188873072
2023-10-16,Combined Min-Variance,0.005634062779644291
2023-10-17,Combined Min-Variance,0.004884414712227286
2023-10-18,Combined Min-Variance,-0.007043023854693547
2023-10-19,Combined Min-Variance,-0.006099019192213723
2023-10-20,Combined Min-Variance,-0.00015602013321506527
2023-10-23,Combined Min-Variance,-0.003929015813900453
2023-10-24,Combined Min-Variance,0.013360305902450914
2023-10-25,Combined Min-Variance,-0.002946680875433276
2023-10-26,Combined Min-Variance,-0.0034487735423391914
2023-10-27,Combined Min-Variance,-0.018212533226297532
2023-10-30,Combined Min-Variance,0.005341471784298315
2023-10-31,Combined Min-Variance,0.0061197075661832455
2023-11-01,Combined Min-Variance,0.005974996091770804
2023-11-02,Combined Min-Variance,0.014589673559982126
2023-11-03,Combined Min-Variance,0.001856804147056746
2023-11-06,Combined Min-Variance,0.0004524491208289286
2023-11-07,Combined Min-Variance,0.0007853825027742155
2023-11-08,Combined Min-Variance,-0.000775166558982377
2023-11-09,Combined Min-Variance,-0.00973900676517839
2023-11-10,Combined Min-Variance,0.006067542705681412
2023-11-13,Combined Min-Variance,0.0025153351290769076
2023-11-14,Combined Min-Variance,0.006914173776589462
2023-11-15,Combined Min-Variance,0.0029172392948536518
2023-11-16,Combined Min-Variance,-0.01093126693878303
2023-11-17,Combined Min-Variance,0.00039233592757952627
2023-11-20,Combined Min-Variance,0.0036452346428197083
2023-11-21,Combined Min-Variance,0.00216072719219219
2023-11-22,Combined Min-Variance,0.0002967797237813187
2023-11-24,Combined Min-Variance,0.004276019557586822
2023-11-27,Combined Min-Variance,-0.0004011596279533277
2023-11-28,Combined Min-Variance,-0.0007976466356771563
2023-11-29,Combined Min-Variance,-0.0006092779991119596
2023-11-30,Combined Min-Variance,0.009613392850819448
2023-12-01,Combined Min-Variance,0.0043524972140676545
2023-12-04,Combined Min-Variance,0.0027034879915701247
2023-12-05,Combined Min-Variance,0.003019839908843937
2023-12-06,Combined Min-Variance,-0.0015971647812741605
2023-12-07,Combined Min-Variance,0.0008092773578927858
2023-12-08,Combined Min-Variance,-0.00031969939602696643
2023-12-11,Combined Min-Variance,0.0053180076607882674
2023-12-12,Combined Min-Variance,0.004061847332305964
2023-12-13,Combined Min-Variance,0.014910545247697395
2023-12-14,Combined Min-Variance,-0.002160503551707137
2023-12-15,Combined Min-Variance,-0.00577657373683189
2023-12-18,Combined Min-Variance,0.0038487673367447106
2023-12-19,Combined Min-Variance,0.003285502701205766
2023-12-20,Combined Min-Variance,-0.011975466626744612
2023-12-21,Combined Min-Variance,0.007790251851972656
2023-12-22,Combined Min-Variance,0.0061277442647632695
2023-12-26,Combined Min-Variance,0.001953586165290639
2023-12-27,Combined Min-Variance,0.0037316741327559438
2023-12-28,Combined Min-Variance,0.0018234426785201264
2023-12-29,Combined Min-Variance,-9.034987076533839e-05
2021-01-04,Combined Max-Sharpe,0.0005333117120937893
2021-01-05,Combined Max-Sharpe,0.050299505908847096
2021-01-06,Combined Max-Sharpe,0.09518690870779974
2021-01-07,Combined Max-Sharpe,0.04005321556044868
2021-01-08,Combined Max-Sharpe,0.01453026102552232
2021-01-11,Combined Max-Sharpe,-0.04217135989787064
2021-01-12,Combined Max-Sharpe,-0.025151937244909495
2021-01-13,Combined Max-Sharpe,0.06078101662875951
2021-01-14,Combined Max-Sharpe,0.025190135130247933
2021-01-15,Combined Max-Sharpe,-0.04480637614782117
2021-01-19,Combined Max-Sharpe,-0.009031797851525195
2021-01-20,Combined Max-Sharpe,0.001483340698108298
2021-01-21,Combined Max-Sharpe,-0.08231149839337994
2021-01-22,Combined Max-Sharpe,0.04152085092227759
2021-01-25,Combined Max-Sharpe,-6.329549007792442e-05
2021-01-26,Combined Max-Sharpe,-0.000429313799999391
2021-01-27,Combined Max-Sharpe,-0.05418730166737237
2021-01-28,Combined Max-Sharpe,0.07549074748484551
2021-01-29,Combined Max-Sharpe,0.012551314181303765
2021-02-01,Combined Max-Sharpe,0.01425988472391917
2021-02-02,Combined Max-Sharpe,0.043619839662274826
2021-02-03,Combined Max-Sharpe,0.022514904550046348
2021-02-04,Combined Max-Sharpe,-0.008616600944522221
2021-02-05,Combined Max-Sharpe,0.027481194172709465
2021-02-08,Combined Max-Sharpe,0.09325830964569755
2021-02-09,Combined Max-Sharpe,0.0017519007331716554
2021-02-10,Combined Max-Sharpe,-0.002040539700621043
2021-02-11,Combined Max-Sharpe,0.043666555243694706
2021-02-12,Combined Max-Sharpe,0.019428719810441468
2021-02-16,Combined Max-Sharpe,0.01041193719420458
2021-02-17,Combined Max-Sharpe,0.02070504082171993
2021-02-18,Combined Max-Sharpe,-0.003069339409832173
2021-02-19,Combined Max-Sharpe,0.03789286005524244
2021-02-22,Combined Max-Sharpe,-0.040402857702802955
2021-02-23,Combined Max-Sharpe,-0.07076918139196924
2021-02-24,Combined Max-Sharpe,0.019850712752840373
2021-02-25,Combined Max-Sharpe,-0.05121549630784554
2021-02-26,Combined Max-Sharpe,0.00746867625945491
2021-03-01,Combined Max-Sharpe,0.05584313151470262
2021-03-02,Combined Max-Sharpe,-0.019902456431052686
2021-03-03,Combined Max-Sharpe,0.0066042510249947435
2021-03-04,Combined Max-Sharpe,-0.028453623158816655
2021-03-05,Combined Max-Sharpe,0.01747130951408223
2021-03-08,Combined Max-Sharpe,0.001096708297435935
2021-03-09,Combined Max-Sharpe,0.035290267112332074
2021-03-10,Combined Max-Sharpe,0.00598450973373457
2021-03-11,Combined Max-Sharpe,0.01721941509652318
2021-03-12,Combined Max-Sharpe,-0.011619420757577933
2021-03-15,Combined Max-Sharpe,-0.03854788873534929
2021-03-16,Combined Max-Sharpe,0.025019027271152086
2021-03-17,Combined Max-Sharpe,0.0221957296809414
2021-03-18,Combined Max-Sharpe,-0.017950579191837387
2021-03-19,Combined Max-Sharpe,0.006028855167355369
2021-03-22,Combined Max-Sharpe,-0.02569695768004498
2021-03-23,Combined Max-Sharpe,-0.0002577161387954002
2021-03-24,Combined Max-Sharpe,-0.025769600520923606
2021-03-25,Combined Max-Sharpe,8.238738915614615e-05
2021-03-26,Combined Max-Sharpe,0.053465401491787044
2021-03-29,Combined Max-Sharpe,0.017192275356310235
2021-03-30,Combined Max-Sharpe,0.00991237498949061
2021-03-31,Combined Max-Sharpe,0.002426361298118929
2021-04-01,Combined Max-Sharpe,0.007745240472836277
2021-04-05,Combined Max-Sharpe,0.023418520461194085
2021-04-06,Combined Max-Sharpe,-0.003293197927059478
2021-04-07,Combined Max-Sharpe,-0.020400789474771842
2021-04-08,Combined Max-Sharpe,0.01938798445944327
2021-04-09,Combined Max-Sharpe,0.0006561900957150219
2021-04-12,Combined Max-Sharpe,0.007161313419686334
2021-04-13,Combined Max-Sharpe,0.02156315649526179
2021-04-14,Combined Max-Sharpe,-0.0020007678888860647
2021-04-15,Combined Max-Sharpe,0.01613917828288977
2021-04-16,Combined Max-Sharpe,-0.00852442340932624
2021-04-19,Combined Max-Sharpe,-0.008884117761157655
2021-04-20,Combined Max-Sharpe,0.0010725758520297838
2021-04-21,Combined Max-Sharpe,-0.006067776478069265
2021-04-22,Combined Max-Sharpe,-0.01979452926010141
2021-04-23,Combined Max-Sharpe,0.007791517754401246
2021-04-26,Combined Max-Sharpe,0.032909684103441625
2021-04-27,Combined Max-Sharpe,0.01958871022096662
2021-04-28,Combined Max-Sharpe,0.0024824328445393062
2021-04-29,Combined Max-Sharpe,0.0019466592830652734
2021-04-30,Combined Max-Sharpe,0.016043693006619918
2021-05-03,Combined Max-Sharpe,0.012181412805190455
2021-05-04,Combined Max-Sharpe,-0.020990467595404655
2021-05-05,Combined Max-Sharpe,0.03193457401488779
2021-05-06,Combined Max-Sharpe,0.015937557960962186
2021-05-07,Combined Max-Sharpe,0.006928676712527589
2021-05-10,Combined Max-Sharpe,-0.013729851687294074
2021-05-11,Combined Max-Sharpe,-0.0011997072297034487
2021-05-12,Combined Max-Sharpe,-0.04084143205050307
2021-05-13,Combined Max-Sharpe,0.025923838317008525
2021-05-14,Combined Max-Sharpe,0.011981137278410324
2021-05-17,Combined Max-Sharpe,-0.011393983621896033
2021-05-18,Combined Max-Sharpe,-0.009220264219525771
2021-05-19,Combined Max-Sharpe,-0.04326643755605386
2021-05-20,Combined Max-Sharpe,0.03214278214121181
2021-05-21,Combined Max-Sharpe,-0.020460876691956106
2021-05-24,Combined Max-Sharpe,0.03970627063831736
2021-05-25,Combined Max-Sharpe,-0.003783227370482021
2021-05-26,Combined Max-Sharpe,0.0143487646819436
2021-05-27,Combined Max-Sharpe,-0.007450231757403101
2021-05-28,Combined Max-Sharpe,-0.010986209948935035
2021-06-01,Combined Max-Sharpe,-0.002021414360814896
2021-06-02,Combined Max-Sharpe,0.004842141473174418
2021-06-03,Combined Max-Sharpe,0.011187936285901043
2021-06-04,Combined Max-Sharpe,-0.0015506212424423785
2021-06-07,Combined Max-Sharpe,-0.008882777718212127
2021-06-08,Combined Max-Sharpe,-0.0005041643799099473
2021-06-09,Combined Max-Sharpe,-0.004617329869867599
2021-06-10,Combined Max-Sharpe,-0.008564746512649907
2021-06-11,Combined Max-Sharpe,-0.0016489021800048076
2021-06-14,Combined Max-Sharpe,-0.005567318996832862
2021-06-15,Combined Max-Sharpe,-0.003121585315660039
2021-06-16,Combined Max-Sharpe,-0.015613392338016977
2021-06-17,Combined Max-Sharpe,-0.011870057212947687
2021-06-18,Combined Max-Sharpe,-0.013085180478290753
2021-06-21,Combined Max-Sharpe,-0.0009042467807477991
2021-06-22,Combined Max-Sharpe,-0.00036278063941627887
2021-06-23,Combined Max-Sharpe,0.007981675208065949
2021-06-24,Combined Max-Sharpe,0.015043548153954077
2021-06-25,Combined Max-Sharpe,-0.009632911030131634
2021-06-28,Combined Max-Sharpe,0.00219834462204473
2021-06-29,Combined Max-Sharpe,0.018889829867861238
2021-06-30,Combined Max-Sharpe,0.004592449905563498
2021-07-01,Combined Max-Sharpe,-0.0023125766458726043
2021-07-02,Combined Max-Sharpe,0.004762355064627937
2021-07-06,Combined Max-Sharpe,-0.002714737262383791
2021-07-07,Combined Max-Sharpe,9.865542260753334e-05
2021-07-08,Combined Max-Sharpe,-0.012963794033284778
2021-07-09,Combined Max-Sharpe,0.017837898714662497
2021-07-12,Combined Max-Sharpe,0.00619807898452681
2021-07-13,Combined Max-Sharpe,-0.011529598457375672
2021-07-14,Combined Max-Sharpe,-0.0013827249207827776
2021-07-15,Combined Max-Sharpe,-0.005914004105871359
2021-07-16,Combined Max-Sharpe,-0.014834971881039665
2021-07-19,Combined Max-Sharpe,-0.013870885018474331
2021-07-20,Combined Max-Sharpe,0.013242864659918559
2021-07-21,Combined Max-Sharpe,0.015101903203952903
2021-07-22,Combined Max-Sharpe,0.0025064827702183045
2021-07-23,Combined Max-Sharpe,0.007953842035821366
2021-07-26,Combined Max-Sharpe,0.004720226260547144
2021-07-27,Combined Max-Sharpe,-0.004164208276388209
2021-07-28,Combined Max-Sharpe,0.003493060593933618
2021-07-29,Combined Max-Sharpe,0.008556190622920333
2021-07-30,Combined Max-Sharpe,2.61893412956826e-05
2021-08-02,Combined Max-Sharpe,-0.0011566652752158573
2021-08-03,Combined Max-Sharpe,0.00834106707997271
2021-08-04,Combined Max-Sharpe,-0.0009148473652318555
2021-08-05,Combined Max-Sharpe,0.006151289069027018
2021-08-06,Combined Max-Sharpe,0.00365550586646738
2021-08-09,Combined Max-Sharpe,0.008862234763120286
2021-08-10,Combined Max-Sharpe,0.014170223662746673
2021-08-11,Combined Max-Sharpe,0.008041264945953875
2021-08-12,Combined Max-Sharpe,0.005216851361213379
2021-08-13,Combined Max-Sharpe,0.004211356631463332
2021-08-16,Combined Max-Sharpe,-0.0016030900460010428
2021-08-17,Combined Max-Sharpe,-0.011444037670738354
2021-08-18,Combined Max-Sharpe,-0.004432560537898142
2021-08-19,Combined Max-Sharpe,-0.0019784661922878483
2021-08-20,Combined Max-Sharpe,0.010620973839948625
2021-08-23,Combined Max-Sharpe,0.008720429154118166
2021-08-24,Combined Max-Sharpe,0.000284880627073711
2021-08-25,Combined Max-Sharpe,0.0013510978272483825
2021-08-26,Combined Max-Sharpe,-0.009118988785917959
2021-08-27,Combined Max-Sharpe,0.013567134444644182
2021-08-30,Combined Max-Sharpe,0.000314633385368094
2021-08-31,Combined Max-Sharpe,-0.0014738662191358786
2021-09-01,Combined Max-Sharpe,0.006326391433084579
2021-09-02,Combined Max-Sharpe,0.00447917711995177
2021-09-03,Combined Max-Sharpe,-0.0025801696065581707
2021-09-07,Combined Max-Sharpe,-0.018192407050110486
2021-09-08,Combined Max-Sharpe,-0.0011904000953960989
2021-09-09,Combined Max-Sharpe,-0.005499870907888747
2021-09-10,Combined Max-Sharpe,-0.0071563815858216645
2021-09-13,Combined Max-Sharpe,-0.005264508264146483
2021-09-14,Combined Max-Sharpe,-0.009823807534004483
2021-09-15,Combined Max-Sharpe,0.00944036378628092
2021-09-16,Combined Max-Sharpe,-0.007008910884407448
2021-09-17,Combined Max-Sharpe,-0.01761543512371331
2021-09-20,Combined Max-Sharpe,-0.02273302942413886
2021-09-21,Combined Max-Sharpe,-0.007562605061427657
2021-09-22,Combined Max-Sharpe,0.014955858111657701
2021-09-23,Combined Max-Sharpe,0.008763637473035399
2021-09-24,Combined Max-Sharpe,-0.008438631328421077
2021-09-27,Combined Max-Sharpe,-0.004771036253371675
2021-09-28,Combined Max-Sharpe,-0.00944452974732852
2021-09-29,Combined Max-Sharpe,0.000637181209361628
2021-09-30,Combined Max-Sharpe,-0.011196267519686798
2021-10-01,Combined Max-Sharpe,0.011528918261675136
2021-10-04,Combined Max-Sharpe,-0.007492775473242602
2021-10-05,Combined Max-Sharpe,0.01055014774602256
2021-10-06,Combined Max-Sharpe,0.007406294097542816
2021-10-07,Combined Max-Sharpe,0.0053130968335444815
2021-10-08,Combined Max-Sharpe,-0.001039275119799899
2021-10-11,Combined Max-Sharpe,-0.003555980112428477
2021-10-12,Combined Max-Sharpe,0.0070865806298840706
2021-10-13,Combined Max-Sharpe,0.008926247452402239
2021-10-14,Combined Max-Sharpe,0.016826519737401603
2021-10-15,Combined Max-Sharpe,0.004095193415149315
2021-10-18,Combined Max-Sharpe,0.006333252960426936
2021-10-19,Combined Max-Sharpe,0.0014248138053902946
2021-10-20,Combined Max-Sharpe,0.0057047158849547
2021-10-21,Combined Max-Sharpe,-0.004596314951963245
2021-10-22,Combined Max-Sharpe,0.009646730208909675
2021-10-25,Combined Max-Sharpe,0.010803229994981036
2021-10-26,Combined Max-Sharpe,0.00902797454322849
2021-10-27,Combined Max-Sharpe,-0.024029756762194803
2021-10-28,Combined Max-Sharpe,0.021790390842465222
2021-10-29,Combined Max-Sharpe,0.0041588737480388605
2021-11-01,Combined Max-Sharpe,0.004705208696832007
2021-11-02,Combined Max-Sharpe,0.009006744315073345
2021-11-03,Combined Max-Sharpe,-0.002074739821943464
2021-11-04,Combined Max-Sharpe,0.004635370915520505
2021-11-05,Combined Max-Sharpe,-0.014689738909465174
2021-11-08,Combined Max-Sharpe,0.012824695094742882
2021-11-09,Combined Max-Sharpe,0.00041207894070226497
2021-11-10,Combined Max-Sharpe,-0.010404394093342739
2021-11-11,Combined Max-Sharpe,0.007397507792934451
2021-11-12,Combined Max-Sharpe,0.002696580113906538
2021-11-15,Combined Max-Sharpe,0.0013741995664358982
2021-11-16,Combined Max-Sharpe,-0.005579998106109753
2021-11-17,Combined Max-Sharpe,-0.007287542383292889
2021-11-18,Combined Max-Sharpe,0.006459883699506945
2021-11-19,Combined Max-Sharpe,-0.008035326546137481
2021-11-22,Combined Max-Sharpe,0.0021533242593452045
2021-11-23,Combined Max-Sharpe,0.011456978170646996
2021-11-24,Combined Max-Sharpe,0.004885283158066362
2021-11-26,Combined Max-Sharpe,-0.031814183199578336
2021-11-29,Combined Max-Sharpe,0.013018437676545706
2021-11-30,Combined Max-Sharpe,-0.017283407004077607
2021-12-01,Combined Max-Sharpe,-0.00936220338605253
2021-12-02,Combined Max-Sharpe,0.027615314652498047
2021-12-03,Combined Max-Sharpe,-0.010040132522998535
2021-12-06,Combined Max-Sharpe,0.008264753339931341
2021-12-07,Combined Max-Sharpe,0.021008469210355717
2021-12-08,Combined Max-Sharpe,-0.001856785657468884
2021-12-09,Combined Max-Sharpe,-0.011012469504218516
2021-12-10,Combined Max-Sharpe,0.0036677778184515835
2021-12-13,Combined Max-Sharpe,-0.010092105363361633
2021-12-14,Combined Max-Sharpe,-6.60625815884152e-05
2021-12-15,Combined Max-Sharpe,0.020704195434068106
2021-12-16,Combined Max-Sharpe,-0.0012182366359568392
2021-12-17,Combined Max-Sharpe,-0.015880612220953473
2021-12-20,Combined Max-Sharpe,-0.005382265116939649
2021-12-21,Combined Max-Sharpe,0.010591888808127753
2021-12-22,Combined Max-Sharpe,0.010182324883383956
2021-12-23,Combined Max-Sharpe,0.0036315644773328585
2021-12-27,Combined Max-Sharpe,0.02127114309962106
2021-12-28,Combined Max-Sharpe,-0.00536928159679968
2021-12-29,Combined Max-Sharpe,0.00014782880402207862
2021-12-30,Combined Max-Sharpe,-0.0030274112240211964
2021-12-31,Combined Max-Sharpe,-0.0009323576079751597
2022-01-03,Combined Max-Sharpe,-0.008757039363450236
2022-01-04,Combined Max-Sharpe,-0.00017917730646661934
2022-01-05,Combined Max-Sharpe,-0.009460004457906915
2022-01-06,Combined Max-Sharpe,0.0019311052354362929
2022-01-07,Combined Max-Sharpe,-0.014904629451985011
2022-01-10,Combined Max-Sharpe,0.0014144829219437842
2022-01-11,Combined Max-Sharpe,0.008039845978892252
2022-01-12,Combined Max-Sharpe,0.009698659212999335
2022-01-13,Combined Max-Sharpe,-0.014041239052137446
2022-01-14,Combined Max-Sharpe,0.0008172810080204933
2022-01-18,Combined Max-Sharpe,-0.011670391123485318
2022-01-19,Combined Max-Sharpe,-0.012314709644392944
2022-01-20,Combined Max-Sharpe,-0.01749551527238275
2022-01-21,Combined Max-Sharpe,-0.01430004388029791
2022-01-24,Combined Max-Sharpe,-0.0016448902212445947
2022-01-25,Combined Max-Sharpe,-0.0005577391880140493
2022-01-26,Combined Max-Sharpe,-0.008107186728714208
2022-01-27,Combined Max-Sharpe,-0.0033493902469327965
2022-01-28,Combined Max-Sharpe,0.03160125231403857
2022-01-31,Combined Max-Sharpe,0.008452519642860269
2022-02-01,Combined Max-Sharpe,0.006648366626905415
2022-02-02,Combined Max-Sharpe,0.02376982340791675
2022-02-03,Combined Max-Sharpe,-0.006664028104251453
2022-02-04,Combined Max-Sharpe,-0.0017557252178005002
2022-02-07,Combined Max-Sharpe,0.006143040315701322
2022-02-08,Combined Max-Sharpe,0.0020525066755921174
2022-02-09,Combined Max-Sharpe,0.019422602218891666
2022-02-10,Combined Max-Sharpe,-0.01764603873749536
2022-02-11,Combined Max-Sharpe,-0.007745093875907322
2022-02-14,Combined Max-Sharpe,-0.007386480295421493
2022-02-15,Combined Max-Sharpe,0.004463051715119906
2022-02-16,Combined Max-Sharpe,0.00044805820835823706
2022-02-17,Combined Max-Sharpe,-0.01465910494652151
2022-02-18,Combined Max-Sharpe,-0.008116087374146963
2022-02-22,Combined Max-Sharpe,-0.005965980120423102
2022-02-23,Combined Max-Sharpe,0.004625814332018909
2022-02-24,Combined Max-Sharpe,0.002140424501907615
2022-02-25,Combined Max-Sharpe,0.03547324740210338
2022-02-28,Combined Max-Sharpe,-0.0007203337336916324
2022-03-01,Combined Max-Sharpe,-2.3495947296196293e-05
2022-03-02,Combined Max-Sharpe,0.019484991740074398
2022-03-03,Combined Max-Sharpe,0.006214296336956261
2022-03-04,Combined Max-Sharpe,0.007962275330520905
2022-03-07,Combined Max-Sharpe,-0.010067080616670736
2022-03-08,Combined Max-Sharpe,-0.01697220816611919
2022-03-09,Combined Max-Sharpe,0.010877117385099411
2022-03-10,Combined Max-Sharpe,0.006982442343538854
2022-03-11,Combined Max-Sharpe,-0.007202193482571692
2022-03-14,Combined Max-Sharpe,-0.008518022023459833
2022-03-15,Combined Max-Sharpe,0.00858215151645851
2022-03-16,Combined Max-Sharpe,0.007789740986468915
2022-03-17,Combined Max-Sharpe,0.017145841668832307
2022-03-18,Combined Max-Sharpe,0.009850285591965692
2022-03-21,Combined Max-Sharpe,0.01296471541276214
2022-03-22,Combined Max-Sharpe,0.005487563890516025
2022-03-23,Combined Max-Sharpe,-0.00011202683072077127
2022-03-24,Combined Max-Sharpe,0.017658992046988557
2022-03-25,Combined Max-Sharpe,0.010301162499490726
2022-03-28,Combined Max-Sharpe,0.0022803928534942714
2022-03-29,Combined Max-Sharpe,0.009765843912239482
2022-03-30,Combined Max-Sharpe,0.0007169735162858986
2022-03-31,Combined Max-Sharpe,-0.012006685020541908
2022-04-01,Combined Max-Sharpe,0.01050793452308563
2022-04-04,Combined Max-Sharpe,-0.004025939075865269
2022-04-05,Combined Max-Sharpe,-0.003430048840238443
2022-04-06,Combined Max-Sharpe,0.013320055581334875
2022-04-07,Combined Max-Sharpe,0.014511930957703293
2022-04-08,Combined Max-Sharpe,0.005706222650621851
2022-04-11,Combined Max-Sharpe,-0.02751235516928849
2022-04-12,Combined Max-Sharpe,0.004383434682512681
2022-04-13,Combined Max-Sharpe,-0.005658915645752781
2022-04-14,Combined Max-Sharpe,0.00421698651259294
2022-04-18,Combined Max-Sharpe,0.0030039167614875867
2022-04-19,Combined Max-Sharpe,-0.001271609443222148
2022-04-20,Combined Max-Sharpe,0.005097070845276729
2022-04-21,Combined Max-Sharpe,-0.017298132301305908
2022-04-22,Combined Max-Sharpe,-0.025033943795001776
2022-04-25,Combined Max-Sharpe,-0.00805388659202788
2022-04-26,Combined Max-Sharpe,-0.011335901180400954
2022-04-27,Combined Max-Sharpe,0.003715552772371807
2022-04-28,Combined Max-Sharpe,0.01983629478558162
2022-04-29,Combined Max-Sharpe,-0.05275312868153129
2022-05-02,Combined Max-Sharpe,-0.005046584310497251
2022-05-03,Combined Max-Sharpe,0.005373958799505847
2022-05-04,Combined Max-Sharpe,0.020289206799513397
2022-05-05,Combined Max-Sharpe,-0.019757607689493244
2022-05-06,Combined Max-Sharpe,0.003026174943715575
2022-05-09,Combined Max-Sharpe,-0.05394692611400854
2022-05-10,Combined Max-Sharpe,-0.001877686550542381
2022-05-11,Combined Max-Sharpe,-0.0009655484592189956
2022-05-12,Combined Max-Sharpe,0.004532115761369441
2022-05-13,Combined Max-Sharpe,0.020444193351465526
2022-05-16,Combined Max-Sharpe,0.008408234649059725
2022-05-17,Combined Max-Sharpe,0.007495348334353714
2022-05-18,Combined Max-Sharpe,-0.03325330451212136
2022-05-19,Combined Max-Sharpe,-0.0003060079168391239
2022-05-20,Combined Max-Sharpe,0.0011863999080456125
2022-05-23,Combined Max-Sharpe,0.015583151892557887
2022-05-24,Combined Max-Sharpe,0.0026077691760586926
2022-05-25,Combined Max-Sharpe,0.012902899200824696
2022-05-26,Combined Max-Sharpe,0.010085528468763028
2022-05-27,Combined Max-Sharpe,0.018268405426256292
2022-05-31,Combined Max-Sharpe,-0.016410381427517086
2022-06-01,Combined Max-Sharpe,7.62695941648019e-05
2022-06-02,Combined Max-Sharpe,0.006745351062330962
2022-06-03,Combined Max-Sharpe,0.003348887908801829
2022-06-06,Combined Max-Sharpe,-0.003264045767539114
2022-06-07,Combined Max-Sharpe,0.015052379635552433
2022-06-08,Combined Max-Sharpe,-0.007945286109638988
2022-06-09,Combined Max-Sharpe,-0.025203894428477192
2022-06-10,Combined Max-Sharpe,-0.01325110945078261
2022-06-13,Combined Max-Sharpe,-0.043160434513586955
2022-06-14,Combined Max-Sharpe,-0.007800711496059814
2022-06-15,Combined Max-Sharpe,-0.004947316741716339
2022-06-16,Combined Max-Sharpe,-0.025136762832333993
2022-06-17,Combined Max-Sharpe,-0.023585064000158393
2022-06-21,Combined Max-Sharpe,0.03653193499827171
2022-06-22,Combined Max-Sharpe,-0.007094460752317159
2022-06-23,Combined Max-Sharpe,-0.001220423921358671
2022-06-24,Combined Max-Sharpe,0.020084017410762888
2022-06-27,Combined Max-Sharpe,0.012163098317232664
2022-06-28,Combined Max-Sharpe,0.0026322167249464034
2022-06-29,Combined Max-Sharpe,-0.008628756606480992
2022-06-30,Combined Max-Sharpe,-0.007073332636169027
2022-07-01,Combined Max-Sharpe,0.011179489213723767
2022-07-05,Combined Max-Sharpe,-0.021567031327348798
2022-07-06,Combined Max-Sharpe,-0.0031756801970338
2022-07-07,Combined Max-Sharpe,0.004330552873081384
2022-07-08,Combined Max-Sharpe,0.000123384815342103
2022-07-11,Combined Max-Sharpe,-0.0001383021127542147
2022-07-12,Combined Max-Sharpe,-0.009315431313230583
2022-07-13,Combined Max-Sharpe,-0.0021962234823037687
2022-07-14,Combined Max-Sharpe,-0.0030292724466507675
2022-07-15,Combined Max-Sharpe,0.015960332458300842
2022-07-18,Combined Max-Sharpe,-0.011700753644482061
2022-07-19,Combined Max-Sharpe,0.012044863467269195
2022-07-20,Combined Max-Sharpe,-0.008772636881335276
2022-07-21,Combined Max-Sharpe,-0.003764289713790895
2022-07-22,Combined Max-Sharpe,0.0019349229530807037
2022-07-25,Combined Max-Sharpe,0.01817877856454829
2022-07-26,Combined Max-Sharpe,0.0006389853191160745
2022-07-27,Combined Max-Sharpe,0.002725353286516378
2022-07-28,Combined Max-Sharpe,0.002801159221821049
2022-07-29,Combined Max-Sharpe,0.0004190504282175663
2022-08-01,Combined Max-Sharpe,-0.013241791279362928
2022-08-02,Combined Max-Sharpe,-0.004657379534084372
2022-08-03,Combined Max-Sharpe,-0.004937333623013908
2022-08-04,Combined Max-Sharpe,-0.017591618304272263
2022-08-05,Combined Max-Sharpe,0.004022671694133125
2022-08-08,Combined Max-Sharpe,0.00764299045440275
2022-08-09,Combined Max-Sharpe,0.014789599554329364
2022-08-10,Combined Max-Sharpe,0.003530897286631328
2022-08-11,Combined Max-Sharpe,0.013040330324093246
2022-08-12,Combined Max-Sharpe,0.00660334534940102
2022-08-15,Combined Max-Sharpe,-0.006878103865076144
2022-08-16,Combined Max-Sharpe,0.00032323804282477324
2022-08-17,Combined Max-Sharpe,-0.0013381368629824407
2022-08-18,Combined Max-Sharpe,0.010947666360099846
2022-08-19,Combined Max-Sharpe,0.02036682746284391
2022-08-22,Combined Max-Sharpe,-0.014464776553454491
2022-08-23,Combined Max-Sharpe,0.0149081300414819
2022-08-24,Combined Max-Sharpe,0.0024018241235319072
2022-08-25,Combined Max-Sharpe,0.004463626413224626
2022-08-26,Combined Max-Sharpe,-0.013935000695428024
2022-08-29,Combined Max-Sharpe,0.005625130316480476
2022-08-30,Combined Max-Sharpe,-0.018260575171696165
2022-08-31,Combined Max-Sharpe,-0.010437867488810352
2022-09-01,Combined Max-Sharpe,0.0055017922701786634
2022-09-02,Combined Max-Sharpe,-0.001915112087746823
2022-09-06,Combined Max-Sharpe,-0.004808866727019802
2022-09-07,Combined Max-Sharpe,0.0006810089792829968
2022-09-08,Combined Max-Sharpe,0.002989035495575208
2022-09-09,Combined Max-Sharpe,0.012383445480775001
2022-09-12,Combined Max-Sharpe,0.008759973288514402
2022-09-13,Combined Max-Sharpe,-0.024251871413279103
2022-09-14,Combined Max-Sharpe,0.01912803802574558
2022-09-15,Combined Max-Sharpe,-0.010489450484212924
2022-09-16,Combined Max-Sharpe,-0.0034139234913851866
2022-09-19,Combined Max-Sharpe,0.00044329665919349117
2022-09-20,Combined Max-Sharpe,-0.008015027138418266
2022-09-21,Combined Max-Sharpe,-0.014223700120638711
2022-09-22,Combined Max-Sharpe,0.0030159663645618778
2022-09-23,Combined Max-Sharpe,-0.029557310733792017
2022-09-26,Combined Max-Sharpe,-0.016710476657697877
2022-09-27,Combined Max-Sharpe,-1.8149200406627273e-05
2022-09-28,Combined Max-Sharpe,0.029307978424089862
2022-09-29,Combined Max-Sharpe,-0.011191121011504475
2022-09-30,Combined Max-Sharpe,-0.026634785938961996
2022-10-03,Combined Max-Sharpe,0.038662522020376455
2022-10-04,Combined Max-Sharpe,0.029263612360265246
2022-10-05,Combined Max-Sharpe,0.010193802537965443
2022-10-06,Combined Max-Sharpe,-0.001011919480721248
2022-10-07,Combined Max-Sharpe,-0.011591332936001661
2022-10-10,Combined Max-Sharpe,-0.01746080275495872
2022-10-11,Combined Max-Sharpe,0.005725847235885539
2022-10-12,Combined Max-Sharpe,-0.0037958944847358354
2022-10-13,Combined Max-Sharpe,0.03771750777037961
2022-10-14,Combined Max-Sharpe,-0.0115417832426251
2022-10-17,Combined Max-Sharpe,0.010380296359652047
2022-10-18,Combined Max-Sharpe,0.005012488511523905
2022-10-19,Combined Max-Sharpe,0.0028304655529967715
2022-10-20,Combined Max-Sharpe,8.658768610823414e-05
2022-10-21,Combined Max-Sharpe,0.02819152955254268
2022-10-24,Combined Max-Sharpe,0.011929968359441701
2022-10-25,Combined Max-Sharpe,0.00017559011146820098
2022-10-26,Combined Max-Sharpe,0.015399973377130012
2022-10-27,Combined Max-Sharpe,0.0014926113288385124
2022-10-28,Combined Max-Sharpe,-0.012729594252859659
2022-10-31,Combined Max-Sharpe,-0.00235938390353052
2022-11-01,Combined Max-Sharpe,0.0071212029014770814
2022-11-02,Combined Max-Sharpe,-0.018194379111746154
2022-11-03,Combined Max-Sharpe,0.003209301374858123
2022-11-04,Combined Max-Sharpe,0.010792950693609527
2022-11-07,Combined Max-Sharpe,0.021540918252128328
2022-11-08,Combined Max-Sharpe,0.017400076619447966
2022-11-09,Combined Max-Sharpe,-0.02618229728026505
2022-11-10,Combined Max-Sharpe,0.013412157509675423
2022-11-11,Combined Max-Sharpe,0.007085551947222882
2022-11-14,Combined Max-Sharpe,0.002296277585441176
2022-11-15,Combined Max-Sharpe,0.0035903487784996056
2022-11-16,Combined Max-Sharpe,-0.0065212125531422275
2022-11-17,Combined Max-Sharpe,0.005303530168360641
2022-11-18,Combined Max-Sharpe,0.0012385255048825235
2022-11-21,Combined Max-Sharpe,-0.0007910481635334271
2022-11-22,Combined Max-Sharpe,0.015918351999435934
2022-11-23,Combined Max-Sharpe,-0.008756597139659336
2022-11-25,Combined Max-Sharpe,-0.0005822475425237648
2022-11-28,Combined Max-Sharpe,-0.01538467917008799
2022-11-29,Combined Max-Sharpe,0.0035735166517086928
2022-11-30,Combined Max-Sharpe,0.014177309257719116
2022-12-01,Combined Max-Sharpe,-0.0022359651495084142
2022-12-02,Combined Max-Sharpe,-0.00035777990029933553
2022-12-05,Combined Max-Sharpe,-0.008255410900519922
2022-12-06,Combined Max-Sharpe,-0.01319801348837499
2022-12-07,Combined Max-Sharpe,0.005861040841330871
2022-12-08,Combined Max-Sharpe,0.001483248560020841
2022-12-09,Combined Max-Sharpe,-0.017704701257318187
2022-12-12,Combined Max-Sharpe,0.007024614490738258
2022-12-13,Combined Max-Sharpe,0.003466350791793391
2022-12-14,Combined Max-Sharpe,0.001992897193375366
2022-12-15,Combined Max-Sharpe,-0.014584957848030069
2022-12-16,Combined Max-Sharpe,-0.0030736757894709085
2022-12-19,Combined Max-Sharpe,0.00012393259334163396
2022-12-20,Combined Max-Sharpe,0.001221513091839007
2022-12-21,Combined Max-Sharpe,0.011495627286317246
2022-12-22,Combined Max-Sharpe,-0.006922712043707082
2022-12-23,Combined Max-Sharpe,0.008622021974313453
2022-12-27,Combined Max-Sharpe,0.0035210376967857965
2022-12-28,Combined Max-Sharpe,-0.012417073859337678
2022-12-29,Combined Max-Sharpe,0.002670695951571585
2022-12-30,Combined Max-Sharpe,0.002391566160371341
2023-01-03,Combined Max-Sharpe,-0.008869159126441562
2023-01-04,Combined Max-Sharpe,0.006319356638637314
2023-01-05,Combined Max-Sharpe,0.01549641367372905
2023-01-06,Combined Max-Sharpe,0.014336089751538628
2023-01-09,Combined Max-Sharpe,-0.02794726414910206
2023-01-10,Combined Max-Sharpe,0.007052246387092061
2023-01-11,Combined Max-Sharpe,0.0033847629291941543
2023-01-12,Combined Max-Sharpe,0.008896999611215563
2023-01-13,Combined Max-Sharpe,0.002031894333789052
2023-01-17,Combined Max-Sharpe,-0.011426258368950318
2023-01-18,Combined Max-Sharpe,-0.015497598036053203
2023-01-19,Combined Max-Sharpe,0.00872985375193771
2023-01-20,Combined Max-Sharpe,0.006419987715356863
2023-01-23,Combined Max-Sharpe,-0.0026641246622402417
2023-01-24,Combined Max-Sharpe,-0.008605985462679907
2023-01-25,Combined Max-Sharpe,-0.001365572338230349
2023-01-26,Combined Max-Sharpe,0.0036252168911732412
2023-01-27,Combined Max-Sharpe,-0.013125544668636841
2023-01-30,Combined Max-Sharpe,-0.004809976114235227
2023-01-31,Combined Max-Sharpe,0.013446279533500053
2023-02-01,Combined Max-Sharpe,-0.008453786649155994
2023-02-02,Combined Max-Sharpe,-0.028288376172146107
2023-02-03,Combined Max-Sharpe,-0.002130292678865748
2023-02-06,Combined Max-Sharpe,-0.003498309295692956
2023-02-07,Combined Max-Sharpe,0.012049259691471746
2023-02-08,Combined Max-Sharpe,0.0012710039089921174
2023-02-09,Combined Max-Sharpe,-0.004742742602736147
2023-02-10,Combined Max-Sharpe,0.017135970832104618
2023-02-13,Combined Max-Sharpe,0.009314312265599487
2023-02-14,Combined Max-Sharpe,0.00189548689567096
2023-02-15,Combined Max-Sharpe,-0.011788004724116292
2023-02-16,Combined Max-Sharpe,-0.008063049114451108
2023-02-17,Combined Max-Sharpe,0.00723781617333147
2023-02-21,Combined Max-Sharpe,-0.010548216034838482
2023-02-22,Combined Max-Sharpe,-0.004364864987920851
2023-02-23,Combined Max-Sharpe,0.0036074240656800097
2023-02-24,Combined Max-Sharpe,-0.006122241058351624
2023-02-27,Combined Max-Sharpe,-0.0002101104105134333
2023-02-28,Combined Max-Sharpe,-0.01147618699913244
2023-03-01,Combined Max-Sharpe,0.005974479025427478
2023-03-02,Combined Max-Sharpe,0.007869943008801094
2023-03-03,Combined Max-Sharpe,0.00736095857406867
2023-03-06,Combined Max-Sharpe,0.016206837922033344
2023-03-07,Combined Max-Sharpe,-0.006205061679511764
2023-03-08,Combined Max-Sharpe,-0.017514231340922826
2023-03-09,Combined Max-Sharpe,-0.01022156318236618
2023-03-10,Combined Max-Sharpe,-0.0035890399018400935
2023-03-13,Combined Max-Sharpe,-0.014580132232606256
2023-03-14,Combined Max-Sharpe,0.014375227950566628
2023-03-15,Combined Max-Sharpe,-0.010382960094355697
2023-03-16,Combined Max-Sharpe,-0.0009681287958599657
2023-03-17,Combined Max-Sharpe,-0.02689624116435703
2023-03-20,Combined Max-Sharpe,0.02142700826259901
2023-03-21,Combined Max-Sharpe,0.007284678188405405
2023-03-22,Combined Max-Sharpe,-0.01486738090489844
2023-03-23,Combined Max-Sharpe,-0.0017644329312289555
2023-03-24,Combined Max-Sharpe,0.005526768413227793
2023-03-27,Combined Max-Sharpe,0.01598949928226298
2023-03-28,Combined Max-Sharpe,-0.0016063876120707512
2023-03-29,Combined Max-Sharpe,0.0014749065879859715
2023-03-30,Combined Max-Sharpe,0.007119265444473377
2023-03-31,Combined Max-Sharpe,0.007604443651048345
2023-04-03,Combined Max-Sharpe,0.0253972760330182
2023-04-04,Combined Max-Sharpe,-0.008704259501615925
2023-04-05,Combined Max-Sharpe,0.01956131363438404
2023-04-06,Combined Max-Sharpe,-0.0037528922861615674
2023-04-10,Combined Max-Sharpe,-0.0022795366903226102
2023-04-11,Combined Max-Sharpe,0.0004163813976596909
2023-04-12,Combined Max-Sharpe,0.0026777882358546947
2023-04-13,Combined Max-Sharpe,0.011629096591790644
2023-04-14,Combined Max-Sharpe,-0.00036058848915618237
2023-04-17,Combined Max-Sharpe,0.0003005167952120995
2023-04-18,Combined Max-Sharpe,0.005630820869017219
2023-04-19,Combined Max-Sharpe,-0.0011676758291015563
2023-04-20,Combined Max-Sharpe,0.0013672187550599468
2023-04-21,Combined Max-Sharpe,0.011641624556022204
2023-04-24,Combined Max-Sharpe,0.006862167538716211
2023-04-25,Combined Max-Sharpe,-0.006740003715464891
2023-04-26,Combined Max-Sharpe,-0.020988060438145807
2023-04-27,Combined Max-Sharpe,0.009202283884388854
2023-04-28,Combined Max-Sharpe,-0.0006946715040865027
2023-05-01,Combined Max-Sharpe,-0.00479581337923883
2023-05-02,Combined Max-Sharpe,-0.006943370220747315
2023-05-03,Combined Max-Sharpe,-0.006848759515546223
2023-05-04,Combined Max-Sharpe,-0.012313841351650782
2023-05-05,Combined Max-Sharpe,0.008256357020034178
2023-05-08,Combined Max-Sharpe,0.003334842325560499
2023-05-09,Combined Max-Sharpe,-0.003492200512463212
2023-05-10,Combined Max-Sharpe,-0.0038308980729344316
2023-05-11,Combined Max-Sharpe,-0.001286801244260568
2023-05-12,Combined Max-Sharpe,-0.004361598277446924
2023-05-15,Combined Max-Sharpe,0.008685410585463689
2023-05-16,Combined Max-Sharpe,-0.005257916831395744
2023-05-17,Combined Max-Sharpe,0.0036727968089226098
2023-05-18,Combined Max-Sharpe,-0.0009485588735970366
2023-05-19,Combined Max-Sharpe,0.006412029149948487
2023-05-22,Combined Max-Sharpe,-0.005578683848118885
2023-05-23,Combined Max-Sharpe,-0.016393543494463682
2023-05-24,Combined Max-Sharpe,-0.0010313796904305966
2023-05-25,Combined Max-Sharpe,-0.00650394012741064
2023-05-26,Combined Max-Sharpe,-0.0016948447070846966
2023-05-30,Combined Max-Sharpe,-0.010792151427422726
2023-05-31,Combined Max-Sharpe,0.0031413610247215513
2023-06-01,Combined Max-Sharpe,0.011430455851736028
2023-06-02,Combined Max-Sharpe,0.01454862065642249
2023-06-05,Combined Max-Sharpe,-0.002890939252404432
2023-06-06,Combined Max-Sharpe,-0.005230575731687434
2023-06-07,Combined Max-Sharpe,-0.007930017060803388
2023-06-08,Combined Max-Sharpe,0.011879605366468395
2023-06-09,Combined Max-Sharpe,0.005112105019409322
2023-06-12,Combined Max-Sharpe,-0.0003377395837460429
2023-06-13,Combined Max-Sharpe,0.005928919613283107
2023-06-14,Combined Max-Sharpe,-0.00924663035078258
2023-06-15,Combined Max-Sharpe,0.004884107608093881
2023-06-16,Combined Max-Sharpe,0.0009726479994451984
2023-06-20,Combined Max-Sharpe,-0.002226934408527073
2023-06-21,Combined Max-Sharpe,0.006076173726727525
2023-06-22,Combined Max-Sharpe,0.00787444831301904
2023-06-23,Combined Max-Sharpe,-0.0024280125071844292
2023-06-26,Combined Max-Sharpe,-0.009511694307045118
2023-06-27,Combined Max-Sharpe,0.005792280283578374
2023-06-28,Combined Max-Sharpe,-0.0011884880443802843
2023-06-29,Combined Max-Sharpe,0.006444957830545645
2023-06-30,Combined Max-Sharpe,0.017956608818538902
2023-07-03,Combined Max-Sharpe,-0.0069304272655129635
2023-07-05,Combined Max-Sharpe,-0.002653192294501062
2023-07-06,Combined Max-Sharpe,-0.014525785554003799
2023-07-07,Combined Max-Sharpe,-0.0017436478033026597
2023-07-10,Combined Max-Sharpe,0.015015527903801711
2023-07-11,Combined Max-Sharpe,0.000366902916122304
2023-07-12,Combined Max-Sharpe,0.0033807856053430707
2023-07-13,Combined Max-Sharpe,0.02088313822086621
2023-07-14,Combined Max-Sharpe,-0.008781817575179634
2023-07-17,Combined Max-Sharpe,-0.00022033786594447414
2023-07-18,Combined Max-Sharpe,0.005238070022397016
2023-07-19,Combined Max-Sharpe,-0.00460298027532592
2023-07-20,Combined Max-Sharpe,0.00784379772113698
2023-07-21,Combined Max-Sharpe,-0.002391930430238713
2023-07-24,Combined Max-Sharpe,-0.0073689843939488365
2023-07-25,Combined Max-Sharpe,0.029582857988151093
2023-07-26,Combined Max-Sharpe,-0.009668671008197911
2023-07-27,Combined Max-Sharpe,0.00021170559075032682
2023-07-28,Combined Max-Sharpe,-5.6922611002070656e-05
2023-07-31,Combined Max-Sharpe,-0.001522815823133632
2023-08-01,Combined Max-Sharpe,-0.008957881426935802
2023-08-02,Combined Max-Sharpe,-0.015460768054000724
2023-08-03,Combined Max-Sharpe,0.0004667335000496038
2023-08-04,Combined Max-Sharpe,0.0007362387966133263
2023-08-07,Combined Max-Sharpe,0.014930322010489088
2023-08-08,Combined Max-Sharpe,-0.002875049504559295
2023-08-09,Combined Max-Sharpe,-0.009624160160711877
2023-08-10,Combined Max-Sharpe,0.0006286986244923207
2023-08-11,Combined Max-Sharpe,0.004105119380558977
2023-08-14,Combined Max-Sharpe,0.015034629638705775
2023-08-15,Combined Max-Sharpe,-0.010140620750032792
2023-08-16,Combined Max-Sharpe,-0.009374675075572478
2023-08-17,Combined Max-Sharpe,-0.022953728585641188
2023-08-18,Combined Max-Sharpe,0.0037956314499270043
2023-08-21,Combined Max-Sharpe,0.00835740276663569
2023-08-22,Combined Max-Sharpe,-0.011096999244231203
2023-08-23,Combined Max-Sharpe,0.024217744725901838
2023-08-24,Combined Max-Sharpe,-0.015568112093672141
2023-08-25,Combined Max-Sharpe,0.002899737230320059
2023-08-28,Combined Max-Sharpe,0.0069010539579907465
2023-08-29,Combined Max-Sharpe,0.021674779440298306
2023-08-30,Combined Max-Sharpe,-0.00397810402550299
2023-08-31,Combined Max-Sharpe,-0.006142548608370118
2023-09-01,Combined Max-Sharpe,-0.0022678389325592055
2023-09-05,Combined Max-Sharpe,-0.011384880740743111
2023-09-06,Combined Max-Sharpe,-0.009094016650567608
2023-09-07,Combined Max-Sharpe,-0.002950224684207743
2023-09-08,Combined Max-Sharpe,-0.0012898483159053792
2023-09-11,Combined Max-Sharpe,0.0036588563056008886
2023-09-12,Combined Max-Sharpe,0.00620210970439158
2023-09-13,Combined Max-Sharpe,-0.005969777567309219
2023-09-14,Combined Max-Sharpe,0.012813496951087664
2023-09-15,Combined Max-Sharpe,-0.009679276952592452
2023-09-18,Combined Max-Sharpe,0.00694812772304558
2023-09-19,Combined Max-Sharpe,-0.0045984043117372865
2023-09-20,Combined Max-Sharpe,-0.01169568939609339
2023-09-21,Combined Max-Sharpe,-0.0167016695717866
2023-09-22,Combined Max-Sharpe,-0.0030998485798166106
2023-09-25,Combined Max-Sharpe,0.0056168100612339535
2023-09-26,Combined Max-Sharpe,-0.009278310796040723
2023-09-27,Combined Max-Sharpe,0.00601627967125212
2023-09-28,Combined Max-Sharpe,0.011047998474114395
2023-09-29,Combined Max-Sharpe,-0.010241493936858177
2023-10-02,Combined Max-Sharpe,-0.0010934255909122925
2023-10-03,Combined Max-Sharpe,-0.011425472029913245
2023-10-04,Combined Max-Sharpe,0.004273288782428582
2023-10-05,Combined Max-Sharpe,0.003168664165046897
2023-10-06,Combined Max-Sharpe,0.018045300529982794
2023-10-09,Combined Max-Sharpe,-0.006104664456932553
2023-10-10,Combined Max-Sharpe,0.005163028047453844
2023-10-11,Combined Max-Sharpe,0.01640171471112207
2023-10-12,Combined Max-Sharpe,-0.007108780671769423
2023-10-13,Combined Max-Sharpe,-0.013309274516961641
2023-10-16,Combined Max-Sharpe,0.0066269540882220555
2023-10-17,Combined Max-Sharpe,-0.006451944242086224
2023-10-18,Combined Max-Sharpe,-0.02247288764609849
2023-10-19,Combined Max-Sharpe,-0.0070925498815925005
2023-10-20,Combined Max-Sharpe,-0.002235095415298044
2023-10-23,Combined Max-Sharpe,0.012221758786305575
2023-10-24,Combined Max-Sharpe,0.03322977669450629
2023-10-25,Combined Max-Sharpe,-0.018850142236493266
2023-10-26,Combined Max-Sharpe,-0.016525695246550093
2023-10-27,Combined Max-Sharpe,-0.018670606290130804
2023-10-30,Combined Max-Sharpe,0.01947349888477659
2023-10-31,Combined Max-Sharpe,-0.011414545085487561
2023-11-01,Combined Max-Sharpe,0.004047981640261678
2023-11-02,Combined Max-Sharpe,0.00888595681088494
2023-11-03,Combined Max-Sharpe,0.014030501996007342
2023-11-06,Combined Max-Sharpe,0.01665085024544385
2023-11-07,Combined Max-Sharpe,0.001235288930623969
2023-11-08,Combined Max-Sharpe,0.009884737831190423
2023-11-09,Combined Max-Sharpe,-0.0055485891935933025
2023-11-10,Combined Max-Sharpe,0.016977938876020438
2023-11-13,Combined Max-Sharpe,0.003272300202288321
2023-11-14,Combined Max-Sharpe,0.01024751606996446
2023-11-15,Combined Max-Sharpe,-0.003161250748701417
2023-11-16,Combined Max-Sharpe,0.0007146269532037938
2023-11-17,Combined Max-Sharpe,8.25095102391227e-06
2023-11-20,Combined Max-Sharpe,0.005764585783750012
2023-11-21,Combined Max-Sharpe,-0.006783050633089664
2023-11-22,Combined Max-Sharpe,-0.005580563008564793
2023-11-24,Combined Max-Sharpe,-0.0016855381614380154
2023-11-27,Combined Max-Sharpe,0.0008633891271820196
2023-11-28,Combined Max-Sharpe,-0.005444540453560116
2023-11-29,Combined Max-Sharpe,5.6407663291157856e-05
2023-11-30,Combined Max-Sharpe,0.003281956426227589
2023-12-01,Combined Max-Sharpe,0.0037802122672401174
2023-12-04,Combined Max-Sharpe,-0.00028209864757404077
2023-12-05,Combined Max-Sharpe,0.0048182073445489195
2023-12-06,Combined Max-Sharpe,-0.00857613376782417
2023-12-07,Combined Max-Sharpe,0.003844860673571967
2023-12-08,Combined Max-Sharpe,0.012467149188851188
2023-12-11,Combined Max-Sharpe,-0.014220363755825732
2023-12-12,Combined Max-Sharpe,0.013538718180384934
2023-12-13,Combined Max-Sharpe,0.004007264590660807
2023-12-14,Combined Max-Sharpe,-0.0036364397575349154
2023-12-15,Combined Max-Sharpe,0.0028954106298243864
2023-12-18,Combined Max-Sharpe,0.01241639974418489
2023-12-19,Combined Max-Sharpe,0.00636166222798257
2023-12-20,Combined Max-Sharpe,-0.012132572612250677
2023-12-21,Combined Max-Sharpe,0.019518520029551997
2023-12-22,Combined Max-Sharpe,0.0006339589924365423
2023-12-26,Combined Max-Sharpe,0.0007144836148072919
2023-12-27,Combined Max-Sharpe,0.015272605491130528
2023-12-28,Combined Max-Sharpe,-0.001671535763591139
2023-12-29,Combined Max-Sharpe,-0.0059323380491671275
2021-01-04,Combined Risk Parity,-0.0055053483254546625
2021-01-05,Combined Risk Parity,0.0129739356381299
2021-01-06,Combined Risk Parity,0.029068183572954653
2021-01-07,Combined Risk Parity,0.009467369829767583
2021-01-08,Combined Risk Parity,0.0017948262968348074
2021-01-11,Combined Risk Parity,-0.016085467960384132
2021-01-12,Combined Risk Parity,-0.002646673087346573
2021-01-13,Combined Risk Parity,0.010038966720159413
2021-01-14,Combined Risk Parity,0.0041544995869880865
2021-01-15,Combined Risk Parity,-0.011080587744677437
2021-01-19,Combined Risk Parity,0.007218745608815144
2021-01-20,Combined Risk Parity,0.007958526912758482
2021-01-21,Combined Risk Parity,-0.020865757016636045
2021-01-22,Combined Risk Parity,0.004931523593024049
2021-01-25,Combined Risk Parity,0.00032569671723790676
2021-01-26,Combined Risk Parity,-0.0035507393000741433
2021-01-27,Combined Risk Parity,-0.030924682987302374
2021-01-28,Combined Risk Parity,0.019277510006949886
2021-01-29,Combined Risk Parity,-0.0075263244862554465
2021-02-01,Combined Risk Parity,0.008731592162601403
2021-02-02,Combined Risk Parity,0.01836547403753472
2021-02-03,Combined Risk Parity,0.003972166980409047
2021-02-04,Combined Risk Parity,0.004501077696107533
2021-02-05,Combined Risk Parity,0.016381937938807833
2021-02-08,Combined Risk Parity,0.018492824855437993
2021-02-09,Combined Risk Parity,0.005385887500835272
2021-02-10,Combined Risk Parity,0.004381919882063244
2021-02-11,Combined Risk Parity,0.008209505669907236
2021-02-12,Combined Risk Parity,0.009327433202382848
2021-02-16,Combined Risk Parity,-0.0027876645026578767
2021-02-17,Combined Risk Parity,0.00727807873768236
2021-02-18,Combined Risk Parity,-0.0035107076055249644
2021-02-19,Combined Risk Parity,0.004191112056535014
2021-02-22,Combined Risk Parity,-0.007064175480774763
2021-02-23,Combined Risk Parity,-0.01886159122865265
2021-02-24,Combined Risk Parity,0.012956817546174837
2021-02-25,Combined Risk Parity,-0.020441505740095692
2021-02-26,Combined Risk Parity,-0.011914588009306407
2021-03-01,Combined Risk Parity,0.023665541676746046
2021-03-02,Combined Risk Parity,-0.003138814960862746
2021-03-03,Combined Risk Parity,-0.004388029251016339
2021-03-04,Combined Risk Parity,-0.00868723352391036
2021-03-05,Combined Risk Parity,0.014236697312127069
2021-03-08,Combined Risk Parity,0.0023482370649917355
2021-03-09,Combined Risk Parity,0.012142097572088197
2021-03-10,Combined Risk Parity,0.004360031493831094
2021-03-11,Combined Risk Parity,0.004508763292076289
2021-03-12,Combined Risk Parity,0.0034472431489639263
2021-03-15,Combined Risk Parity,0.0030846621037730723
2021-03-16,Combined Risk Parity,0.006701020527808342
2021-03-17,Combined Risk Parity,0.0032108672629034616
2021-03-18,Combined Risk Parity,-0.012552678396352612
2021-03-19,Combined Risk Parity,-0.0013248839453196258
2021-03-22,Combined Risk Parity,0.0030921181838467517
2021-03-23,Combined Risk Parity,-0.0042103498885201
2021-03-24,Combined Risk Parity,-0.01128410507304488
2021-03-25,Combined Risk Parity,0.005040488394231839
2021-03-26,Combined Risk Parity,0.027012131454609338
2021-03-29,Combined Risk Parity,0.007303259449209211
2021-03-30,Combined Risk Parity,-0.0031402640600910205
2021-03-31,Combined Risk Parity,0.007572111359139502
2021-04-01,Combined Risk Parity,0.013260021566869137
2021-04-05,Combined Risk Parity,0.018510371189715595
2021-04-06,Combined Risk Parity,0.002960779217646139
2021-04-07,Combined Risk Parity,-0.007552318764948504
2021-04-08,Combined Risk Parity,0.004821598389430444
2021-04-09,Combined Risk Parity,0.0001470513247456352
2021-04-12,Combined Risk Parity,0.00032108817941643757
2021-04-13,Combined Risk Parity,0.012125339189830145
2021-04-14,Combined Risk Parity,0.0025960877872168173
2021-04-15,Combined Risk Parity,0.01604962069539673
2021-04-16,Combined Risk Parity,0.007641734869298026
2021-04-19,Combined Risk Parity,-0.008727996208318026
2021-04-20,Combined Risk Parity,-0.0008452915504445304
2021-04-21,Combined Risk Parity,0.0038244570626206347
2021-04-22,Combined Risk Parity,-0.011312647844253093
2021-04-23,Combined Risk Parity,0.004809134689921972
2021-04-26,Combined Risk Parity,0.012210851672333156
2021-04-27,Combined Risk Parity,0.003540376296282748
2021-04-28,Combined Risk Parity,-0.0012532848738793037
2021-04-29,Combined Risk Parity,0.006268372026220091
2021-04-30,Combined Risk Parity,0.002667025270845699
2021-05-03,Combined Risk Parity,0.010876199018873857
2021-05-04,Combined Risk Parity,-0.00532247800972448
2021-05-05,Combined Risk Parity,0.02019936199763025
2021-05-06,Combined Risk Parity,0.01432774015046543
2021-05-07,Combined Risk Parity,0.004332804352435723
2021-05-10,Combined Risk Parity,-0.006967027412066843
2021-05-11,Combined Risk Parity,0.001932181324813981
2021-05-12,Combined Risk Parity,-0.028379293263143215
2021-05-13,Combined Risk Parity,0.01361402800700132
2021-05-14,Combined Risk Parity,0.01384884891039425
2021-05-17,Combined Risk Parity,-0.004013682705993927
2021-05-18,Combined Risk Parity,-0.0046592069325521795
2021-05-19,Combined Risk Parity,-0.025484841818550864
2021-05-20,Combined Risk Parity,0.020127814550008453
2021-05-21,Combined Risk Parity,-0.009669980093041057
2021-05-24,Combined Risk Parity,0.023032957208207232
2021-05-25,Combined Risk Parity,-0.004191115946852834
2021-05-26,Combined Risk Parity,0.007470228114533592
2021-05-27,Combined Risk Parity,-0.0027594090915257137
2021-05-28,Combined Risk Parity,-0.003448146386728278
2021-06-01,Combined Risk Parity,-0.0009090629912879376
2021-06-02,Combined Risk Parity,0.004067429191398566
2021-06-03,Combined Risk Parity,0.004497682020798782
2021-06-04,Combined Risk Parity,0.0023765323869789673
2021-06-07,Combined Risk Parity,-0.005970790955821176
2021-06-08,Combined Risk Parity,-0.0037350800943370165
2021-06-09,Combined Risk Parity,0.0031685832788267126
2021-06-10,Combined Risk Parity,0.0025894337424853487
2021-06-11,Combined Risk Parity,-0.0022264239346017783
2021-06-14,Combined Risk Parity,0.0005438186139586639
2021-06-15,Combined Risk Parity,-0.0021447101211127828
2021-06-16,Combined Risk Parity,-0.012705726260074272
2021-06-17,Combined Risk Parity,-0.003734186801243878
2021-06-18,Combined Risk Parity,-0.01659979227518354
2021-06-21,Combined Risk Parity,0.0032200398866666434
2021-06-22,Combined Risk Parity,-0.001352285457432953
2021-06-23,Combined Risk Parity,-3.545885367714995e-06
2021-06-24,Combined Risk Parity,0.00957567062768851
2021-06-25,Combined Risk Parity,0.0031865281288373033
2021-06-28,Combined Risk Parity,0.001965015559103791
2021-06-29,Combined Risk Parity,0.003054837284304842
2021-06-30,Combined Risk Parity,0.003957545427416125
2021-07-01,Combined Risk Parity,0.0020509419347347303
2021-07-02,Combined Risk Parity,0.004608288529286878
2021-07-06,Combined Risk Parity,-0.00397780328112556
2021-07-07,Combined Risk Parity,0.0008618553225370735
2021-07-08,Combined Risk Parity,-0.008521774086319992
2021-07-09,Combined Risk Parity,0.01098351685767057
2021-07-12,Combined Risk Parity,0.002637547558142726
2021-07-13,Combined Risk Parity,-0.0052030111062556575
2021-07-14,Combined Risk Parity,0.0014416322905495456
2021-07-15,Combined Risk Parity,-0.0012938841615873584
2021-07-16,Combined Risk Parity,-0.006360654824936888
2021-07-19,Combined Risk Parity,-0.01651436997834585
2021-07-20,Combined Risk Parity,0.006705164823468704
2021-07-21,Combined Risk Parity,0.009386090768412491
2021-07-22,Combined Risk Parity,0.0006948859585181261
2021-07-23,Combined Risk Parity,0.008207805569586423
2021-07-26,Combined Risk Parity,0.004521491761084843
2021-07-27,Combined Risk Parity,0.001029644765202088
2021-07-28,Combined Risk Parity,0.0019617927449849326
2021-07-29,Combined Risk Parity,0.004944730302836977
2021-07-30,Combined Risk Parity,-0.0026338728624854917
2021-08-02,Combined Risk Parity,-0.0011376867637980447
2021-08-03,Combined Risk Parity,0.0038354055565000896
2021-08-04,Combined Risk Parity,-0.00506130530185778
2021-08-05,Combined Risk Parity,0.0052728859008353765
2021-08-06,Combined Risk Parity,0.00249571022214147
2021-08-09,Combined Risk Parity,0.0010652686641369061
2021-08-10,Combined Risk Parity,0.004798905034460181
2021-08-11,Combined Risk Parity,0.009822195497889739
2021-08-12,Combined Risk Parity,0.001321170126268569
2021-08-13,Combined Risk Parity,0.007282699634334455
2021-08-16,Combined Risk Parity,-0.00027739129693727705
2021-08-17,Combined Risk Parity,-0.005294933280335277
2021-08-18,Combined Risk Parity,-0.010892747230163872
2021-08-19,Combined Risk Parity,0.001490840461007832
2021-08-20,Combined Risk Parity,0.007017017386424537
2021-08-23,Combined Risk Parity,0.006373306272801486
2021-08-24,Combined Risk Parity,-0.0038679700306234813
2021-08-25,Combined Risk Parity,0.00020751652300771007
2021-08-26,Combined Risk Parity,-0.008429080064944514
2021-08-27,Combined Risk Parity,0.010994832399687009
2021-08-30,Combined Risk Parity,-0.0004407032148451939
2021-08-31,Combined Risk Parity,0.0023559448021713354
2021-09-01,Combined Risk Parity,0.002747335706285846
2021-09-02,Combined Risk Parity,0.006220504897401553
2021-09-03,Combined Risk Parity,-0.0004336196900599124
2021-09-07,Combined Risk Parity,-0.01858758231222411
2021-09-08,Combined Risk Parity,0.001301474998039752
2021-09-09,Combined Risk Parity,-0.007519647571347844
2021-09-10,Combined Risk Parity,-0.006326986273557353
2021-09-13,Combined Risk Parity,0.0005773336035179767
2021-09-14,Combined Risk Parity,-0.005494278230012875
2021-09-15,Combined Risk Parity,0.007060537438581038
2021-09-16,Combined Risk Parity,-0.00557886660217843
2021-09-17,Combined Risk Parity,-0.011885871455755636
2021-09-20,Combined Risk Parity,-0.018581371978605446
2021-09-21,Combined Risk Parity,-0.004778079693177504
2021-09-22,Combined Risk Parity,0.010298535107871631
2021-09-23,Combined Risk Parity,0.008116092276396123
2021-09-24,Combined Risk Parity,-0.0060304291860762225
2021-09-27,Combined Risk Parity,-0.002551389287122198
2021-09-28,Combined Risk Parity,-0.011234920803732725
2021-09-29,Combined Risk Parity,0.006658657590162101
2021-09-30,Combined Risk Parity,-0.007176732002212287
2021-10-01,Combined Risk Parity,0.014119666783660523
2021-10-04,Combined Risk Parity,-0.002400904383621413
2021-10-05,Combined Risk Parity,0.005523716332590478
2021-10-06,Combined Risk Parity,0.003996118217643199
2021-10-07,Combined Risk Parity,0.0064602326709868535
2021-10-08,Combined Risk Parity,-0.002800057959699783
2021-10-11,Combined Risk Parity,-0.007510860266767325
2021-10-12,Combined Risk Parity,-0.0006314814157494847
2021-10-13,Combined Risk Parity,0.004981686008996652
2021-10-14,Combined Risk Parity,0.012321279328497954
2021-10-15,Combined Risk Parity,0.0035802749543522526
2021-10-18,Combined Risk Parity,-0.0013547249629001115
2021-10-19,Combined Risk Parity,0.01093490672777817
2021-10-20,Combined Risk Parity,0.011533237238659892
2021-10-21,Combined Risk Parity,0.0014957894272349058
2021-10-22,Combined Risk Parity,0.0011413244422869818
2021-10-25,Combined Risk Parity,0.005118368737559922
2021-10-26,Combined Risk Parity,0.0039701006089459395
2021-10-27,Combined Risk Parity,-0.016391039289238754
2021-10-28,Combined Risk Parity,0.010531271352848797
2021-10-29,Combined Risk Parity,-0.001668972786140546
2021-11-01,Combined Risk Parity,0.005141853571735508
2021-11-02,Combined Risk Parity,0.005965391766227989
2021-11-03,Combined Risk Parity,0.004966826579989645
2021-11-04,Combined Risk Parity,0.0025123343928639317
2021-11-05,Combined Risk Parity,-8.174283575006948e-05
2021-11-08,Combined Risk Parity,0.003855127279970054
2021-11-09,Combined Risk Parity,0.002412543393661902
2021-11-10,Combined Risk Parity,-0.0052897837139700265
2021-11-11,Combined Risk Parity,0.0009266245559067798
2021-11-12,Combined Risk Parity,0.001413709437421767
2021-11-15,Combined Risk Parity,-0.002120399802632892
2021-11-16,Combined Risk Parity,-0.004282677663034727
2021-11-17,Combined Risk Parity,-0.004127059281887566
2021-11-18,Combined Risk Parity,-0.004517982554769072
2021-11-19,Combined Risk Parity,-0.003873601212794703
2021-11-22,Combined Risk Parity,-0.0013679347980531172
2021-11-23,Combined Risk Parity,0.006990579351280763
2021-11-24,Combined Risk Parity,0.00037497038139258285
2021-11-26,Combined Risk Parity,-0.02026916502925745
2021-11-29,Combined Risk Parity,0.007203957729859756
2021-11-30,Combined Risk Parity,-0.021341824795899505
2021-12-01,Combined Risk Parity,-0.011564322605802705
2021-12-02,Combined Risk Parity,0.019014579028033465
2021-12-03,Combined Risk Parity,-0.0004616559782702758
2021-12-06,Combined Risk Parity,0.01416447703533713
2021-12-07,Combined Risk Parity,0.011277620480531577
2021-12-08,Combined Risk Parity,0.0013876977367379968
2021-12-09,Combined Risk Parity,-0.008062390759690676
2021-12-10,Combined Risk Parity,0.00436468714329513
2021-12-13,Combined Risk Parity,-0.004178801108015421
2021-12-14,Combined Risk Parity,-0.0019320635465506569
2021-12-15,Combined Risk Parity,0.01167111919876396
2021-12-16,Combined Risk Parity,0.004823883418425679
2021-12-17,Combined Risk Parity,-0.012063824801587271
2021-12-20,Combined Risk Parity,-0.004749697661734885
2021-12-21,Combined Risk Parity,0.011126694169610131
2021-12-22,Combined Risk Parity,0.005851944232755638
2021-12-23,Combined Risk Parity,0.0058431800608606714
2021-12-27,Combined Risk Parity,0.011706261187935203
2021-12-28,Combined Risk Parity,0.00010859631937489136
2021-12-29,Combined Risk Parity,0.00029647762070823743
2021-12-30,Combined Risk Parity,5.118194353028328e-05
2021-12-31,Combined Risk Parity,-0.001627986651107952
2022-01-03,Combined Risk Parity,0.0027898176608760223
2022-01-04,Combined Risk Parity,0.003966149252935108
2022-01-05,Combined Risk Parity,-0.010838235444533923
2022-01-06,Combined Risk Parity,-0.0011351203758753036
2022-01-07,Combined Risk Parity,0.0001727394065288767
2022-01-10,Combined Risk Parity,-0.006991532436905409
2022-01-11,Combined Risk Parity,0.0077775027630403535
2022-01-12,Combined Risk Parity,0.0048466110913619916
2022-01-13,Combined Risk Parity,-0.005429320244542686
2022-01-14,Combined Risk Parity,0.0005018740508664616
2022-01-18,Combined Risk Parity,-0.00963425558585595
2022-01-19,Combined Risk Parity,-0.004959535611616919
2022-01-20,Combined Risk Parity,-0.011805640086536373
2022-01-21,Combined Risk Parity,-0.013475270039790627
2022-01-24,Combined Risk Parity,-0.0002870450959248865
2022-01-25,Combined Risk Parity,-0.004498627120544446
2022-01-26,Combined Risk Parity,-0.010277594164915334
2022-01-27,Combined Risk Parity,-0.002904766357851052
2022-01-28,Combined Risk Parity,0.018037414560486558
2022-01-31,Combined Risk Parity,0.012747948457501006
2022-02-01,Combined Risk Parity,0.006884610279399898
2022-02-02,Combined Risk Parity,0.008160642531048309
2022-02-03,Combined Risk Parity,-0.007455958743980122
2022-02-04,Combined Risk Parity,0.0008395812462874912
2022-02-07,Combined Risk Parity,0.0037966463521790905
2022-02-08,Combined Risk Parity,0.0030271296747691446
2022-02-09,Combined Risk Parity,0.01054755098510262
2022-02-10,Combined Risk Parity,-0.018270367113303064
2022-02-11,Combined Risk Parity,-0.010212080983762235
2022-02-14,Combined Risk Parity,-0.006062702848779281
2022-02-15,Combined Risk Parity,0.009291734246573036
2022-02-16,Combined Risk Parity,-0.001391895841971956
2022-02-17,Combined Risk Parity,-0.014818468959069362
2022-02-18,Combined Risk Parity,-0.00719774250830478
2022-02-22,Combined Risk Parity,-0.0035143381722044253
2022-02-23,Combined Risk Parity,-0.01056462178785355
2022-02-24,Combined Risk Parity,0.004885341441456454
2022-02-25,Combined Risk Parity,0.026260815926770112
2022-02-28,Combined Risk Parity,-7.586428308577604e-05
2022-03-01,Combined Risk Parity,-0.00984161592395998
2022-03-02,Combined Risk Parity,0.015869167920573968
2022-03-03,Combined Risk Parity,0.0018549412580521768
2022-03-04,Combined Risk Parity,0.0010937273446597086
2022-03-07,Combined Risk Parity,-0.0134903068480312
2022-03-08,Combined Risk Parity,-0.006778376768072055
2022-03-09,Combined Risk Parity,0.013630134556551628
2022-03-10,Combined Risk Parity,-0.0021661593006746488
2022-03-11,Combined Risk Parity,-0.007088279713038475
2022-03-14,Combined Risk Parity,-0.0061961081620449145
2022-03-15,Combined Risk Parity,0.008957851327425942
2022-03-16,Combined Risk Parity,0.01378034956083534
2022-03-17,Combined Risk Parity,0.012885079787704853
2022-03-18,Combined Risk Parity,0.004371278807234159
2022-03-21,Combined Risk Parity,0.0034130193155056695
2022-03-22,Combined Risk Parity,0.007405806740745283
2022-03-23,Combined Risk Parity,-0.007978336617221655
2022-03-24,Combined Risk Parity,0.009571129386248031
2022-03-25,Combined Risk Parity,0.00859957817801318
2022-03-28,Combined Risk Parity,0.0029895992246811265
2022-03-29,Combined Risk Parity,0.01244902819533872
2022-03-30,Combined Risk Parity,-0.0016628644426324541
2022-03-31,Combined Risk Parity,-0.013154260948308565
2022-04-01,Combined Risk Parity,0.008294563419028605
2022-04-04,Combined Risk Parity,0.0008619139895999597
2022-04-05,Combined Risk Parity,-0.007846351353551488
2022-04-06,Combined Risk Parity,7.508228694516118e-05
2022-04-07,Combined Risk Parity,0.0032855464064951456
2022-04-08,Combined Risk Parity,0.0020880124555479307
2022-04-11,Combined Risk Parity,-0.014335668235632372
2022-04-12,Combined Risk Parity,0.0006103660515454415
2022-04-13,Combined Risk Parity,0.008427979067365811
2022-04-14,Combined Risk Parity,-0.0018381180860757027
2022-04-18,Combined Risk Parity,-0.00043139886113717474
2022-04-19,Combined Risk Parity,0.01122633493087523
2022-04-20,Combined Risk Parity,0.0023191408385054815
2022-04-21,Combined Risk Parity,-0.01150815763758499
2022-04-22,Combined Risk Parity,-0.02050970017051096
2022-04-25,Combined Risk Parity,-0.0021692267448494215
2022-04-26,Combined Risk Parity,-0.019966697537671902
2022-04-27,Combined Risk Parity,0.0012494794510279226
2022-04-28,Combined Risk Parity,0.015575437984618903
2022-04-29,Combined Risk Parity,-0.033965650362241265
2022-05-02,Combined Risk Parity,0.0008354551511402703
2022-05-03,Combined Risk Parity,0.004435741058893913
2022-05-04,Combined Risk Parity,0.030889153739692476
2022-05-05,Combined Risk Parity,-0.024156085722287068
2022-05-06,Combined Risk Parity,-0.0028126220269431373
2022-05-09,Combined Risk Parity,-0.033948092759592714
2022-05-10,Combined Risk Parity,-0.004446034920664161
2022-05-11,Combined Risk Parity,-0.006823921611032409
2022-05-12,Combined Risk Parity,0.000991204836494386
2022-05-13,Combined Risk Parity,0.01993082474889675
2022-05-16,Combined Risk Parity,-0.00012105057470418392
2022-05-17,Combined Risk Parity,0.015014477240909999
2022-05-18,Combined Risk Parity,-0.027426675855919107
2022-05-19,Combined Risk Parity,0.0002983392894817285
2022-05-20,Combined Risk Parity,0.0013144270899745221
2022-05-23,Combined Risk Parity,0.014755222415007787
2022-05-24,Combined Risk Parity,0.006343276022025929
2022-05-25,Combined Risk Parity,0.006143336128734501
2022-05-26,Combined Risk Parity,0.007685585958738195
2022-05-27,Combined Risk Parity,0.01473939675124279
2022-05-31,Combined Risk Parity,-0.00722877694424498
2022-06-01,Combined Risk Parity,-0.008215207145531134
2022-06-02,Combined Risk Parity,0.012403246746296701
2022-06-03,Combined Risk Parity,-0.008310384410240203
2022-06-06,Combined Risk Parity,0.0007729024398341382
2022-06-07,Combined Risk Parity,0.00798187110367518
2022-06-08,Combined Risk Parity,-0.012559158855975262
2022-06-09,Combined Risk Parity,-0.021313819790649318
2022-06-10,Combined Risk Parity,-0.02191370124600598
2022-06-13,Combined Risk Parity,-0.04254588877718355
2022-06-14,Combined Risk Parity,-0.0085949225289255
2022-06-15,Combined Risk Parity,0.011672136067665177
2022-06-16,Combined Risk Parity,-0.02727757663477062
2022-06-17,Combined Risk Parity,-0.0017051953555378527
2022-06-21,Combined Risk Parity,0.02102170180819646
2022-06-22,Combined Risk Parity,-0.002048397002794486
2022-06-23,Combined Risk Parity,0.008916537601438472
2022-06-24,Combined Risk Parity,0.024546283238023256
2022-06-27,Combined Risk Parity,-0.0024803515886345135
2022-06-28,Combined Risk Parity,-0.011174600141158514
2022-06-29,Combined Risk Parity,-0.003187035687374699
2022-06-30,Combined Risk Parity,-0.0062236938432868975
2022-07-01,Combined Risk Parity,0.011364652687959718
2022-07-05,Combined Risk Parity,-0.007954968236169447
2022-07-06,Combined Risk Parity,0.0015064252516136761
2022-07-07,Combined Risk Parity,0.011120779775711997
2022-07-08,Combined Risk Parity,-0.0033199823969009695
2022-07-11,Combined Risk Parity,-0.007474927224474412
2022-07-12,Combined Risk Parity,-0.0056930562232769474
2022-07-13,Combined Risk Parity,-0.0008050243267700603
2022-07-14,Combined Risk Parity,-0.002648852450451984
2022-07-15,Combined Risk Parity,0.015875554277924035
2022-07-18,Combined Risk Parity,0.0002730992341208771
2022-07-19,Combined Risk Parity,0.021710805738289738
2022-07-20,Combined Risk Parity,-0.0039626552649038
2022-07-21,Combined Risk Parity,0.004971888356562698
2022-07-22,Combined Risk Parity,-0.002563058732966284
2022-07-25,Combined Risk Parity,-0.0027759926381712
2022-07-26,Combined Risk Parity,-0.002476246493308429
2022-07-27,Combined Risk Parity,0.013990626931045214
2022-07-28,Combined Risk Parity,0.01450494088962135
2022-07-29,Combined Risk Parity,0.00618964487609785
2022-08-01,Combined Risk Parity,-0.003203376316151502
2022-08-02,Combined Risk Parity,-0.009568032394108878
2022-08-03,Combined Risk Parity,0.0061645487711331545
2022-08-04,Combined Risk Parity,-0.002176889510940614
2022-08-05,Combined Risk Parity,0.0029208634177467037
2022-08-08,Combined Risk Parity,0.0025127280662788822
2022-08-09,Combined Risk Parity,-0.001196419994919001
2022-08-10,Combined Risk Parity,0.01589072600306163
2022-08-11,Combined Risk Parity,0.004057714241575661
2022-08-12,Combined Risk Parity,0.014512217541506745
2022-08-15,Combined Risk Parity,0.00396791261064107
2022-08-16,Combined Risk Parity,0.004368463189476765
2022-08-17,Combined Risk Parity,-0.007005137976156527
2022-08-18,Combined Risk Parity,0.0008884997596632807
2022-08-19,Combined Risk Parity,-0.012576151731501131
2022-08-22,Combined Risk Parity,-0.01480912095898039
2022-08-23,Combined Risk Parity,0.0004995425160505897
2022-08-24,Combined Risk Parity,0.0009755026901005379
2022-08-25,Combined Risk Parity,0.01121831635526934
2022-08-26,Combined Risk Parity,-0.028000321525395194
2022-08-29,Combined Risk Parity,-0.00029653637885444404
2022-08-30,Combined Risk Parity,-0.012964181712400482
2022-08-31,Combined Risk Parity,-0.005813145156819785
2022-09-01,Combined Risk Parity,0.005304090907462875
2022-09-02,Combined Risk Parity,-0.008820947498343671
2022-09-06,Combined Risk Parity,-0.007363696644647166
2022-09-07,Combined Risk Parity,0.019009852250395004
2022-09-08,Combined Risk Parity,0.004127619925641422
2022-09-09,Combined Risk Parity,0.015575333648610289
2022-09-12,Combined Risk Parity,0.007820714639164322
2022-09-13,Combined Risk Parity,-0.038341829045602335
2022-09-14,Combined Risk Parity,0.004645700097240581
2022-09-15,Combined Risk Parity,-0.016859456366632202
2022-09-16,Combined Risk Parity,-0.0032613217415547206
2022-09-19,Combined Risk Parity,0.0064537720724553655
2022-09-20,Combined Risk Parity,-0.01406643855750622
2022-09-21,Combined Risk Parity,-0.017502476469513042
2022-09-22,Combined Risk Parity,-0.0007473683197042422
2022-09-23,Combined Risk Parity,-0.01803847886097697
2022-09-26,Combined Risk Parity,-0.014100891744277307
2022-09-27,Combined Risk Parity,-0.006083054733465374
2022-09-28,Combined Risk Parity,0.019247549568318076
2022-09-29,Combined Risk Parity,-0.01681639316308376
2022-09-30,Combined Risk Parity,-0.014589065384289987
2022-10-03,Combined Risk Parity,0.029726772576459254
2022-10-04,Combined Risk Parity,0.026302677969245132
2022-10-05,Combined Risk Parity,-0.005178054324040367
2022-10-06,Combined Risk Parity,-0.01258670315587774
2022-10-07,Combined Risk Parity,-0.019566112596419216
2022-10-10,Combined Risk Parity,-0.005896337528056259
2022-10-11,Combined Risk Parity,-0.0016281765108033907
2022-10-12,Combined Risk Parity,-0.006855038201893518
2022-10-13,Combined Risk Parity,0.024634855319002055
2022-10-14,Combined Risk Parity,-0.014586136298297095
2022-10-17,Combined Risk Parity,0.01796676673492837
2022-10-18,Combined Risk Parity,0.010291083678925768
2022-10-19,Combined Risk Parity,-0.01023335889389221
2022-10-20,Combined Risk Parity,-0.004489142917693449
2022-10-21,Combined Risk Parity,0.02161063715670155
2022-10-24,Combined Risk Parity,0.007701310275337183
2022-10-25,Combined Risk Parity,0.017431530519179696
2022-10-26,Combined Risk Parity,0.008303764920216975
2022-10-27,Combined Risk Parity,-0.0014467394415658371
2022-10-28,Combined Risk Parity,0.023083888339986057
2022-10-31,Combined Risk Parity,-0.006422418523372738
2022-11-01,Combined Risk Parity,0.001072679947958205
2022-11-02,Combined Risk Parity,-0.01627600257092018
2022-11-03,Combined Risk Parity,-0.0017613353317344075
2022-11-04,Combined Risk Parity,0.020177352298744802
2022-11-07,Combined Risk Parity,0.005700876329090267
2022-11-08,Combined Risk Parity,-0.0019270807125772156
2022-11-09,Combined Risk Parity,-0.028278469148793433
2022-11-10,Combined Risk Parity,0.05175169855672765
2022-11-11,Combined Risk Parity,0.0049732092514584575
2022-11-14,Combined Risk Parity,-0.006016273778459314
2022-11-15,Combined Risk Parity,0.00939666170067896
2022-11-16,Combined Risk Parity,-0.007793907957333555
2022-11-17,Combined Risk Parity,-0.001506830687010786
2022-11-18,Combined Risk Parity,0.00642622880287717
2022-11-21,Combined Risk Parity,0.0010797378206802888
2022-11-22,Combined Risk Parity,0.014975843119475264
2022-11-23,Combined Risk Parity,0.00606491958142059
2022-11-25,Combined Risk Parity,0.0009833600483050088
2022-11-28,Combined Risk Parity,-0.016561430527997672
2022-11-29,Combined Risk Parity,0.004789807317885564
2022-11-30,Combined Risk Parity,0.022580322764736663
2022-12-01,Combined Risk Parity,-0.0013253833370813475
2022-12-02,Combined Risk Parity,0.002169848724272385
2022-12-05,Combined Risk Parity,-0.014363504837504421
2022-12-06,Combined Risk Parity,-0.00857092423702608
2022-12-07,Combined Risk Parity,-0.0013754394986820221
2022-12-08,Combined Risk Parity,0.0069853970308070695
2022-12-09,Combined Risk Parity,-0.010206034852924211
2022-12-12,Combined Risk Parity,0.013872497677996282
2022-12-13,Combined Risk Parity,0.008432609328209375
2022-12-14,Combined Risk Parity,-0.007101575146037184
2022-12-15,Combined Risk Parity,-0.019524488986541744
2022-12-16,Combined Risk Parity,-0.014174039201692138
2022-12-19,Combined Risk Parity,-0.0072073637857170345
2022-12-20,Combined Risk Parity,0.005275858005688107
2022-12-21,Combined Risk Parity,0.014083820066187039
2022-12-22,Combined Risk Parity,-0.007401756598238565
2022-12-23,Combined Risk Parity,0.006686008525486656
2022-12-27,Combined Risk Parity,0.0008972273011104367
2022-12-28,Combined Risk Parity,-0.01322304740654758
2022-12-29,Combined Risk Parity,0.010507791780103085
2022-12-30,Combined Risk Parity,-0.0019495873414632956
2023-01-03,Combined Risk Parity,0.0026703082525693545
2023-01-04,Combined Risk Parity,0.017132769097009785
2023-01-05,Combined Risk Parity,-0.006257596371943656
2023-01-06,Combined Risk Parity,0.021538478647065526
2023-01-09,Combined Risk Parity,-0.0012660632503118635
2023-01-10,Combined Risk Parity,0.00633653125948703
2023-01-11,Combined Risk Parity,0.009848992338269235
2023-01-12,Combined Risk Parity,0.005819163495772226
2023-01-13,Combined Risk Parity,0.005515207611202405
2023-01-17,Combined Risk Parity,-0.005340041446399929
2023-01-18,Combined Risk Parity,-0.01895294512144305
2023-01-19,Combined Risk Parity,-0.00352630847500531
2023-01-20,Combined Risk Parity,0.016638010693046223
2023-01-23,Combined Risk Parity,0.008615020993797263
2023-01-24,Combined Risk Parity,-0.005574249238179523
2023-01-25,Combined Risk Parity,0.004068977305446032
2023-01-26,Combined Risk Parity,0.0049938584409213015
2023-01-27,Combined Risk Parity,-0.0009210776640635987
2023-01-30,Combined Risk Parity,-0.010786494013385505
2023-01-31,Combined Risk Parity,0.011723704694691988
2023-02-01,Combined Risk Parity,0.003482282312276373
2023-02-02,Combined Risk Parity,-0.0030975819210850935
2023-02-03,Combined Risk Parity,-0.0098120577151354
2023-02-06,Combined Risk Parity,-0.004093132751371588
2023-02-07,Combined Risk Parity,0.011033036114422034
2023-02-08,Combined Risk Parity,-0.009634459131817093
2023-02-09,Combined Risk Parity,-0.012355003844891708
2023-02-10,Combined Risk Parity,0.0092688052808535
2023-02-13,Combined Risk Parity,0.00732972527346632
2023-02-14,Combined Risk Parity,-0.000778091554293329
2023-02-15,Combined Risk Parity,0.005292061445767599
2023-02-16,Combined Risk Parity,-0.014954148716183453
2023-02-17,Combined Risk Parity,0.004908988499395722
2023-02-21,Combined Risk Parity,-0.015142466980175092
2023-02-22,Combined Risk Parity,-0.005870431907231517
2023-02-23,Combined Risk Parity,0.0017805236899878555
2023-02-24,Combined Risk Parity,-0.01020510737283705
2023-02-27,Combined Risk Parity,0.0005382647521771354
2023-02-28,Combined Risk Parity,-0.006170126554051998
2023-03-01,Combined Risk Parity,0.0005934201412224941
2023-03-02,Combined Risk Parity,0.008666846793002116
2023-03-03,Combined Risk Parity,0.009028507201491495
2023-03-06,Combined Risk Parity,-0.0001240822118039023
2023-03-07,Combined Risk Parity,-0.016066162751068844
2023-03-08,Combined Risk Parity,-0.0013657377003002047
2023-03-09,Combined Risk Parity,-0.019686747274240496
2023-03-10,Combined Risk Parity,-0.010596295515629812
2023-03-13,Combined Risk Parity,0.002549531243094757
2023-03-14,Combined Risk Parity,0.012871319336292883
2023-03-15,Combined Risk Parity,-0.009921218323627605
2023-03-16,Combined Risk Parity,0.010717025123841203
2023-03-17,Combined Risk Parity,-0.006633765902579022
2023-03-20,Combined Risk Parity,0.008583603772587094
2023-03-21,Combined Risk Parity,0.01118615117373025
2023-03-22,Combined Risk Parity,-0.02186709920672338
2023-03-23,Combined Risk Parity,0.004724487335888913
2023-03-24,Combined Risk Parity,0.007268434471227433
2023-03-27,Combined Risk Parity,0.002983350972961985
2023-03-28,Combined Risk Parity,0.003951344261045114
2023-03-29,Combined Risk Parity,0.014730472121906923
2023-03-30,Combined Risk Parity,0.0038452167088662594
2023-03-31,Combined Risk Parity,0.01236154667673678
2023-04-03,Combined Risk Parity,0.0067619667665074264
2023-04-04,Combined Risk Parity,-0.0021883325638757875
2023-04-05,Combined Risk Parity,0.007098109634942404
2023-04-06,Combined Risk Parity,-0.00029642660905677823
2023-04-10,Combined Risk Parity,0.0036213734591174053
2023-04-11,Combined Risk Parity,0.002410530090437669
2023-04-12,Combined Risk Parity,-0.0016481670417356382
2023-04-13,Combined Risk Parity,0.008392518709747636
2023-04-14,Combined Risk Parity,-0.00433131205702291
2023-04-17,Combined Risk Parity,0.0022970199505028405
2023-04-18,Combined Risk Parity,0.0009715624079599034
2023-04-19,Combined Risk Parity,-0.0033292123924657645
2023-04-20,Combined Risk Parity,-0.007830168290893752
2023-04-21,Combined Risk Parity,-0.0020692272003203257
2023-04-24,Combined Risk Parity,0.0011566098835936742
2023-04-25,Combined Risk Parity,-0.009214809686472194
2023-04-26,Combined Risk Parity,-0.014363332494098413
2023-04-27,Combined Risk Parity,0.012557585341592426
2023-04-28,Combined Risk Parity,0.007105593092301702
2023-05-01,Combined Risk Parity,-0.0039205811093061555
2023-05-02,Combined Risk Parity,-0.013288995181074752
2023-05-03,Combined Risk Parity,-0.009199746026527834
2023-05-04,Combined Risk Parity,-0.004408419989767957
2023-05-05,Combined Risk Parity,0.015818714145777242
2023-05-08,Combined Risk Parity,-0.004130741824936725
2023-05-09,Combined Risk Parity,-0.002468600756310888
2023-05-10,Combined Risk Parity,-0.001450996500431719
2023-05-11,Combined Risk Parity,-0.008657222201380373
2023-05-12,Combined Risk Parity,0.00043423916789597837
2023-05-15,Combined Risk Parity,0.002698181669392521
2023-05-16,Combined Risk Parity,-0.014592920265136979
2023-05-17,Combined Risk Parity,0.00948917558499218
2023-05-18,Combined Risk Parity,0.002046378101259431
2023-05-19,Combined Risk Parity,-0.0009911901759291134
2023-05-22,Combined Risk Parity,0.0005531490509539786
2023-05-23,Combined Risk Parity,-0.005381667660248811
2023-05-24,Combined Risk Parity,-0.010451627482306587
2023-05-25,Combined Risk Parity,-0.005544194125849314
2023-05-26,Combined Risk Parity,0.00601355516302635
2023-05-30,Combined Risk Parity,-0.0017699614002699483
2023-05-31,Combined Risk Parity,-0.0021668638220029095
2023-06-01,Combined Risk Parity,0.001572048347056441
2023-06-02,Combined Risk Parity,0.01906911657705576
2023-06-05,Combined Risk Parity,-0.007826872434240633
2023-06-06,Combined Risk Parity,0.0041884678696402005
2023-06-07,Combined Risk Parity,0.004576068701049196
2023-06-08,Combined Risk Parity,0.004738175144068821
2023-06-09,Combined Risk Parity,-0.0038032504522357707
2023-06-12,Combined Risk Parity,0.00276629223053505
2023-06-13,Combined Risk Parity,0.005971910519721632
2023-06-14,Combined Risk Parity,-0.004375180980508226
2023-06-15,Combined Risk Parity,0.010170567037977175
2023-06-16,Combined Risk Parity,0.0021028585415676197
2023-06-20,Combined Risk Parity,-0.008161204189133749
2023-06-21,Combined Risk Parity,0.004374236240263806
2023-06-22,Combined Risk Parity,-0.003422004944725791
2023-06-23,Combined Risk Parity,-0.0005440237472236264
2023-06-26,Combined Risk Parity,0.006215113780372113
2023-06-27,Combined Risk Parity,0.006517236712870831
2023-06-28,Combined Risk Parity,-0.00527714492545695
2023-06-29,Combined Risk Parity,0.00765023908155443
2023-06-30,Combined Risk Parity,0.015447398518430301
2023-07-03,Combined Risk Parity,0.004596025453787847
2023-07-05,Combined Risk Parity,-0.0035212929311344643
2023-07-06,Combined Risk Parity,-0.012844570001617891
2023-07-07,Combined Risk Parity,-0.000385024863110173
2023-07-10,Combined Risk Parity,0.004951975803396984
2023-07-11,Combined Risk Parity,0.011719726311345963
2023-07-12,Combined Risk Parity,0.005615986176921577
2023-07-13,Combined Risk Parity,0.021723876184208974
2023-07-14,Combined Risk Parity,-0.00997010396736103
2023-07-17,Combined Risk Parity,-0.0052440935968485775
2023-07-18,Combined Risk Parity,0.004515994886887197
2023-07-19,Combined Risk Parity,0.008834785132996351
2023-07-20,Combined Risk Parity,0.005211080671602383
2023-07-21,Combined Risk Parity,0.005036322670866529
2023-07-24,Combined Risk Parity,0.00034370111495887035
2023-07-25,Combined Risk Parity,0.0016940532848886561
2023-07-26,Combined Risk Parity,0.003317806034228136
2023-07-27,Combined Risk Parity,-0.0044334375780244
2023-07-28,Combined Risk Parity,0.003662492813889753
2023-07-31,Combined Risk Parity,0.0006172701558734501
2023-08-01,Combined Risk Parity,-0.003796510511557532
2023-08-02,Combined Risk Parity,-0.013321713450890688
2023-08-03,Combined Risk Parity,-0.006652872053512647
2023-08-04,Combined Risk Parity,-0.002867022681717732
2023-08-07,Combined Risk Parity,0.008840368907163193
2023-08-08,Combined Risk Parity,-0.0008449114507013743
2023-08-09,Combined Risk Parity,-0.00054075716222008
2023-08-10,Combined Risk Parity,-0.00011465173642162093
2023-08-11,Combined Risk Parity,0.0027506277950767296
2023-08-14,Combined Risk Parity,0.000517877237135998
2023-08-15,Combined Risk Parity,-0.013102329333720566
2023-08-16,Combined Risk Parity,-0.009537830332942202
2023-08-17,Combined Risk Parity,-0.011520689912523176
2023-08-18,Combined Risk Parity,0.0019828854408690797
2023-08-21,Combined Risk Parity,-0.0024256869913740473
2023-08-22,Combined Risk Parity,-0.005366288591833636
2023-08-23,Combined Risk Parity,0.009323428292716244
2023-08-24,Combined Risk Parity,-0.011014605677154548
2023-08-25,Combined Risk Parity,0.0042714015624390235
2023-08-28,Combined Risk Parity,0.005697979683626095
2023-08-29,Combined Risk Parity,0.014573132602523048
2023-08-30,Combined Risk Parity,-0.0007189408914942121
2023-08-31,Combined Risk Parity,-0.006915069228773986
2023-09-01,Combined Risk Parity,0.001851951351291444
2023-09-05,Combined Risk Parity,-0.008970986390559408
2023-09-06,Combined Risk Parity,-0.0034983897257327176
2023-09-07,Combined Risk Parity,0.002816916315356949
2023-09-08,Combined Risk Parity,0.003073071507579732
2023-09-11,Combined Risk Parity,0.00015114206268587683
2023-09-12,Combined Risk Parity,0.003935912959320375
2023-09-13,Combined Risk Parity,0.0006175688392506039
2023-09-14,Combined Risk Parity,0.012866403617673133
2023-09-15,Combined Risk Parity,-0.006946772305471158
2023-09-18,Combined Risk Parity,0.0017074582723246676
2023-09-19,Combined Risk Parity,-0.0019208189579753754
2023-09-20,Combined Risk Parity,-0.003787133538817527
2023-09-21,Combined Risk Parity,-0.017181933378634003
2023-09-22,Combined Risk Parity,-0.0028794195210670027
2023-09-25,Combined Risk Parity,0.002067657829740119
2023-09-26,Combined Risk Parity,-0.010403487538033157
2023-09-27,Combined Risk Parity,-0.001837107990759387
2023-09-28,Combined Risk Parity,0.0045563816412362585
2023-09-29,Combined Risk Parity,-0.0016749330310705448
2023-10-02,Combined Risk Parity,-0.015404739388497396
2023-10-03,Combined Risk Parity,-0.007025975747865119
2023-10-04,Combined Risk Parity,0.0011032219375667683
2023-10-05,Combined Risk Parity,-0.0032536251390190888
2023-10-06,Combined Risk Parity,0.009233236333920546
2023-10-09,Combined Risk Parity,0.005643866185364653
2023-10-10,Combined Risk Parity,0.006733018239548853
2023-10-11,Combined Risk Parity,0.0025258121225479914
2023-10-12,Combined Risk Parity,-0.008013752805312096
2023-10-13,Combined Risk Parity,0.002806525070705233
2023-10-16,Combined Risk Parity,0.011035476111348736
2023-10-17,Combined Risk Parity,0.0011710857145868416
2023-10-18,Combined Risk Parity,-0.011993919105134929
2023-10-19,Combined Risk Parity,-0.00700512201660613
2023-10-20,Combined Risk Parity,-0.004551021765088331
2023-10-23,Combined Risk Parity,-0.0011895432445633144
2023-10-24,Combined Risk Parity,0.010153603967974505
2023-10-25,Combined Risk Parity,-0.008204236187122498
2023-10-26,Combined Risk Parity,-0.0014772523536128025
2023-10-27,Combined Risk Parity,-0.012552844196038783
2023-10-30,Combined Risk Parity,0.009375808683366444
2023-10-31,Combined Risk Parity,0.00542052233014933
2023-11-01,Combined Risk Parity,0.006113076728385936
2023-11-02,Combined Risk Parity,0.020321832338546893
2023-11-03,Combined Risk Parity,0.009925809216575925
2023-11-06,Combined Risk Parity,-0.0012322344034722088
2023-11-07,Combined Risk Parity,-0.00431663552699622
2023-11-08,Combined Risk Parity,-0.0007803987168203431
2023-11-09,Combined Risk Parity,-0.008045437578836816
2023-11-10,Combined Risk Parity,0.009850164893673848
2023-11-13,Combined Risk Parity,-0.001974003051319797
2023-11-14,Combined Risk Parity,0.016670284913668846
2023-11-15,Combined Risk Parity,0.007381074093680078
2023-11-16,Combined Risk Parity,-0.0031022340441450645
2023-11-17,Combined Risk Parity,0.002312300132207043
2023-11-20,Combined Risk Parity,0.0026978042038058527
2023-11-21,Combined Risk Parity,-0.0054027988660063425
2023-11-22,Combined Risk Parity,0.005217438291052078
2023-11-24,Combined Risk Parity,0.0033246889956224388
2023-11-27,Combined Risk Parity,-0.0018574184474679852
2023-11-28,Combined Risk Parity,0.002211759003006326
2023-11-29,Combined Risk Parity,0.0033004563862777388
2023-11-30,Combined Risk Parity,0.006808131047790117
2023-12-01,Combined Risk Parity,0.009489517730798983
2023-12-04,Combined Risk Parity,0.001648477904575208
2023-12-05,Combined Risk Parity,-0.001728844806954143
2023-12-06,Combined Risk Parity,5.567782408279925e-05
2023-12-07,Combined Risk Parity,0.00480750434811526
2023-12-08,Combined Risk Parity,0.0059892411622428565
2023-12-11,Combined Risk Parity,0.00035813373695004543
2023-12-12,Combined Risk Parity,0.0015189956202866376
2023-12-13,Combined Risk Parity,0.02097538923034609
2023-12-14,Combined Risk Parity,0.009928296787762858
2023-12-15,Combined Risk Parity,-0.007345117748887147
2023-12-18,Combined Risk Parity,-0.00012429060146113238
2023-12-19,Combined Risk Parity,0.005266215896275544
2023-12-20,Combined Risk Parity,-0.011082126696047726
2023-12-21,Combined Risk Parity,0.009230256751228969
2023-12-22,Combined Risk Parity,0.004492377593652731
2023-12-26,Combined Risk Parity,0.002823664192918703
2023-12-27,Combined Risk Parity,0.006255713356473544
2023-12-28,Combined Risk Parity,0.0007313893155664491
2023-12-29,Combined Risk Parity,-0.003631170423364878
2021-01-04,Combined Equal Weight,-0.0038907547941801576
2021-01-05,Combined Equal Weight,0.018120376539992045
2021-01-06,Combined Equal Weight,0.04018247716107984
2021-01-07,Combined Equal Weight,0.010143704534638191
2021-01-08,Combined Equal Weight,0.0012208607118854044
2021-01-11,Combined Equal Weight,-0.02152422578249631
2021-01-12,Combined Equal Weight,-0.0006109898860971225
2021-01-13,Combined Equal Weight,0.013803567861465395
2021-01-14,Combined Equal Weight,0.005860779073975743
2021-01-15,Combined Equal Weight,-0.01549532333694095
2021-01-19,Combined Equal Weight,0.007634480717274239
2021-01-20,Combined Equal Weight,0.005661901921990959
2021-01-21,Combined Equal Weight,-0.027791277934350513
2021-01-22,Combined Equal Weight,0.007759507727108147
2021-01-25,Combined Equal Weight,-0.0020777196750773343
2021-01-26,Combined Equal Weight,-0.004617090510871493
2021-01-27,Combined Equal Weight,-0.03390197079643124
2021-01-28,Combined Equal Weight,0.024511344724528247
2021-01-29,Combined Equal Weight,-0.0076170751428229
2021-02-01,Combined Equal Weight,0.010204431715737181
2021-02-02,Combined Equal Weight,0.021403561784053605
2021-02-03,Combined Equal Weight,0.009427809957152512
2021-02-04,Combined Equal Weight,0.004677017929212065
2021-02-05,Combined Equal Weight,0.01929836944865081
2021-02-08,Combined Equal Weight,0.02434997490930227
2021-02-09,Combined Equal Weight,0.008633479616969735
2021-02-10,Combined Equal Weight,0.008348949512855613
2021-02-11,Combined Equal Weight,0.012119537999230363
2021-02-12,Combined Equal Weight,0.012771234706878482
2021-02-16,Combined Equal Weight,8.878331594455713e-05
2021-02-17,Combined Equal Weight,0.00907787279586501
2021-02-18,Combined Equal Weight,-0.004446512107421033
2021-02-19,Combined Equal Weight,0.009084852155601876
2021-02-22,Combined Equal Weight,-0.00868332831267409
2021-02-23,Combined Equal Weight,-0.02610771316507361
2021-02-24,Combined Equal Weight,0.01875870301090632
2021-02-25,Combined Equal Weight,-0.024130059591711495
2021-02-26,Combined Equal Weight,-0.010366431104046591
2021-03-01,Combined Equal Weight,0.027648109503017663
2021-03-02,Combined Equal Weight,-0.004995095667853328
2021-03-03,Combined Equal Weight,-0.0003332089387182882
2021-03-04,Combined Equal Weight,-0.009153766461762134
2021-03-05,Combined Equal Weight,0.013226334721981788
2021-03-08,Combined Equal Weight,0.004461557087061157
2021-03-09,Combined Equal Weight,0.013254338704809365
2021-03-10,Combined Equal Weight,0.003480025766252346
2021-03-11,Combined Equal Weight,0.004812708500153618
2021-03-12,Combined Equal Weight,0.0025552918773153036
2021-03-15,Combined Equal Weight,-0.0011713058424096998
2021-03-16,Combined Equal Weight,0.007015489487125954
2021-03-17,Combined Equal Weight,0.006925596336963362
2021-03-18,Combined Equal Weight,-0.01504850789771685
2021-03-19,Combined Equal Weight,-0.0007063611481626301
2021-03-22,Combined Equal Weight,-0.00010487066879600693
2021-03-23,Combined Equal Weight,-0.0055651151834878385
2021-03-24,Combined Equal Weight,-0.013883901971090518
2021-03-25,Combined Equal Weight,0.00575361294981287
2021-03-26,Combined Equal Weight,0.03094468102817685
2021-03-29,Combined Equal Weight,0.00720851876096163
2021-03-30,Combined Equal Weight,-0.0005418116981099119
2021-03-31,Combined Equal Weight,0.010304119991946515
2021-04-01,Combined Equal Weight,0.014672578757863942
2021-04-05,Combined Equal Weight,0.023081966962157613
2021-04-06,Combined Equal Weight,0.0059664400990261214
2021-04-07,Combined Equal Weight,-0.013625912450554611
2021-04-08,Combined Equal Weight,0.010035511307399434
2021-04-09,Combined Equal Weight,-0.002264637608147718
2021-04-12,Combined Equal Weight,-0.00014566428523633715
2021-04-13,Combined Equal Weight,0.0197269451628339
2021-04-14,Combined Equal Weight,0.007179858177289758
2021-04-15,Combined Equal Weight,0.018026410097255228
2021-04-16,Combined Equal Weight,0.010810640530123875
2021-04-19,Combined Equal Weight,-0.013429808386374403
2021-04-20,Combined Equal Weight,-0.0017194123355581932
2021-04-21,Combined Equal Weight,0.0020527523406248726
2021-04-22,Combined Equal Weight,-0.01619857718772049
2021-04-23,Combined Equal Weight,0.004644271415590373
2021-04-26,Combined Equal Weight,0.026003937241607527
2021-04-27,Combined Equal Weight,0.007995005006577837
2021-04-28,Combined Equal Weight,0.0006928192729146093
2021-04-29,Combined Equal Weight,0.005640496360681096
2021-04-30,Combined Equal Weight,0.007084977550949063
2021-05-03,Combined Equal Weight,0.015444054543423336
2021-05-04,Combined Equal Weight,-0.005648499007211
2021-05-05,Combined Equal Weight,0.043723330868181844
2021-05-06,Combined Equal Weight,0.022550097273660648
2021-05-07,Combined Equal Weight,0.001800001640671186
2021-05-10,Combined Equal Weight,-0.014161891036241457
2021-05-11,Combined Equal Weight,0.012826295389902966
2021-05-12,Combined Equal Weight,-0.04312851663134941
2021-05-13,Combined Equal Weight,0.01742943796387151
2021-05-14,Combined Equal Weight,0.020617598770978456
2021-05-17,Combined Equal Weight,-0.00844274429178517
2021-05-18,Combined Equal Weight,-0.0043586035107385755
2021-05-19,Combined Equal Weight,-0.05502496853780313
2021-05-20,Combined Equal Weight,0.0316634356068711
2021-05-21,Combined Equal Weight,-0.021497824737603276
2021-05-24,Combined Equal Weight,0.047287331314570705
2021-05-25,Combined Equal Weight,-0.004097105160568199
2021-05-26,Combined Equal Weight,0.014872081029443268
2021-05-27,Combined Equal Weight,-0.003959701442402557
2021-05-28,Combined Equal Weight,-0.011492925379301376
2021-06-01,Combined Equal Weight,0.0019320991050394568
2021-06-02,Combined Equal Weight,0.005887695082374622
2021-06-03,Combined Equal Weight,0.00697570170959455
2021-06-04,Combined Equal Weight,-0.006163965303206661
2021-06-07,Combined Equal Weight,-0.015368342643534448
2021-06-08,Combined Equal Weight,-0.0023711545670709777
2021-06-09,Combined Equal Weight,0.0073027072576986665
2021-06-10,Combined Equal Weight,-0.004799715458690142
2021-06-11,Combined Equal Weight,-0.005929566468440189
2021-06-14,Combined Equal Weight,0.0007492351693836757
2021-06-15,Combined Equal Weight,0.0008401618357091983
2021-06-16,Combined Equal Weight,-0.01824447264472362
2021-06-17,Combined Equal Weight,-0.005570700136612286
2021-06-18,Combined Equal Weight,-0.02218297042893265
2021-06-21,Combined Equal Weight,-0.017547477815348333
2021-06-22,Combined Equal Weight,-0.004652135019746895
2021-06-23,Combined Equal Weight,0.0114251516164361
2021-06-24,Combined Equal Weight,0.01693102791334944
2021-06-25,Combined Equal Weight,-0.006932437710560354
2021-06-28,Combined Equal Weight,0.0017426400271460013
2021-06-29,Combined Equal Weight,0.012414481983307891
2021-06-30,Combined Equal Weight,0.005368765226058119
2021-07-01,Combined Equal Weight,-0.0033192767515803833
2021-07-02,Combined Equal Weight,0.004263327713458632
2021-07-06,Combined Equal Weight,-0.004212575069847085
2021-07-07,Combined Equal Weight,-0.002181279266246696
2021-07-08,Combined Equal Weight,-0.01410093136860779
2021-07-09,Combined Equal Weight,0.015525252970304146
2021-07-12,Combined Equal Weight,6.6660121256945256e-06
2021-07-13,Combined Equal Weight,-0.009426809800300116
2021-07-14,Combined Equal Weight,-0.00025849365444602005
2021-07-15,Combined Equal Weight,-0.006653536534465437
2021-07-16,Combined Equal Weight,-0.011967131418521895
2021-07-19,Combined Equal Weight,-0.02245957039543941
2021-07-20,Combined Equal Weight,0.002858625921950135
2021-07-21,Combined Equal Weight,0.022601742030328022
2021-07-22,Combined Equal Weight,0.004775657305063478
2021-07-23,Combined Equal Weight,0.009348842887017789
2021-07-26,Combined Equal Weight,0.008748477236540465
2021-07-27,Combined Equal Weight,0.002717867987850973
2021-07-28,Combined Equal Weight,0.00635380484284413
2021-07-29,Combined Equal Weight,0.008348407885710781
2021-07-30,Combined Equal Weight,0.00028231737218043667
2021-08-02,Combined Equal Weight,-0.0004144954999887856
2021-08-03,Combined Equal Weight,0.0028984554738739313
2021-08-04,Combined Equal Weight,-0.0006855822474707831
2021-08-05,Combined Equal Weight,0.006763876655075019
2021-08-06,Combined Equal Weight,0.006557461830400195
2021-08-09,Combined Equal Weight,0.006843418909327442
2021-08-10,Combined Equal Weight,0.00839153195052591
2021-08-11,Combined Equal Weight,0.017641084177718844
2021-08-12,Combined Equal Weight,-0.002135655200135237
2021-08-13,Combined Equal Weight,0.017674559383084754
2021-08-16,Combined Equal Weight,-0.008433254654068604
2021-08-17,Combined Equal Weight,-0.015290825753124779
2021-08-18,Combined Equal Weight,-0.008506412839214213
2021-08-19,Combined Equal Weight,0.0064703088836362815
2021-08-20,Combined Equal Weight,0.010881405382754462
2021-08-23,Combined Equal Weight,0.012042506748717808
2021-08-24,Combined Equal Weight,-0.009472567050769251
2021-08-25,Combined Equal Weight,0.0038713081381516177
2021-08-26,Combined Equal Weight,-0.016122481497608716
2021-08-27,Combined Equal Weight,0.02151123226674198
2021-08-30,Combined Equal Weight,-0.006425248361791524
2021-08-31,Combined Equal Weight,0.005361457888820467
2021-09-01,Combined Equal Weight,0.007531067699489176
2021-09-02,Combined Equal Weight,0.007735529282360307
2021-09-03,Combined Equal Weight,0.004866835916925921
2021-09-07,Combined Equal Weight,-0.03628095981293478
2021-09-08,Combined Equal Weight,-0.001571656024866978
2021-09-09,Combined Equal Weight,-0.004756211936891716
2021-09-10,Combined Equal Weight,-0.010110524390361903
2021-09-13,Combined Equal Weight,-0.002580416306756818
2021-09-14,Combined Equal Weight,-0.0014324195158687495
2021-09-15,Combined Equal Weight,0.012875051537632581
2021-09-16,Combined Equal Weight,-0.007803687345412979
2021-09-17,Combined Equal Weight,-0.014286215712741265
2021-09-20,Combined Equal Weight,-0.03329331545513273
2021-09-21,Combined Equal Weight,-0.010663478479630055
2021-09-22,Combined Equal Weight,0.025647581307518146
2021-09-23,Combined Equal Weight,0.012260223908901548
2021-09-24,Combined Equal Weight,-0.012367511550657524
2021-09-27,Combined Equal Weight,-0.0024383260660474325
2021-09-28,Combined Equal Weight,-0.014791132484124888
2021-09-29,Combined Equal Weight,0.00746668734471468
2021-09-30,Combined Equal Weight,-0.0017850033793431167
2021-10-01,Combined Equal Weight,0.024591481632230426
2021-10-04,Combined Equal Weight,-0.004760865119006868
2021-10-05,Combined Equal Weight,0.011263409404533147
2021-10-06,Combined Equal Weight,0.005299640659841376
2021-10-07,Combined Equal Weight,0.005638156018019543
2021-10-08,Combined Equal Weight,-0.002315084894826297
2021-10-11,Combined Equal Weight,-0.004783810819609661
2021-10-12,Combined Equal Weight,-0.004723113417267521
2021-10-13,Combined Equal Weight,0.008046235807029638
2021-10-14,Combined Equal Weight,0.012013720336223652
2021-10-15,Combined Equal Weight,0.007506264442978245
2021-10-18,Combined Equal Weight,-0.0006564281322926671
2021-10-19,Combined Equal Weight,0.010334411223166511
2021-10-20,Combined Equal Weight,0.015919467021704395
2021-10-21,Combined Equal Weight,-0.005106919703657935
2021-10-22,Combined Equal Weight,-0.0005606793506842661
2021-10-25,Combined Equal Weight,0.00820131279086554
2021-10-26,Combined Equal Weight,0.0020380461203450533
2021-10-27,Combined Equal Weight,-0.028659861087892754
2021-10-28,Combined Equal Weight,0.016269624424211402
2021-10-29,Combined Equal Weight,0.0023780289284411485
2021-11-01,Combined Equal Weight,0.00549653945551886
2021-11-02,Combined Equal Weight,0.009294275797061706
2021-11-03,Combined Equal Weight,0.006961779327564759
2021-11-04,Combined Equal Weight,-0.00045417958845015447
2021-11-05,Combined Equal Weight,0.00189779066858788
2021-11-08,Combined Equal Weight,0.013160514517736175
2021-11-09,Combined Equal Weight,0.009076821272139917
2021-11-10,Combined Equal Weight,-0.014626270437855955
2021-11-11,Combined Equal Weight,0.002818263951857184
2021-11-12,Combined Equal Weight,-0.0017091093745052724
2021-11-15,Combined Equal Weight,-0.0031997942733268006
2021-11-16,Combined Equal Weight,-0.014269076752689023
2021-11-17,Combined Equal Weight,-0.004503910391576134
2021-11-18,Combined Equal Weight,-0.012178625840402225
2021-11-19,Combined Equal Weight,0.0016083130038162296
2021-11-22,Combined Equal Weight,-0.004325466852728888
2021-11-23,Combined Equal Weight,0.010080833081749263
2021-11-24,Combined Equal Weight,-0.002837992481822486
2021-11-26,Combined Equal Weight,-0.029338476707881755
2021-11-29,Combined Equal Weight,0.008916650891831267
2021-11-30,Combined Equal Weight,-0.018449366912494755
2021-12-01,Combined Equal Weight,-0.011750985011291237
2021-12-02,Combined Equal Weight,0.018424546320772135
2021-12-03,Combined Equal Weight,-0.00989665005268462
2021-12-06,Combined Equal Weight,0.017967098671794034
2021-12-07,Combined Equal Weight,0.011524713550818215
2021-12-08,Combined Equal Weight,0.005738811185586795
2021-12-09,Combined Equal Weight,-0.017306547344091622
2021-12-10,Combined Equal Weight,-0.0017509506946767062
2021-12-13,Combined Equal Weight,-0.018475000626454335
2021-12-14,Combined Equal Weight,0.00037317725438743184
2021-12-15,Combined Equal Weight,0.01533648303075982
2021-12-16,Combined Equal Weight,-0.0014557751549373467
2021-12-17,Combined Equal Weight,-0.014493090540587995
2021-12-20,Combined Equal Weight,-0.006322349334487459
2021-12-21,Combined Equal Weight,0.017718322151441344
2021-12-22,Combined Equal Weight,0.005884459350951685
2021-12-23,Combined Equal Weight,0.01298087177425178
2021-12-27,Combined Equal Weight,0.011695336888605875
2021-12-28,Combined Equal Weight,-0.009558348712256833
2021-12-29,Combined Equal Weight,-0.004461703030257021
2021-12-30,Combined Equal Weight,0.001560136941005165
2021-12-31,Combined Equal Weight,-0.0034643943065615673
2022-01-03,Combined Equal Weight,0.003123160162046698
2022-01-04,Combined Equal Weight,0.00494542447656564
2022-01-05,Combined Equal Weight,-0.018520541664949264
2022-01-06,Combined Equal Weight,0.0003515469813984873
2022-01-07,Combined Equal Weight,-0.005573185878732739
2022-01-10,Combined Equal Weight,-0.010468008645634555
2022-01-11,Combined Equal Weight,0.014117589837793544
2022-01-12,Combined Equal Weight,0.01132489119099409
2022-01-13,Combined Equal Weight,-0.009911573013603521
2022-01-14,Combined Equal Weight,0.005830496410168117
2022-01-18,Combined Equal Weight,-0.011533023635334368
2022-01-19,Combined Equal Weight,-0.010489090579142503
2022-01-20,Combined Equal Weight,-0.01697219514854896
2022-01-21,Combined Equal Weight,-0.030061223982015495
2022-01-24,Combined Equal Weight,-0.0028541466834678063
2022-01-25,Combined Equal Weight,-0.002743071610998365
2022-01-26,Combined Equal Weight,-0.006530534848476082
2022-01-27,Combined Equal Weight,-0.004293893754328957
2022-01-28,Combined Equal Weight,0.0183096178597727
2022-01-31,Combined Equal Weight,0.014107319571363016
2022-02-01,Combined Equal Weight,0.012964162723813273
2022-02-02,Combined Equal Weight,0.0017817301239004546
2022-02-03,Combined Equal Weight,-0.00535646553699757
2022-02-04,Combined Equal Weight,0.013733646897065199
2022-02-07,Combined Equal Weight,0.013688791888446367
2022-02-08,Combined Equal Weight,0.0029371659880817287
2022-02-09,Combined Equal Weight,0.013799729865727303
2022-02-10,Combined Equal Weight,-0.018483629148971902
2022-02-11,Combined Equal Weight,-0.01848541179562176
2022-02-14,Combined Equal Weight,-0.0060964543324511615
2022-02-15,Combined Equal Weight,0.017944771341906928
2022-02-16,Combined Equal Weight,-0.0029439425950380242
2022-02-17,Combined Equal Weight,-0.02566904439235687
2022-02-18,Combined Equal Weight,-0.00830897428468353
2022-02-22,Combined Equal Weight,0.001014526227730404
2022-02-23,Combined Equal Weight,-0.013019673685019413
2022-02-24,Combined Equal Weight,0.005844886592826033
2022-02-25,Combined Equal Weight,0.028299068288828364
2022-02-28,Combined Equal Weight,0.014981012301147338
2022-03-01,Combined Equal Weight,-0.010226922298809876
2022-03-02,Combined Equal Weight,0.01332360970301258
2022-03-03,Combined Equal Weight,-0.003943445898772509
2022-03-04,Combined Equal Weight,-0.010092048189367153
2022-03-07,Combined Equal Weight,-0.017769087077544526
2022-03-08,Combined Equal Weight,-0.0005181088985887563
2022-03-09,Combined Equal Weight,0.02275385732553449
2022-03-10,Combined Equal Weight,-0.008283750117282968
2022-03-11,Combined Equal Weight,-0.005725738540850366
2022-03-14,Combined Equal Weight,-0.003629062472281808
2022-03-15,Combined Equal Weight,0.008665417098065818
2022-03-16,Combined Equal Weight,0.020116243438739863
2022-03-17,Combined Equal Weight,0.011785017412108275
2022-03-18,Combined Equal Weight,0.007895695606537636
2022-03-21,Combined Equal Weight,0.007010971569600106
2022-03-22,Combined Equal Weight,0.015103216163539686
2022-03-23,Combined Equal Weight,-0.006049250070386995
2022-03-24,Combined Equal Weight,0.013068632416285838
2022-03-25,Combined Equal Weight,0.005595401879406858
2022-03-28,Combined Equal Weight,0.0014474188611262042
2022-03-29,Combined Equal Weight,0.012684810195777252
2022-03-30,Combined Equal Weight,-0.0019830263042148024
2022-03-31,Combined Equal Weight,-0.017306133656382425
2022-04-01,Combined Equal Weight,0.007345515668125022
2022-04-04,Combined Equal Weight,0.0008953739066797081
2022-04-05,Combined Equal Weight,-0.013658704065118677
2022-04-06,Combined Equal Weight,-0.016328677696710422
2022-04-07,Combined Equal Weight,0.007364622930832038
2022-04-08,Combined Equal Weight,-0.004348636173546209
2022-04-11,Combined Equal Weight,-0.023264955744011717
2022-04-12,Combined Equal Weight,0.004007312985704973
2022-04-13,Combined Equal Weight,0.013787966587576849
2022-04-14,Combined Equal Weight,-0.005741101907638509
2022-04-18,Combined Equal Weight,0.004428319975481326
2022-04-19,Combined Equal Weight,0.014011769138049194
2022-04-20,Combined Equal Weight,-0.000765378509120579
2022-04-21,Combined Equal Weight,-0.013784294691622687
2022-04-22,Combined Equal Weight,-0.021214101715744404
2022-04-25,Combined Equal Weight,-0.00044088502730586316
2022-04-26,Combined Equal Weight,-0.028544543537565997
2022-04-27,Combined Equal Weight,0.004447883171157322
2022-04-28,Combined Equal Weight,0.016149437880903197
2022-04-29,Combined Equal Weight,-0.03535914037351934
2022-05-02,Combined Equal Weight,0.0030438634196666248
2022-05-03,Combined Equal Weight,0.003564029912301042
2022-05-04,Combined Equal Weight,0.04177919186906608
2022-05-05,Combined Equal Weight,-0.03567404621053816
2022-05-06,Combined Equal Weight,-0.0014604223199472903
2022-05-09,Combined Equal Weight,-0.05231015937226137
2022-05-10,Combined Equal Weight,0.0022894566308399125
2022-05-11,Combined Equal Weight,-0.026863850658016598
2022-05-12,Combined Equal Weight,-0.006284836576940928
2022-05-13,Combined Equal Weight,0.02971034348845338
2022-05-16,Combined Equal Weight,-0.008837458817569869
2022-05-17,Combined Equal Weight,0.02352217655826353
2022-05-18,Combined Equal Weight,-0.036568352952385266
2022-05-19,Combined Equal Weight,0.006398791311356195
2022-05-20,Combined Equal Weight,-0.00472162270689022
2022-05-23,Combined Equal Weight,0.010608109265878497
2022-05-24,Combined Equal Weight,0.005686548913250512
2022-05-25,Combined Equal Weight,0.005888223167806834
2022-05-26,Combined Equal Weight,0.0042446690341475385
2022-05-27,Combined Equal Weight,0.011565068511086298
2022-05-31,Combined Equal Weight,-0.004450962361167223
2022-06-01,Combined Equal Weight,-0.016220122078898152
2022-06-02,Combined Equal Weight,0.016240133807354812
2022-06-03,Combined Equal Weight,-0.01127140329199553
2022-06-06,Combined Equal Weight,0.004473021448710696
2022-06-07,Combined Equal Weight,0.006515504781820811
2022-06-08,Combined Equal Weight,-0.013009352302863542
2022-06-09,Combined Equal Weight,-0.020680984995779597
2022-06-10,Combined Equal Weight,-0.03016926038223657
2022-06-13,Combined Equal Weight,-0.054737652165409836
2022-06-14,Combined Equal Weight,-0.0034627853951064965
2022-06-15,Combined Equal Weight,0.019983917419261744
2022-06-16,Combined Equal Weight,-0.041892255552994244
2022-06-17,Combined Equal Weight,0.002732871883782613
2022-06-21,Combined Equal Weight,0.018731182956851004
2022-06-22,Combined Equal Weight,-0.008861850562642583
2022-06-23,Combined Equal Weight,0.0100016140490976
2022-06-24,Combined Equal Weight,0.030300955456340234
2022-06-27,Combined Equal Weight,-0.0037082095460848016
2022-06-28,Combined Equal Weight,-0.015119424936045182
2022-06-29,Combined Equal Weight,-0.006696225000566496
2022-06-30,Combined Equal Weight,-0.007535848717859894
2022-07-01,Combined Equal Weight,0.005155360012899511
2022-07-05,Combined Equal Weight,-0.008417589662965286
2022-07-06,Combined Equal Weight,0.0027449040675721625
2022-07-07,Combined Equal Weight,0.01812251090033878
2022-07-08,Combined Equal Weight,-0.004392454474492608
2022-07-11,Combined Equal Weight,-0.01564164553513321
2022-07-12,Combined Equal Weight,-0.007135968983798228
2022-07-13,Combined Equal Weight,0.004273844927175245
2022-07-14,Combined Equal Weight,0.00039546183623718
2022-07-15,Combined Equal Weight,0.01772329816929271
2022-07-18,Combined Equal Weight,0.015313114732142499
2022-07-19,Combined Equal Weight,0.025868757750962736
2022-07-20,Combined Equal Weight,-0.003828157409285748
2022-07-21,Combined Equal Weight,0.008552757200913889
2022-07-22,Combined Equal Weight,-0.005418183269914842
2022-07-25,Combined Equal Weight,-0.009139212362314906
2022-07-26,Combined Equal Weight,-0.0033364259038047364
2022-07-27,Combined Equal Weight,0.02792847365268602
2022-07-28,Combined Equal Weight,0.021607122134156633
2022-07-29,Combined Equal Weight,0.007116952121869635
2022-08-01,Combined Equal Weight,-0.003463816514591548
2022-08-02,Combined Equal Weight,-0.01125840552766689
2022-08-03,Combined Equal Weight,0.004307763973303617
2022-08-04,Combined Equal Weight,-0.0011084059539739493
2022-08-05,Combined Equal Weight,0.008947954951706028
2022-08-08,Combined Equal Weight,0.0037225810330289637
2022-08-09,Combined Equal Weight,-0.007945398147576594
2022-08-10,Combined Equal Weight,0.02228558638615794
2022-08-11,Combined Equal Weight,0.00711277305876338
2022-08-12,Combined Equal Weight,0.014744085826509507
2022-08-15,Combined Equal Weight,0.0008230034027234433
2022-08-16,Combined Equal Weight,0.002814440189481564
2022-08-17,Combined Equal Weight,-0.007798589889117788
2022-08-18,Combined Equal Weight,0.0004369317370867693
2022-08-19,Combined Equal Weight,-0.025355329437994716
2022-08-22,Combined Equal Weight,-0.01253747539978588
2022-08-23,Combined Equal Weight,0.004000658103116928
2022-08-24,Combined Equal Weight,0.00068845688620473
2022-08-25,Combined Equal Weight,0.013369768680934337
2022-08-26,Combined Equal Weight,-0.036080888455400716
2022-08-29,Combined Equal Weight,0.005030206035969886
2022-08-30,Combined Equal Weight,-0.015619484591487919
2022-08-31,Combined Equal Weight,-0.005587489685243131
2022-09-01,Combined Equal Weight,0.0034886436672656863
2022-09-02,Combined Equal Weight,-0.007112650662027258
2022-09-06,Combined Equal Weight,-0.01516233427813982
2022-09-07,Combined Equal Weight,0.02288835686256835
2022-09-08,Combined Equal Weight,0.006030335202376025
2022-09-09,Combined Equal Weight,0.021971926470323123
2022-09-12,Combined Equal Weight,0.0058284113141797095
2022-09-13,Combined Equal Weight,-0.045226225201349404
2022-09-14,Combined Equal Weight,0.006167148570890119
2022-09-15,Combined Equal Weight,-0.02152048385872654
2022-09-16,Combined Equal Weight,-0.0038641686411954733
2022-09-19,Combined Equal Weight,0.008872265784185427
2022-09-20,Combined Equal Weight,-0.01295688271740614
2022-09-21,Combined Equal Weight,-0.02065051287760758
2022-09-22,Combined Equal Weight,0.0034980863449201507
2022-09-23,Combined Equal Weight,-0.01666781993710253
2022-09-26,Combined Equal Weight,-0.012939298405620529
2022-09-27,Combined Equal Weight,-0.005605479284624966
2022-09-28,Combined Equal Weight,0.01753455203993805
2022-09-29,Combined Equal Weight,-0.012207247581198729
2022-09-30,Combined Equal Weight,-0.013137197439580911
2022-10-03,Combined Equal Weight,0.030449618306372543
2022-10-04,Combined Equal Weight,0.028809583357177364
2022-10-05,Combined Equal Weight,-0.0034065901150966233
2022-10-06,Combined Equal Weight,-0.010554134887437125
2022-10-07,Combined Equal Weight,-0.020280218445497645
2022-10-10,Combined Equal Weight,-0.012045546445742968
2022-10-11,Combined Equal Weight,-0.005794294732439904
2022-10-12,Combined Equal Weight,-0.004392407956616383
2022-10-13,Combined Equal Weight,0.021919988104568865
2022-10-14,Combined Equal Weight,-0.014943014408954005
2022-10-17,Combined Equal Weight,0.018691664879151738
2022-10-18,Combined Equal Weight,0.007318470900009659
2022-10-19,Combined Equal Weight,-0.010522088707603133
2022-10-20,Combined Equal Weight,-0.0039039696602135364
2022-10-21,Combined Equal Weight,0.022006824865926082
2022-10-24,Combined Equal Weight,0.003431330492379288
2022-10-25,Combined Equal Weight,0.022866863952870093
2022-10-26,Combined Equal Weight,0.008034988239200652
2022-10-27,Combined Equal Weight,-0.003632952115667946
2022-10-28,Combined Equal Weight,0.023573826986520476
2022-10-31,Combined Equal Weight,-0.006095718685837175
2022-11-01,Combined Equal Weight,0.0011665474279613675
2022-11-02,Combined Equal Weight,-0.01673441707622192
2022-11-03,Combined Equal Weight,0.0006162937564336262
2022-11-04,Combined Equal Weight,0.0269031608428341
2022-11-07,Combined Equal Weight,0.006391610036462396
2022-11-08,Combined Equal Weight,-0.013701324476817447
2022-11-09,Combined Equal Weight,-0.042062367229832656
2022-11-10,Combined Equal Weight,0.0675006791956451
2022-11-11,Combined Equal Weight,0.006815255597190178
2022-11-14,Combined Equal Weight,-0.003402631049289914
2022-11-15,Combined Equal Weight,0.010602315236801463
2022-11-16,Combined Equal Weight,-0.011701976878377256
2022-11-17,Combined Equal Weight,-0.0010528206157177627
2022-11-18,Combined Equal Weight,0.004579782972334326
2022-11-21,Combined Equal Weight,-0.0016089717037768834
2022-11-22,Combined Equal Weight,0.01870032919624996
2022-11-23,Combined Equal Weight,0.010489829245412906
2022-11-25,Combined Equal Weight,-0.0004737967332436474
2022-11-28,Combined Equal Weight,-0.01833949459053183
2022-11-29,Combined Equal Weight,0.006229594226936348
2022-11-30,Combined Equal Weight,0.0255155688875327
2022-12-01,Combined Equal Weight,-0.003572930901665892
2022-12-02,Combined Equal Weight,0.0027007363878619552
2022-12-05,Combined Equal Weight,-0.014665870362620128
2022-12-06,Combined Equal Weight,-0.009217703200675513
2022-12-07,Combined Equal Weight,-0.004218368396410738
2022-12-08,Combined Equal Weight,0.009516938329560378
2022-12-09,Combined Equal Weight,-0.00942279328702782
2022-12-12,Combined Equal Weight,0.013429631001319248
2022-12-13,Combined Equal Weight,0.01112670271869061
2022-12-14,Combined Equal Weight,-0.009161190736121408
2022-12-15,Combined Equal Weight,-0.021888844095310084
2022-12-16,Combined Equal Weight,-0.021319753226927002
2022-12-19,Combined Equal Weight,-0.010728852442311063
2022-12-20,Combined Equal Weight,0.00870012313657669
2022-12-21,Combined Equal Weight,0.014259856269343464
2022-12-22,Combined Equal Weight,-0.008621359750384592
2022-12-23,Combined Equal Weight,0.006277644466821742
2022-12-27,Combined Equal Weight,-0.0017391378059759654
2022-12-28,Combined Equal Weight,-0.015186776727050941
2022-12-29,Combined Equal Weight,0.011231947956177225
2022-12-30,Combined Equal Weight,-0.0014994889775808392
2023-01-03,Combined Equal Weight,0.0014249108631881687
2023-01-04,Combined Equal Weight,0.021530127426546655
2023-01-05,Combined Equal Weight,-0.008150576794457375
2023-01-06,Combined Equal Weight,0.023373257614875687
2023-01-09,Combined Equal Weight,0.004700037490849591
2023-01-10,Combined Equal Weight,0.00735110865966385
2023-01-11,Combined Equal Weight,0.013105328625998681
2023-01-12,Combined Equal Weight,0.010156315980829734
2023-01-13,Combined Equal Weight,0.008511948595626748
2023-01-17,Combined Equal Weight,-0.0041944376698762305
2023-01-18,Combined Equal Weight,-0.020443878262173084
2023-01-19,Combined Equal Weight,-0.0022733494822116656
2023-01-20,Combined Equal Weight,0.023514059303050755
2023-01-23,Combined Equal Weight,0.01302064324129035
2023-01-24,Combined Equal Weight,-0.00935320579502124
2023-01-25,Combined Equal Weight,0.006658235723298152
2023-01-26,Combined Equal Weight,0.006728874633475803
2023-01-27,Combined Equal Weight,0.0007719281474348102
2023-01-30,Combined Equal Weight,-0.016294006955992348
2023-01-31,Combined Equal Weight,0.013220029608013516
2023-02-01,Combined Equal Weight,0.009731505056982968
2023-02-02,Combined Equal Weight,-0.0005500485124867096
2023-02-03,Combined Equal Weight,-0.0083410692489316
2023-02-06,Combined Equal Weight,-0.006746947547876076
2023-02-07,Combined Equal Weight,0.015576413927813292
2023-02-08,Combined Equal Weight,-0.010476762630954598
2023-02-09,Combined Equal Weight,-0.017697535698175306
2023-02-10,Combined Equal Weight,0.006180523038854832
2023-02-13,Combined Equal Weight,0.00676179159726665
2023-02-14,Combined Equal Weight,0.004442089540639553
2023-02-15,Combined Equal Weight,0.011134968990990214
2023-02-16,Combined Equal Weight,-0.01891393728273206
2023-02-17,Combined Equal Weight,0.005827864390259856
2023-02-21,Combined Equal Weight,-0.017782639383102143
2023-02-22,Combined Equal Weight,-0.005864817854914084
2023-02-23,Combined Equal Weight,0.002609834842077689
2023-02-24,Combined Equal Weight,-0.01372627903693873
2023-02-27,Combined Equal Weight,0.0007106336017079125
2023-02-28,Combined Equal Weight,-0.005696637618743372
2023-03-01,Combined Equal Weight,0.0034743615811126615
2023-03-02,Combined Equal Weight,0.008291230851856667
2023-03-03,Combined Equal Weight,0.0071001747402618985
2023-03-06,Combined Equal Weight,-0.0021608539506573357
2023-03-07,Combined Equal Weight,-0.01578749718484145
2023-03-08,Combined Equal Weight,-0.001875277968040321
2023-03-09,Combined Equal Weight,-0.024536203840409703
2023-03-10,Combined Equal Weight,-0.011593807963097256
2023-03-13,Combined Equal Weight,0.004382789544936424
2023-03-14,Combined Equal Weight,0.015481833902104157
2023-03-15,Combined Equal Weight,-0.016728436592273462
2023-03-16,Combined Equal Weight,0.01486903532780614
2023-03-17,Combined Equal Weight,0.0007420631691404371
2023-03-20,Combined Equal Weight,0.00375146243901129
2023-03-21,Combined Equal Weight,0.019658805021547755
2023-03-22,Combined Equal Weight,-0.02484603845247792
2023-03-23,Combined Equal Weight,0.009246312215876316
2023-03-24,Combined Equal Weight,0.0018179527117647087
2023-03-27,Combined Equal Weight,0.00037268379532808254
2023-03-28,Combined Equal Weight,0.00631299467802165
2023-03-29,Combined Equal Weight,0.017745844831308602
2023-03-30,Combined Equal Weight,0.003797618035491044
2023-03-31,Combined Equal Weight,0.01412909388152939
2023-04-03,Combined Equal Weight,0.005473537217209086
2023-04-04,Combined Equal Weight,-0.002758518085318804
2023-04-05,Combined Equal Weight,0.0038483831842119694
2023-04-06,Combined Equal Weight,-0.001632453040931714
2023-04-10,Combined Equal Weight,0.0068584890585663754
2023-04-11,Combined Equal Weight,0.0027781488234734186
2023-04-12,Combined Equal Weight,-0.0026424747146835148
2023-04-13,Combined Equal Weight,0.009702366753600434
2023-04-14,Combined Equal Weight,-0.0022719367063586088
2023-04-17,Combined Equal Weight,0.0001852270661380701
2023-04-18,Combined Equal Weight,0.0036803527513123322
2023-04-19,Combined Equal Weight,-0.009925908423353686
2023-04-20,Combined Equal Weight,-0.008568364002944072
2023-04-21,Combined Equal Weight,-0.006889445400750232
2023-04-24,Combined Equal Weight,0.0004305062900748464
2023-04-25,Combined Equal Weight,-0.009650637567961994
2023-04-26,Combined Equal Weight,-0.012523996324433188
2023-04-27,Combined Equal Weight,0.01470703557001306
2023-04-28,Combined Equal Weight,0.008524585878158259
2023-05-01,Combined Equal Weight,-0.00570146063816566
2023-05-02,Combined Equal Weight,-0.011728617620718739
2023-05-03,Combined Equal Weight,-0.009008965374414554
2023-05-04,Combined Equal Weight,-0.006213969164150282
2023-05-05,Combined Equal Weight,0.01804464903028992
2023-05-08,Combined Equal Weight,-0.006554959489218449
2023-05-09,Combined Equal Weight,-0.0008714536635478388
2023-05-10,Combined Equal Weight,-0.001754988869366697
2023-05-11,Combined Equal Weight,-0.010958382402106738
2023-05-12,Combined Equal Weight,0.00040646252329820854
2023-05-15,Combined Equal Weight,0.0051931715604700895
2023-05-16,Combined Equal Weight,-0.01190408038703456
2023-05-17,Combined Equal Weight,0.01275165832915351
2023-05-18,Combined Equal Weight,0.002966872803571791
2023-05-19,Combined Equal Weight,-0.0015144502784157738
2023-05-22,Combined Equal Weight,0.0019826777328277086
2023-05-23,Combined Equal Weight,-0.0045412686415083345
2023-05-24,Combined Equal Weight,-0.012587796060454326
2023-05-25,Combined Equal Weight,0.0001796215698891928
2023-05-26,Combined Equal Weight,0.009530105655791186
2023-05-30,Combined Equal Weight,7.578433379529421e-05
2023-05-31,Combined Equal Weight,-0.005713966401747791
2023-06-01,Combined Equal Weight,0.0031227568803515173
2023-06-02,Combined Equal Weight,0.021328520412707674
2023-06-05,Combined Equal Weight,-0.01417536110529351
2023-06-06,Combined Equal Weight,0.009414201121807915
2023-06-07,Combined Equal Weight,0.0012151655515494283
2023-06-08,Combined Equal Weight,0.004640053398329462
2023-06-09,Combined Equal Weight,-0.004253699654141783
2023-06-12,Combined Equal Weight,0.004438536941679719
2023-06-13,Combined Equal Weight,0.006482162867490409
2023-06-14,Combined Equal Weight,-0.007089354769267448
2023-06-15,Combined Equal Weight,0.009301110782040432
2023-06-16,Combined Equal Weight,0.002319840849433656
2023-06-20,Combined Equal Weight,-0.005993356231431425
2023-06-21,Combined Equal Weight,0.008886569154665692
2023-06-22,Combined Equal Weight,-0.005267702939070902
2023-06-23,Combined Equal Weight,0.006400617430051083
2023-06-26,Combined Equal Weight,0.006565141694990467
2023-06-27,Combined Equal Weight,0.009790980390278444
2023-06-28,Combined Equal Weight,-0.00808080814049297
2023-06-29,Combined Equal Weight,0.010228184796819903
2023-06-30,Combined Equal Weight,0.0226032029912319
2023-07-03,Combined Equal Weight,0.003877257598172458
2023-07-05,Combined Equal Weight,-0.006060561334685032
2023-07-06,Combined Equal Weight,-0.014258838320504312
2023-07-07,Combined Equal Weight,0.003562092659664423
2023-07-10,Combined Equal Weight,0.006097554230657369
2023-07-11,Combined Equal Weight,0.011893023138107533
2023-07-12,Combined Equal Weight,0.006143557144120818
2023-07-13,Combined Equal Weight,0.037260963080475606
2023-07-14,Combined Equal Weight,-0.015765993628187005
2023-07-17,Combined Equal Weight,-0.003649339895416244
2023-07-18,Combined Equal Weight,0.005054130851559698
2023-07-19,Combined Equal Weight,0.009944158028720694
2023-07-20,Combined Equal Weight,0.0014145962126503099
2023-07-21,Combined Equal Weight,0.0034909232161122435
2023-07-24,Combined Equal Weight,-0.001964363174995167
2023-07-25,Combined Equal Weight,0.002921939450274056
2023-07-26,Combined Equal Weight,0.004385740905184214
2023-07-27,Combined Equal Weight,-0.003487624126020716
2023-07-28,Combined Equal Weight,0.004778237695945107
2023-07-31,Combined Equal Weight,0.000723495473357098
2023-08-01,Combined Equal Weight,-0.0016767673196569446
2023-08-02,Combined Equal Weight,-0.01760722554543934
2023-08-03,Combined Equal Weight,-0.007005576565142809
2023-08-04,Combined Equal Weight,-0.003047998051579566
2023-08-07,Combined Equal Weight,0.007853063301314755
2023-08-08,Combined Equal Weight,-0.0004139619684981684
2023-08-09,Combined Equal Weight,-0.0020039056710249
2023-08-10,Combined Equal Weight,-0.0009152087186206454
2023-08-11,Combined Equal Weight,0.0009789535037611969
2023-08-14,Combined Equal Weight,0.00174716454153932
2023-08-15,Combined Equal Weight,-0.01576839806135726
2023-08-16,Combined Equal Weight,-0.013305220169425746
2023-08-17,Combined Equal Weight,-0.018618058375637507
2023-08-18,Combined Equal Weight,0.002471885241369139
2023-08-21,Combined Equal Weight,-0.0020742084303499277
2023-08-22,Combined Equal Weight,-0.0064817016705362865
2023-08-23,Combined Equal Weight,0.011351836612056925
2023-08-24,Combined Equal Weight,-0.012212596412256192
2023-08-25,Combined Equal Weight,0.003910768741890752
2023-08-28,Combined Equal Weight,0.005986453806978164
2023-08-29,Combined Equal Weight,0.019163789948962447
2023-08-30,Combined Equal Weight,-0.002387208164079165
2023-08-31,Combined Equal Weight,-0.008881755663568981
2023-09-01,Combined Equal Weight,0.001219440181121436
2023-09-05,Combined Equal Weight,-0.007538113444384512
2023-09-06,Combined Equal Weight,-0.003237180952029944
2023-09-07,Combined Equal Weight,0.0011196778357605052
2023-09-08,Combined Equal Weight,0.001355175013367869
2023-09-11,Combined Equal Weight,-0.0031409107050021797
2023-09-12,Combined Equal Weight,0.005296249437674423
2023-09-13,Combined Equal Weight,0.001012333704855991
2023-09-14,Combined Equal Weight,0.012813333441212051
2023-09-15,Combined Equal Weight,-0.005808530218916477
2023-09-18,Combined Equal Weight,0.00307322177542228
2023-09-19,Combined Equal Weight,-0.0015119805208430705
2023-09-20,Combined Equal Weight,-0.006164775560719364
2023-09-21,Combined Equal Weight,-0.018790123872734134
2023-09-22,Combined Equal Weight,-0.002574682455493939
2023-09-25,Combined Equal Weight,0.003190848654452438
2023-09-26,Combined Equal Weight,-0.010548755017963485
2023-09-27,Combined Equal Weight,0.00037824047969263534
2023-09-28,Combined Equal Weight,0.0075548927291206
2023-09-29,Combined Equal Weight,1.8517727138480354e-05
2023-10-02,Combined Equal Weight,-0.015670879792627778
2023-10-03,Combined Equal Weight,-0.0071551507392975675
2023-10-04,Combined Equal Weight,0.00016981327522040042
2023-10-05,Combined Equal Weight,-0.003383397491625158
2023-10-06,Combined Equal Weight,0.010446034496043382
2023-10-09,Combined Equal Weight,0.0021486729784539545
2023-10-10,Combined Equal Weight,0.005664866368411877
2023-10-11,Combined Equal Weight,0.0013104718559174367
2023-10-12,Combined Equal Weight,-0.008315333978963658
2023-10-13,Combined Equal Weight,0.0021009296326924033
2023-10-16,Combined Equal Weight,0.013352363471423599
2023-10-17,Combined Equal Weight,-0.0008165491795922446
2023-10-18,Combined Equal Weight,-0.013069182735187833
2023-10-19,Combined Equal Weight,-0.004911795990365634
2023-10-20,Combined Equal Weight,-0.003891431941462769
2023-10-23,Combined Equal Weight,0.004044908075954013
2023-10-24,Combined Equal Weight,0.009045168664367689
2023-10-25,Combined Equal Weight,-0.009453075722180175
2023-10-26,Combined Equal Weight,-0.0018253131376461283
2023-10-27,Combined Equal Weight,-0.010215886757690746
2023-10-30,Combined Equal Weight,0.01035294554855504
2023-10-31,Combined Equal Weight,0.006494664734265533
2023-11-01,Combined Equal Weight,0.007473146689076639
2023-11-02,Combined Equal Weight,0.019716930895427785
2023-11-03,Combined Equal Weight,0.011609533501200536
2023-11-06,Combined Equal Weight,0.0012650560466206792
2023-11-07,Combined Equal Weight,-0.005656820637751129
2023-11-08,Combined Equal Weight,0.0005373236373398131
2023-11-09,Combined Equal Weight,-0.004262813716021547
2023-11-10,Combined Equal Weight,0.011558798455876486
2023-11-13,Combined Equal Weight,-0.0034629506400296493
2023-11-14,Combined Equal Weight,0.015143199718425284
2023-11-15,Combined Equal Weight,0.011433957330833112
2023-11-16,Combined Equal Weight,-0.0049298375794798255
2023-11-17,Combined Equal Weight,0.0024150821575656565
2023-11-20,Combined Equal Weight,0.0016107362148039155
2023-11-21,Combined Equal Weight,-0.010749734228255231
2023-11-22,Combined Equal Weight,0.009313950446122763
2023-11-24,Combined Equal Weight,0.003816234040107991
2023-11-27,Combined Equal Weight,-0.003595268554405201
2023-11-28,Combined Equal Weight,0.0035147730414762253
2023-11-29,Combined Equal Weight,0.0036377976713231897
2023-11-30,Combined Equal Weight,0.004697903801838477
2023-12-01,Combined Equal Weight,0.01043124393858339
2023-12-04,Combined Equal Weight,0.0025456703170938827
2023-12-05,Combined Equal Weight,-0.001319656518620301
2023-12-06,Combined Equal Weight,-0.00037605267178299846
2023-12-07,Combined Equal Weight,0.008122624623117193
2023-12-08,Combined Equal Weight,0.010514856207447796
2023-12-11,Combined Equal Weight,-0.0053279500923371255
2023-12-12,Combined Equal Weight,0.0017231795737992588
2023-12-13,Combined Equal Weight,0.022446754372463178
2023-12-14,Combined Equal Weight,0.013057907022419529
2023-12-15,Combined Equal Weight,-0.009188801625396455
2023-12-18,Combined Equal Weight,-0.0007028288814304657
2023-12-19,Combined Equal Weight,0.004482053154236631
2023-12-20,Combined Equal Weight,-0.00909504004685458
2023-12-21,Combined Equal Weight,0.011473601741572397
2023-12-22,Combined Equal Weight,0.004576504945732433
2023-12-26,Combined Equal Weight,0.0016754512805441288
2023-12-27,Combined Equal Weight,0.009970524194693391
2023-12-28,Combined Equal Weight,-0.000381196456502031
2023-12-29,Combined Equal Weight,-0.005624265916081816
2021-01-05,Equity Min-Variance,0.0010201027729654264
2021-01-06,Equity Min-Variance,0.005325334946032964
2021-01-07,Equity Min-Variance,0.006753016927464091
2021-01-08,Equity Min-Variance,-0.0019448159523961157
2021-01-11,Equity Min-Variance,0.00019013355529572793
2021-01-12,Equity Min-Variance,0.0001443318728820437
2021-01-13,Equity Min-Variance,-0.002205425352591269
2021-01-14,Equity Min-Variance,0.003285980774738143
2021-01-15,Equity Min-Variance,-0.00461412316190763
2021-01-19,Equity Min-Variance,0.009317761201356906
2021-01-20,Equity Min-Variance,0.015117502129615643
2021-01-21,Equity Min-Variance,-0.009103502395777447
2021-01-22,Equity Min-Variance,-0.0009378784960064591
2021-01-25,Equity Min-Variance,0.0035426535031848286
2021-01-26,Equity Min-Variance,-0.0020952391523615197
2021-01-27,Equity Min-Variance,-0.021281611930789528
2021-01-28,Equity Min-Variance,0.0014075445697068181
2021-01-29,Equity Min-Variance,-0.010028106001633855
2021-02-01,Equity Min-Variance,0.0011964895452022727
2021-02-02,Equity Min-Variance,0.007108963882641269
2021-02-03,Equity Min-Variance,-0.002751041911718148
2021-02-04,Equity Min-Variance,0.0021028106756727886
2021-02-05,Equity Min-Variance,0.01488560664927331
2021-02-08,Equity Min-Variance,0.003075494493065048
2021-02-09,Equity Min-Variance,-0.0014608185871999612
2021-02-10,Equity Min-Variance,-0.006716450376380096
2021-02-11,Equity Min-Variance,-0.004845595735121795
2021-02-12,Equity Min-Variance,0.004349918079720935
2021-02-16,Equity Min-Variance,-0.00972303442029425
2021-02-17,Equity Min-Variance,0.006474530721700258
2021-02-18,Equity Min-Variance,-0.009407340687297122
2021-02-19,Equity Min-Variance,-0.007648561149804731
2021-02-22,Equity Min-Variance,0.0014922584483071833
2021-02-23,Equity Min-Variance,-0.006986690061267339
2021-02-24,Equity Min-Variance,-0.0006817455039209966
2021-02-25,Equity Min-Variance,-0.009055079483520002
2021-02-26,Equity Min-Variance,-0.01747408390588772
2021-03-01,Equity Min-Variance,0.009159569403426403
2021-03-02,Equity Min-Variance,0.0050743329551035474
2021-03-03,Equity Min-Variance,-0.012347535343737712
2021-03-04,Equity Min-Variance,-0.004270892534572885
2021-03-05,Equity Min-Variance,0.01448700245992078
2021-03-08,Equity Min-Variance,-0.004100083677914552
2021-03-09,Equity Min-Variance,0.006503880906676993
2021-03-10,Equity Min-Variance,0.00854518637717716
2021-03-11,Equity Min-Variance,-0.0001915190108936945
2021-03-12,Equity Min-Variance,0.004801267416258399
2021-03-15,Equity Min-Variance,0.014015224404235983
2021-03-16,Equity Min-Variance,0.005828072919365653
2021-03-17,Equity Min-Variance,-0.007246583889710296
2021-03-18,Equity Min-Variance,-0.007318564927157127
2021-03-19,Equity Min-Variance,-0.0007755741242375714
2021-03-22,Equity Min-Variance,0.008602842702251548
2021-03-23,Equity Min-Variance,-0.00026726328797408664
2021-03-24,Equity Min-Variance,-0.005739037151818057
2021-03-25,Equity Min-Variance,0.0018637412340537327
2021-03-26,Equity Min-Variance,0.01721597275875138
2021-03-29,Equity Min-Variance,0.01136354127810591
2021-03-30,Equity Min-Variance,-0.009796301080706397
2021-03-31,Equity Min-Variance,0.0003156378646209573
2021-04-01,Equity Min-Variance,0.01132669671682192
2021-04-05,Equity Min-Variance,0.008968128345057488
2021-04-06,Equity Min-Variance,-0.0008527237474877443
2021-04-07,Equity Min-Variance,-0.0008440581159149282
2021-04-08,Equity Min-Variance,-0.0011038411085011923
2021-04-09,Equity Min-Variance,0.0035966108523941293
2021-04-12,Equity Min-Variance,0.0008456915459585886
2021-04-13,Equity Min-Variance,0.0012796322781983291
2021-04-14,Equity Min-Variance,-0.0019042448742459992
2021-04-15,Equity Min-Variance,0.006910276958738925
2021-04-16,Equity Min-Variance,0.002458072255870944
2021-04-19,Equity Min-Variance,-0.001678928037722655
2021-04-20,Equity Min-Variance,0.005351523212851504
2021-04-21,Equity Min-Variance,0.004825271972346608
2021-04-22,Equity Min-Variance,-0.0003415209225642807
2021-04-23,Equity Min-Variance,0.002425662370952542
2021-04-26,Equity Min-Variance,-0.0061230915098813635
2021-04-27,Equity Min-Variance,-0.00546317907917189
2021-04-28,Equity Min-Variance,-0.00015146147411840082
2021-04-29,Equity Min-Variance,0.006931776503704433
2021-04-30,Equity Min-Variance,-0.0013819227416038953
2021-05-03,Equity Min-Variance,0.007407347305082525
2021-05-04,Equity Min-Variance,-0.00521978370859467
2021-05-05,Equity Min-Variance,0.002721137971741589
2021-05-06,Equity Min-Variance,0.007473966976650165
2021-05-07,Equity Min-Variance,0.0016091520620495072
2021-05-10,Equity Min-Variance,0.00543347681971582
2021-05-11,Equity Min-Variance,-0.008081323114779822
2021-05-12,Equity Min-Variance,-0.014132640335259296
2021-05-13,Equity Min-Variance,0.012226174240705413
2021-05-14,Equity Min-Variance,0.003133803733055011
2021-05-17,Equity Min-Variance,-0.0011786875444512327
2021-05-18,Equity Min-Variance,-0.0041374591682438525
2021-05-19,Equity Min-Variance,0.00012962228048799733
2021-05-20,Equity Min-Variance,0.010492524147434007
2021-05-21,Equity Min-Variance,-0.001600622571890171
2021-05-24,Equity Min-Variance,-0.0013338290096652126
2021-05-25,Equity Min-Variance,-0.005490913709277145
2021-05-26,Equity Min-Variance,0.001091720056054568
2021-05-27,Equity Min-Variance,-0.004431724898979874
2021-05-28,Equity Min-Variance,0.0015279329457512333
2021-06-01,Equity Min-Variance,-0.004649247208870815
2021-06-02,Equity Min-Variance,0.00019681311304912605
2021-06-03,Equity Min-Variance,0.004175194068633772
2021-06-04,Equity Min-Variance,0.006119417504032316
2021-06-07,Equity Min-Variance,-0.0035690446876102864
2021-06-08,Equity Min-Variance,-0.0051397502904640706
2021-06-09,Equity Min-Variance,0.004571476555380179
2021-06-10,Equity Min-Variance,0.00794559286876303
2021-06-11,Equity Min-Variance,0.00191067223964209
2021-06-14,Equity Min-Variance,0.00045039151220165985
2021-06-15,Equity Min-Variance,-0.0043527464967955684
2021-06-16,Equity Min-Variance,-0.01097979773947024
2021-06-17,Equity Min-Variance,-0.00045207093012378783
2021-06-18,Equity Min-Variance,-0.010816517048739639
2021-06-21,Equity Min-Variance,0.0107517149302853
2021-06-22,Equity Min-Variance,-0.0008105489241967662
2021-06-23,Equity Min-Variance,-0.007193812339769286
2021-06-24,Equity Min-Variance,0.004920150636829554
2021-06-25,Equity Min-Variance,0.012646157916107226
2021-06-28,Equity Min-Variance,0.002107181959525091
2021-06-29,Equity Min-Variance,-0.0030472410147107925
2021-06-30,Equity Min-Variance,0.0071706938348799635
2021-07-01,Equity Min-Variance,0.0027428382917282996
2021-07-02,Equity Min-Variance,0.004343688909195235
2021-07-06,Equity Min-Variance,-0.002292038623052291
2021-07-07,Equity Min-Variance,0.002302898065096736
2021-07-08,Equity Min-Variance,-0.00506731644118868
2021-07-09,Equity Min-Variance,0.007244533763471092
2021-07-12,Equity Min-Variance,0.0028881675473552775
2021-07-13,Equity Min-Variance,-0.0027192614053994325
2021-07-14,Equity Min-Variance,0.0039649463801789435
2021-07-15,Equity Min-Variance,0.0014334742579387657
2021-07-16,Equity Min-Variance,-0.0014339954768072477
2021-07-19,Equity Min-Variance,-0.01375208336744643
2021-07-20,Equity Min-Variance,0.005995274058006404
2021-07-21,Equity Min-Variance,-0.0016108823376358966
2021-07-22,Equity Min-Variance,-0.00033625579222520534
2021-07-23,Equity Min-Variance,0.010226850653772573
2021-07-26,Equity Min-Variance,0.0010626295113443018
2021-07-27,Equity Min-Variance,0.0010912574719269097
2021-07-28,Equity Min-Variance,-0.0007581685591536316
2021-07-29,Equity Min-Variance,-0.0004806015305649446
2021-07-30,Equity Min-Variance,-0.003067866931097422
2021-08-02,Equity Min-Variance,-0.0011722413254800859
2021-08-03,Equity Min-Variance,0.001082432667712856
2021-08-04,Equity Min-Variance,-0.0076056540855065895
2021-08-05,Equity Min-Variance,0.0038507304278651887
2021-08-06,Equity Min-Variance,-0.0014425269006235872
2021-08-09,Equity Min-Variance,0.00076352028310511
2021-08-10,Equity Min-Variance,0.004807271227084914
2021-08-11,Equity Min-Variance,0.004357692712819201
2021-08-12,Equity Min-Variance,0.002697729312294124
2021-08-13,Equity Min-Variance,0.003874771843082261
2021-08-16,Equity Min-Variance,0.006543764419807007
2021-08-17,Equity Min-Variance,0.0026514739853508483
2021-08-18,Equity Min-Variance,-0.01097590545798374
2021-08-19,Equity Min-Variance,0.0011957048580393801
2021-08-20,Equity Min-Variance,0.00399887018538571
2021-08-23,Equity Min-Variance,-0.0007965685238395707
2021-08-24,Equity Min-Variance,-0.004837631434444281
2021-08-25,Equity Min-Variance,-0.0032737662954511406
2021-08-26,Equity Min-Variance,-0.006078272671625678
2021-08-27,Equity Min-Variance,0.0022243219782016833
2021-08-30,Equity Min-Variance,0.0036043010079498585
2021-08-31,Equity Min-Variance,0.0036150282649027496
2021-09-01,Equity Min-Variance,-1.702167331249293e-05
2021-09-02,Equity Min-Variance,0.0059179304372683605
2021-09-03,Equity Min-Variance,-0.001354329770099181
2021-09-07,Equity Min-Variance,-0.014149251234599687
2021-09-08,Equity Min-Variance,0.004810187713391106
2021-09-09,Equity Min-Variance,-0.01073133387431102
2021-09-10,Equity Min-Variance,-0.007075262122187717
2021-09-13,Equity Min-Variance,-0.0003811129312692338
2021-09-14,Equity Min-Variance,-0.0055192407478672125
2021-09-15,Equity Min-Variance,0.0023487208814991804
2021-09-16,Equity Min-Variance,-0.004762556708911885
2021-09-17,Equity Min-Variance,-0.008144052126130365
2021-09-20,Equity Min-Variance,-0.009247773468352156
2021-09-21,Equity Min-Variance,-0.00398337570366993
2021-09-22,Equity Min-Variance,0.0006130757546858099
2021-09-23,Equity Min-Variance,0.0032417349108784586
2021-09-24,Equity Min-Variance,-0.003009383648987012
2021-09-27,Equity Min-Variance,-0.0036722098632463616
2021-09-28,Equity Min-Variance,-0.005916491362744703
2021-09-29,Equity Min-Variance,0.008700065144839134
2021-09-30,Equity Min-Variance,-0.009482263064821968
2021-10-01,Equity Min-Variance,0.012549332310382912
2021-10-04,Equity Min-Variance,0.002165161652312047
2021-10-05,Equity Min-Variance,0.0019919606008960066
2021-10-06,Equity Min-Variance,0.003035260791143982
2021-10-07,Equity Min-Variance,0.00832267000407343
2021-10-08,Equity Min-Variance,-0.004130542531010317
2021-10-11,Equity Min-Variance,-0.008184334141550429
2021-10-12,Equity Min-Variance,-0.0008953113557935215
2021-10-13,Equity Min-Variance,0.0014653478734049318
2021-10-14,Equity Min-Variance,0.009742938340075285
2021-10-15,Equity Min-Variance,-0.0009184505349576352
2021-10-18,Equity Min-Variance,-0.0018936710644118766
2021-10-19,Equity Min-Variance,0.012772193701700314
2021-10-20,Equity Min-Variance,0.009788354803727799
2021-10-21,Equity Min-Variance,0.005536778383333855
2021-10-22,Equity Min-Variance,0.003062018037146115
2021-10-25,Equity Min-Variance,0.003946286914674858
2021-10-26,Equity Min-Variance,4.181360113159494e-05
2021-10-27,Equity Min-Variance,-0.010234398757523498
2021-10-28,Equity Min-Variance,0.01534058943684132
2021-10-29,Equity Min-Variance,-0.002191236704403898
2021-11-01,Equity Min-Variance,0.005408905091688067
2021-11-02,Equity Min-Variance,0.00511995044342367
2021-11-03,Equity Min-Variance,0.0005039791570837006
2021-11-04,Equity Min-Variance,0.0010574206778588262
2021-11-05,Equity Min-Variance,-0.011413329305159294
2021-11-08,Equity Min-Variance,0.0016212570872849174
2021-11-09,Equity Min-Variance,0.0009025898326390095
2021-11-10,Equity Min-Variance,0.00042269255621000027
2021-11-11,Equity Min-Variance,0.002010612276898991
2021-11-12,Equity Min-Variance,0.0023288185476307813
2021-11-15,Equity Min-Variance,-0.0024317215344686195
2021-11-16,Equity Min-Variance,-0.004778465276971325
2021-11-17,Equity Min-Variance,-0.002833645889003226
2021-11-18,Equity Min-Variance,-0.0021495257290206067
2021-11-19,Equity Min-Variance,-0.007902454542098196
2021-11-22,Equity Min-Variance,0.0034806310813670902
2021-11-23,Equity Min-Variance,0.006323450793198413
2021-11-24,Equity Min-Variance,-0.0005747697686824949
2021-11-26,Equity Min-Variance,-0.014578716484122307
2021-11-29,Equity Min-Variance,-0.00025405754107876407
2021-11-30,Equity Min-Variance,-0.021902417874013647
2021-12-01,Equity Min-Variance,-0.012494416600732094
2021-12-02,Equity Min-Variance,0.014357788026284277
2021-12-03,Equity Min-Variance,0.008542227026624893
2021-12-06,Equity Min-Variance,0.011592516632321581
2021-12-07,Equity Min-Variance,0.0032674217264903648
2021-12-08,Equity Min-Variance,0.0007154955239678123
2021-12-09,Equity Min-Variance,-0.0029772717194184745
2021-12-10,Equity Min-Variance,0.007617456986187005
2021-12-13,Equity Min-Variance,0.0056784367270364235
2021-12-14,Equity Min-Variance,-0.00023656745811066857
2021-12-15,Equity Min-Variance,0.012592542536267872
2021-12-16,Equity Min-Variance,0.009734336281845377
2021-12-17,Equity Min-Variance,-0.012419948071463374
2021-12-20,Equity Min-Variance,0.0009009853772159653
2021-12-21,Equity Min-Variance,0.00343194566578526
2021-12-22,Equity Min-Variance,0.005990066036961626
2021-12-23,Equity Min-Variance,0.0020908838809425043
2021-12-27,Equity Min-Variance,0.010733238608392424
2021-12-28,Equity Min-Variance,0.004479879266593275
2021-12-29,Equity Min-Variance,0.0013927286221591666
2021-12-30,Equity Min-Variance,0.0005869192505847602
2021-12-31,Equity Min-Variance,-0.001099477870392143
2022-01-03,Equity Min-Variance,0.0017565193804921283
2022-01-04,Equity Min-Variance,0.0008998643398638167
2022-01-05,Equity Min-Variance,-0.0029723376928178172
2022-01-06,Equity Min-Variance,-0.0036220895996161347
2022-01-07,Equity Min-Variance,0.004043122522006254
2022-01-10,Equity Min-Variance,-0.00213933082605667
2022-01-11,Equity Min-Variance,0.0034384964136128706
2022-01-12,Equity Min-Variance,0.0015656737400150487
2022-01-13,Equity Min-Variance,-0.0023029038459560095
2022-01-14,Equity Min-Variance,-0.0022850676107380994
2022-01-18,Equity Min-Variance,-0.00888487185212153
2022-01-19,Equity Min-Variance,-0.0007957721147543807
2022-01-20,Equity Min-Variance,-0.010667571085800768
2022-01-21,Equity Min-Variance,-0.0043583410433020876
2022-01-24,Equity Min-Variance,-0.004692799235299054
2022-01-25,Equity Min-Variance,-0.004694929089979262
2022-01-26,Equity Min-Variance,-0.014241152820012523
2022-01-27,Equity Min-Variance,0.0004682107637151392
2022-01-28,Equity Min-Variance,0.015747376378057256
2022-01-31,Equity Min-Variance,0.010443671794263195
2022-02-01,Equity Min-Variance,-0.0027178242054244814
2022-02-02,Equity Min-Variance,0.012158680366174998
2022-02-03,Equity Min-Variance,-0.007036564209238345
2022-02-04,Equity Min-Variance,-0.004354219815618848
2022-02-07,Equity Min-Variance,-0.00041078657577371105
2022-02-08,Equity Min-Variance,-0.0007780441282510572
2022-02-09,Equity Min-Variance,0.005939115815549275
2022-02-10,Equity Min-Variance,-0.016126172238601057
2022-02-11,Equity Min-Variance,-0.004066970766008922
2022-02-14,Equity Min-Variance,-0.007008604096159601
2022-02-15,Equity Min-Variance,0.0033494014947670473
2022-02-16,Equity Min-Variance,-0.0013665289711704267
2022-02-17,Equity Min-Variance,-0.0071946357068557575
2022-02-18,Equity Min-Variance,-0.0052383853977003144
2022-02-22,Equity Min-Variance,-0.004758898991302271
2022-02-23,Equity Min-Variance,-0.004935761077377783
2022-02-24,Equity Min-Variance,-0.00010052093087788285
2022-02-25,Equity Min-Variance,0.025161547362544976
2022-02-28,Equity Min-Variance,-0.005045206724880743
2022-03-01,Equity Min-Variance,-0.0046258735833785555
2022-03-02,Equity Min-Variance,0.013798842865757116
2022-03-03,Equity Min-Variance,0.007959499684725455
2022-03-04,Equity Min-Variance,0.006689923510968183
2022-03-07,Equity Min-Variance,-0.009251633484181837
2022-03-08,Equity Min-Variance,-0.012763527573275427
2022-03-09,Equity Min-Variance,0.0050908816110423185
2022-03-10,Equity Min-Variance,0.0014777795087839087
2022-03-11,Equity Min-Variance,-0.005612353463570953
2022-03-14,Equity Min-Variance,-0.005056336267351074
2022-03-15,Equity Min-Variance,0.008452505905905463
2022-03-16,Equity Min-Variance,0.006499686998062128
2022-03-17,Equity Min-Variance,0.010978411517137946
2022-03-18,Equity Min-Variance,0.0031178880694495334
2022-03-21,Equity Min-Variance,0.0020286070878712667
2022-03-22,Equity Min-Variance,0.00482543885121907
2022-03-23,Equity Min-Variance,-0.009195053069244577
2022-03-24,Equity Min-Variance,0.00690351966837812
2022-03-25,Equity Min-Variance,0.008040104165149916
2022-03-28,Equity Min-Variance,0.005954869227816191
2022-03-29,Equity Min-Variance,0.012549149063778641
2022-03-30,Equity Min-Variance,0.0005754237832600294
2022-03-31,Equity Min-Variance,-0.009179035170766202
2022-04-01,Equity Min-Variance,0.007970398942423856
2022-04-04,Equity Min-Variance,0.0029087952809555544
2022-04-05,Equity Min-Variance,-0.004713790060502884
2022-04-06,Equity Min-Variance,0.010939524301464618
2022-04-07,Equity Min-Variance,0.003435632521266712
2022-04-08,Equity Min-Variance,0.006058308475312953
2022-04-11,Equity Min-Variance,-0.013826084925329456
2022-04-12,Equity Min-Variance,0.00195522182484984
2022-04-13,Equity Min-Variance,0.005752880550247813
2022-04-14,Equity Min-Variance,0.0016587429913034286
2022-04-18,Equity Min-Variance,-0.004645522629064932
2022-04-19,Equity Min-Variance,0.008668275914421509
2022-04-20,Equity Min-Variance,0.0027642783351177784
2022-04-21,Equity Min-Variance,-0.010055906835723116
2022-04-22,Equity Min-Variance,-0.0163058981675028
2022-04-25,Equity Min-Variance,-0.000977185979163824
2022-04-26,Equity Min-Variance,-0.015378442746313703
2022-04-27,Equity Min-Variance,-0.002227384157067154
2022-04-28,Equity Min-Variance,0.015006364175017729
2022-04-29,Equity Min-Variance,-0.0319819223224333
2022-05-02,Equity Min-Variance,0.0018152342036955918
2022-05-03,Equity Min-Variance,0.002973549516052221
2022-05-04,Equity Min-Variance,0.022337112233120748
2022-05-05,Equity Min-Variance,-0.014559105827803159
2022-05-06,Equity Min-Variance,-0.006215255251749516
2022-05-09,Equity Min-Variance,-0.01409325839007195
2022-05-10,Equity Min-Variance,-0.007351410323866418
2022-05-11,Equity Min-Variance,0.007077730624617962
2022-05-12,Equity Min-Variance,0.0063265449339572925
2022-05-13,Equity Min-Variance,0.00959755600264021
2022-05-16,Equity Min-Variance,0.006137032913380314
2022-05-17,Equity Min-Variance,-0.0046343782754373584
2022-05-18,Equity Min-Variance,-0.02355813347104507
2022-05-19,Equity Min-Variance,-0.004454092515837558
2022-05-20,Equity Min-Variance,0.003607249291436578
2022-05-23,Equity Min-Variance,0.015025431427891834
2022-05-24,Equity Min-Variance,0.010078960858812094
2022-05-25,Equity Min-Variance,0.005626008066973608
2022-05-26,Equity Min-Variance,0.004696850754652203
2022-05-27,Equity Min-Variance,0.010694082225334738
2022-05-31,Equity Min-Variance,-0.008594354226379858
2022-06-01,Equity Min-Variance,-0.0051894698201350245
2022-06-02,Equity Min-Variance,0.0064041929790508365
2022-06-03,Equity Min-Variance,-0.00613408771903375
2022-06-06,Equity Min-Variance,-0.00419831407196651
2022-06-07,Equity Min-Variance,0.007456542701614217
2022-06-08,Equity Min-Variance,-0.0096122701658492
2022-06-09,Equity Min-Variance,-0.022286495711258434
2022-06-10,Equity Min-Variance,-0.00984035849386197
2022-06-13,Equity Min-Variance,-0.032818927621240196
2022-06-14,Equity Min-Variance,-0.013848583175214091
2022-06-15,Equity Min-Variance,0.0033749246197633106
2022-06-16,Equity Min-Variance,-0.008946043720945157
2022-06-17,Equity Min-Variance,-0.0033386473380975167
2022-06-21,Equity Min-Variance,0.022400027364915143
2022-06-22,Equity Min-Variance,0.002770702639071294
2022-06-23,Equity Min-Variance,0.012081806051073563
2022-06-24,Equity Min-Variance,0.014358508998162834
2022-06-27,Equity Min-Variance,-0.002596989056081216
2022-06-28,Equity Min-Variance,-0.008975409622859821
2022-06-29,Equity Min-Variance,0.0005921274671480764
2022-06-30,Equity Min-Variance,-0.008054942743311241
2022-07-01,Equity Min-Variance,0.016168731857792697
2022-07-05,Equity Min-Variance,-0.004173032993487978
2022-07-06,Equity Min-Variance,0.001412696727609989
2022-07-07,Equity Min-Variance,0.0029020123876726416
2022-07-08,Equity Min-Variance,-0.002320832169604932
2022-07-11,Equity Min-Variance,-0.0010526611972461384
2022-07-12,Equity Min-Variance,-0.00540770713989191
2022-07-13,Equity Min-Variance,-0.001896052930806842
2022-07-14,Equity Min-Variance,-0.003969661777366951
2022-07-15,Equity Min-Variance,0.010999029165302654
2022-07-18,Equity Min-Variance,-0.011398428845262652
2022-07-19,Equity Min-Variance,0.013814618133163533
2022-07-20,Equity Min-Variance,-0.005284124736390825
2022-07-21,Equity Min-Variance,0.003701840676547293
2022-07-22,Equity Min-Variance,-0.00026368448650601297
2022-07-25,Equity Min-Variance,-0.003514056319312074
2022-07-26,Equity Min-Variance,-0.0036784745350586616
2022-07-27,Equity Min-Variance,0.004974175530507144
2022-07-28,Equity Min-Variance,0.007672246885038673
2022-07-29,Equity Min-Variance,0.002583791131829442
2022-08-01,Equity Min-Variance,-0.004634721680744727
2022-08-02,Equity Min-Variance,-0.005895594584741747
2022-08-03,Equity Min-Variance,0.012327742329362599
2022-08-04,Equity Min-Variance,-0.006817502925053689
2022-08-05,Equity Min-Variance,-0.003931906883508719
2022-08-08,Equity Min-Variance,0.004419875014270101
2022-08-09,Equity Min-Variance,0.0022844371738116047
2022-08-10,Equity Min-Variance,0.011509331430963837
2022-08-11,Equity Min-Variance,-0.0013391270311662957
2022-08-12,Equity Min-Variance,0.014305520912092935
2022-08-15,Equity Min-Variance,0.009542622075999735
2022-08-16,Equity Min-Variance,0.011661710320288643
2022-08-17,Equity Min-Variance,-0.006254093765818002
2022-08-18,Equity Min-Variance,-0.002379101346485422
2022-08-19,Equity Min-Variance,-0.004690615131119189
2022-08-22,Equity Min-Variance,-0.014015299304463644
2022-08-23,Equity Min-Variance,-0.00432128616975073
2022-08-24,Equity Min-Variance,0.0004356508733467765
2022-08-25,Equity Min-Variance,0.0068304665138350235
2022-08-26,Equity Min-Variance,-0.019971926166032196
2022-08-29,Equity Min-Variance,-0.00418874800690922
2022-08-30,Equity Min-Variance,-0.008331258328415652
2022-08-31,Equity Min-Variance,-0.003238317905726482
2022-09-01,Equity Min-Variance,0.011757380402956744
2022-09-02,Equity Min-Variance,-0.010484022438638347
2022-09-06,Equity Min-Variance,-0.0020968688731303232
2022-09-07,Equity Min-Variance,0.016088049354267435
2022-09-08,Equity Min-Variance,0.002623847375813018
2022-09-09,Equity Min-Variance,0.009532358001364991
2022-09-12,Equity Min-Variance,0.008421422602807012
2022-09-13,Equity Min-Variance,-0.02994343316603702
2022-09-14,Equity Min-Variance,0.005863768603971802
2022-09-15,Equity Min-Variance,-0.010234262070203629
2022-09-16,Equity Min-Variance,0.0007139325911135128
2022-09-19,Equity Min-Variance,0.0036460496777781437
2022-09-20,Equity Min-Variance,-0.013601233605462289
2022-09-21,Equity Min-Variance,-0.012845723364420126
2022-09-22,Equity Min-Variance,0.002690617479312964
2022-09-23,Equity Min-Variance,-0.01693980874667447
2022-09-26,Equity Min-Variance,-0.010582902525934659
2022-09-27,Equity Min-Variance,-0.005670445896847471
2022-09-28,Equity Min-Variance,0.02225303478510581
2022-09-29,Equity Min-Variance,-0.016345095697819317
2022-09-30,Equity Min-Variance,-0.01664564172547136
2022-10-03,Equity Min-Variance,0.026935915733656238
2022-10-04,Equity Min-Variance,0.023806974466166385
2022-10-05,Equity Min-Variance,-0.004305318703930729
2022-10-06,Equity Min-Variance,-0.00895539114293906
2022-10-07,Equity Min-Variance,-0.013950523554589141
2022-10-10,Equity Min-Variance,0.0022688047769682867
2022-10-11,Equity Min-Variance,0.014332442388604939
2022-10-12,Equity Min-Variance,-0.004178041057545828
2022-10-13,Equity Min-Variance,0.01939651211533633
2022-10-14,Equity Min-Variance,-0.011493647542122686
2022-10-17,Equity Min-Variance,0.012332133584470318
2022-10-18,Equity Min-Variance,0.010782866207398621
2022-10-19,Equity Min-Variance,-0.008258205049928377
2022-10-20,Equity Min-Variance,-0.0031978511651929646
2022-10-21,Equity Min-Variance,0.02033909405782393
2022-10-24,Equity Min-Variance,0.01754625851190186
2022-10-25,Equity Min-Variance,0.008778819730984534
2022-10-26,Equity Min-Variance,0.011921680257978242
2022-10-27,Equity Min-Variance,0.0015003396540446447
2022-10-28,Equity Min-Variance,0.02091136267430823
2022-10-31,Equity Min-Variance,-0.007407435171422622
2022-11-01,Equity Min-Variance,-0.0005823505234836674
2022-11-02,Equity Min-Variance,-0.01271735863943018
2022-11-03,Equity Min-Variance,-0.004568307793903702
2022-11-04,Equity Min-Variance,0.013964282910901477
2022-11-07,Equity Min-Variance,0.013020682095840008
2022-11-08,Equity Min-Variance,0.010219429052840383
2022-11-09,Equity Min-Variance,-0.011713219997429565
2022-11-10,Equity Min-Variance,0.02245152982722147
2022-11-11,Equity Min-Variance,-0.004411809113768137
2022-11-14,Equity Min-Variance,-0.002211248609073206
2022-11-15,Equity Min-Variance,0.007164077930791289
2022-11-16,Equity Min-Variance,-0.0008894075789069291
2022-11-17,Equity Min-Variance,0.003994169481265518
2022-11-18,Equity Min-Variance,0.008673747148830596
2022-11-21,Equity Min-Variance,0.0037706640947705603
2022-11-22,Equity Min-Variance,0.009248368431965378
2022-11-23,Equity Min-Variance,-0.0007577233733646084
2022-11-25,Equity Min-Variance,0.0009671992313693395
2022-11-28,Equity Min-Variance,-0.010056260706066697
2022-11-29,Equity Min-Variance,0.003054501351268907
2022-11-30,Equity Min-Variance,0.01747250031537311
2022-12-01,Equity Min-Variance,0.0020705042927783566
2022-12-02,Equity Min-Variance,0.002549800554357283
2022-12-05,Equity Min-Variance,-0.008492302828613543
2022-12-06,Equity Min-Variance,-0.010068857178250255
2022-12-07,Equity Min-Variance,0.0029124297031241854
2022-12-08,Equity Min-Variance,0.004517102156150855
2022-12-09,Equity Min-Variance,-0.015608142422048513
2022-12-12,Equity Min-Variance,0.006981781411522245
2022-12-13,Equity Min-Variance,0.0033838810724177207
2022-12-14,Equity Min-Variance,-0.00020034688736031593
2022-12-15,Equity Min-Variance,-0.015369456305214985
2022-12-16,Equity Min-Variance,-0.006218523734622885
2022-12-19,Equity Min-Variance,-0.0015256107684283042
2022-12-20,Equity Min-Variance,0.0008098915504636137
2022-12-21,Equity Min-Variance,0.011538637471477983
2022-12-22,Equity Min-Variance,-0.004584300909287593
2022-12-23,Equity Min-Variance,0.004611365026287343
2022-12-27,Equity Min-Variance,0.0013630728908345206
2022-12-28,Equity Min-Variance,-0.010227520703917869
2022-12-29,Equity Min-Variance,0.006773382969066561
2022-12-30,Equity Min-Variance,-0.00020855927162119318
2023-01-03,Equity Min-Variance,0.00030552671948231083
2023-01-04,Equity Min-Variance,0.00871410369810009
2023-01-05,Equity Min-Variance,0.0015985830833432895
2023-01-06,Equity Min-Variance,0.015310089620922672
2023-01-09,Equity Min-Variance,-0.01689977603734247
2023-01-10,Equity Min-Variance,0.002288403420253946
2023-01-11,Equity Min-Variance,0.0022771704536201204
2023-01-12,Equity Min-Variance,-0.003248292214803757
2023-01-13,Equity Min-Variance,0.002661870630355032
2023-01-17,Equity Min-Variance,-0.0068193084287778505
2023-01-18,Equity Min-Variance,-0.01761416964311521
2023-01-19,Equity Min-Variance,-0.0015038000926945359
2023-01-20,Equity Min-Variance,0.008528241003792427
2023-01-23,Equity Min-Variance,0.0022699342653143646
2023-01-24,Equity Min-Variance,-0.0021818608644981353
2023-01-25,Equity Min-Variance,-0.0009374123531304198
2023-01-26,Equity Min-Variance,0.00019069149179532646
2023-01-27,Equity Min-Variance,-0.005916590091166291
2023-01-30,Equity Min-Variance,-0.003752318902251319
2023-01-31,Equity Min-Variance,0.007953894204370078
2023-02-01,Equity Min-Variance,-0.015442093163099382
2023-02-02,Equity Min-Variance,-0.012902009627983308
2023-02-03,Equity Min-Variance,-0.007787430484494117
2023-02-06,Equity Min-Variance,-0.0018644594016507382
2023-02-07,Equity Min-Variance,0.007998255288703933
2023-02-08,Equity Min-Variance,-0.007386408016604245
2023-02-09,Equity Min-Variance,-0.0006135739745801146
2023-02-10,Equity Min-Variance,0.012101246854218225
2023-02-13,Equity Min-Variance,0.008383809696092622
2023-02-14,Equity Min-Variance,-0.007152722433245761
2023-02-15,Equity Min-Variance,-2.880564012728817e-05
2023-02-16,Equity Min-Variance,-0.012529507173024524
2023-02-17,Equity Min-Variance,0.013007180566316402
2023-02-21,Equity Min-Variance,-0.004718400724307285
2023-02-22,Equity Min-Variance,-0.004627834512918439
2023-02-23,Equity Min-Variance,0.00224098944967363
2023-02-24,Equity Min-Variance,-0.006518153486439928
2023-02-27,Equity Min-Variance,9.132682031450672e-05
2023-02-28,Equity Min-Variance,-0.009648416525244459
2023-03-01,Equity Min-Variance,-0.00023034338504579108
2023-03-02,Equity Min-Variance,0.006353332278391121
2023-03-03,Equity Min-Variance,0.004591832574000889
2023-03-06,Equity Min-Variance,0.008168354776359783
2023-03-07,Equity Min-Variance,-0.010732495949905229
2023-03-08,Equity Min-Variance,-0.006520747481535635
2023-03-09,Equity Min-Variance,-0.011691244780484018
2023-03-10,Equity Min-Variance,-0.0030194376386988185
2023-03-13,Equity Min-Variance,0.006917835385833
2023-03-14,Equity Min-Variance,0.007054831854614215
2023-03-15,Equity Min-Variance,0.0040710804666265294
2023-03-16,Equity Min-Variance,0.00152121742107339
2023-03-17,Equity Min-Variance,-0.012204329880522115
2023-03-20,Equity Min-Variance,0.013044405826432303
2023-03-21,Equity Min-Variance,-0.0013528702908830945
2023-03-22,Equity Min-Variance,-0.01479306614637392
2023-03-23,Equity Min-Variance,0.0054527613103893795
2023-03-24,Equity Min-Variance,0.01632103310134201
2023-03-27,Equity Min-Variance,0.0052821067003081725
2023-03-28,Equity Min-Variance,-0.0006276654991459142
2023-03-29,Equity Min-Variance,0.006665759130740521
2023-03-30,Equity Min-Variance,0.004601786887754612
2023-03-31,Equity Min-Variance,0.00705279408097332
2023-04-03,Equity Min-Variance,0.01035436472436786
2023-04-04,Equity Min-Variance,0.005625622330731289
2023-04-05,Equity Min-Variance,0.015155241522557882
2023-04-06,Equity Min-Variance,0.00037523684019270386
2023-04-10,Equity Min-Variance,-0.0012553507755905145
2023-04-11,Equity Min-Variance,-0.000660499899144936
2023-04-12,Equity Min-Variance,0.0009258260125969379
2023-04-13,Equity Min-Variance,0.008877385796941173
2023-04-14,Equity Min-Variance,-0.0046292653535534
2023-04-17,Equity Min-Variance,0.000609205892244328
2023-04-18,Equity Min-Variance,-0.002243943840412276
2023-04-19,Equity Min-Variance,-7.071893482731133e-05
2023-04-20,Equity Min-Variance,-0.005689240975243363
2023-04-21,Equity Min-Variance,0.005744106242661681
2023-04-24,Equity Min-Variance,0.001520618208726472
2023-04-25,Equity Min-Variance,-0.000839385480936883
2023-04-26,Equity Min-Variance,-0.019200534311900434
2023-04-27,Equity Min-Variance,0.003902691104255024
2023-04-28,Equity Min-Variance,0.003947664400690705
2023-05-01,Equity Min-Variance,0.0009506463311537562
2023-05-02,Equity Min-Variance,-0.008222678574796551
2023-05-03,Equity Min-Variance,-0.008687827163922577
2023-05-04,Equity Min-Variance,0.00017888726366303918
2023-05-05,Equity Min-Variance,0.011050399684528174
2023-05-08,Equity Min-Variance,-0.00023288885096978454
2023-05-09,Equity Min-Variance,-0.005016171495331979
2023-05-10,Equity Min-Variance,-0.0005690379696046709
2023-05-11,Equity Min-Variance,-0.0015764340835623784
2023-05-12,Equity Min-Variance,0.0016482681619332646
2023-05-15,Equity Min-Variance,-0.0030437485799276556
2023-05-16,Equity Min-Variance,-0.014943511577602228
2023-05-17,Equity Min-Variance,-0.0011672393824273162
2023-05-18,Equity Min-Variance,-0.0006088745312724686
2023-05-19,Equity Min-Variance,0.000834042653252568
2023-05-22,Equity Min-Variance,-0.005088340030582248
2023-05-23,Equity Min-Variance,-0.004152718354770151
2023-05-24,Equity Min-Variance,-0.006728516241973918
2023-05-25,Equity Min-Variance,-0.012952822940260258
2023-05-26,Equity Min-Variance,-0.0008135034249031168
2023-05-30,Equity Min-Variance,-0.003950364732863955
2023-05-31,Equity Min-Variance,0.00725542504190048
2023-06-01,Equity Min-Variance,-0.004859711728256845
2023-06-02,Equity Min-Variance,0.010730418857149756
2023-06-05,Equity Min-Variance,0.0032770167138351206
2023-06-06,Equity Min-Variance,-0.006520736668358432
2023-06-07,Equity Min-Variance,0.001178075765715436
2023-06-08,Equity Min-Variance,0.006613997987168059
2023-06-09,Equity Min-Variance,0.00015779587254933697
2023-06-12,Equity Min-Variance,-0.0023081723498550263
2023-06-13,Equity Min-Variance,0.005902297943326951
2023-06-14,Equity Min-Variance,0.001333586616430166
2023-06-15,Equity Min-Variance,0.009489636110801294
2023-06-16,Equity Min-Variance,0.0004479767293135322
2023-06-20,Equity Min-Variance,-0.007949193972205278
2023-06-21,Equity Min-Variance,-0.0017829102183567463
2023-06-22,Equity Min-Variance,0.007647594867272255
2023-06-23,Equity Min-Variance,-0.005390804046756573
2023-06-26,Equity Min-Variance,0.001610993902477148
2023-06-27,Equity Min-Variance,0.0032255291389620103
2023-06-28,Equity Min-Variance,-0.003368017247547131
2023-06-29,Equity Min-Variance,-0.00027735189159503685
2023-06-30,Equity Min-Variance,0.006617098280386602
2023-07-03,Equity Min-Variance,0.004434520409130975
2023-07-05,Equity Min-Variance,0.0018015944291699818
2023-07-06,Equity Min-Variance,-0.008339240049374358
2023-07-07,Equity Min-Variance,-0.014156991345723796
2023-07-10,Equity Min-Variance,0.001104387739782201
2023-07-11,Equity Min-Variance,0.009816547116002314
2023-07-12,Equity Min-Variance,-0.0024710985954720837
2023-07-13,Equity Min-Variance,0.0013957047460642037
2023-07-14,Equity Min-Variance,0.0023413401423158873
2023-07-17,Equity Min-Variance,-0.005188719300564174
2023-07-18,Equity Min-Variance,0.001115751812696798
2023-07-19,Equity Min-Variance,0.00766949472009887
2023-07-20,Equity Min-Variance,0.015212139304645853
2023-07-21,Equity Min-Variance,0.006018741515211478
2023-07-24,Equity Min-Variance,0.001633739619438441
2023-07-25,Equity Min-Variance,-0.0026374646307063213
2023-07-26,Equity Min-Variance,0.0026023164013569094
2023-07-27,Equity Min-Variance,-0.007075811928967181
2023-07-28,Equity Min-Variance,0.002541555458512609
2023-07-31,Equity Min-Variance,-0.0036319123181640265
2023-08-01,Equity Min-Variance,-0.005818751330474962
2023-08-02,Equity Min-Variance,-0.009058275038833599
2023-08-03,Equity Min-Variance,-0.007633780905820686
2023-08-04,Equity Min-Variance,-0.004983824122876183
2023-08-07,Equity Min-Variance,0.011897888247068441
2023-08-08,Equity Min-Variance,-0.0030388333293435254
2023-08-09,Equity Min-Variance,0.0023656559185227613
2023-08-10,Equity Min-Variance,-0.0018909248157424874
2023-08-11,Equity Min-Variance,0.006602644689516221
2023-08-14,Equity Min-Variance,-0.00027211927357554435
2023-08-15,Equity Min-Variance,-0.006427870890349417
2023-08-16,Equity Min-Variance,-0.0027551155792059196
2023-08-17,Equity Min-Variance,-0.005489676631715602
2023-08-18,Equity Min-Variance,0.0037481447186575654
2023-08-21,Equity Min-Variance,-0.002727232083927304
2023-08-22,Equity Min-Variance,-0.005799510624071904
2023-08-23,Equity Min-Variance,0.010528514693450465
2023-08-24,Equity Min-Variance,-0.009701116127939755
2023-08-25,Equity Min-Variance,0.002895954096107654
2023-08-28,Equity Min-Variance,0.002966954710786313
2023-08-29,Equity Min-Variance,0.005843122181462173
2023-08-30,Equity Min-Variance,0.00198886355010697
2023-08-31,Equity Min-Variance,-0.004669011422390403
2023-09-01,Equity Min-Variance,0.001764491160394652
2023-09-05,Equity Min-Variance,-0.009436389815319296
2023-09-06,Equity Min-Variance,-0.003204910507212147
2023-09-07,Equity Min-Variance,0.007054132886719922
2023-09-08,Equity Min-Variance,0.0036933897954946992
2023-09-11,Equity Min-Variance,0.0033521029956043316
2023-09-12,Equity Min-Variance,-0.0014209575535806386
2023-09-13,Equity Min-Variance,0.0005513689351512863
2023-09-14,Equity Min-Variance,0.00848199150366343
2023-09-15,Equity Min-Variance,-0.008779830405664988
2023-09-18,Equity Min-Variance,0.0010391969405269296
2023-09-19,Equity Min-Variance,0.0003858204465635443
2023-09-20,Equity Min-Variance,0.0014667980969138665
2023-09-21,Equity Min-Variance,-0.013936813176555856
2023-09-22,Equity Min-Variance,-0.0019838443791128156
2023-09-25,Equity Min-Variance,-0.0009982239814442658
2023-09-26,Equity Min-Variance,-0.0064537324613607
2023-09-27,Equity Min-Variance,-0.006399907091054544
2023-09-28,Equity Min-Variance,0.0023065586429814712
2023-09-29,Equity Min-Variance,-0.00493636283637136
2023-10-02,Equity Min-Variance,-0.007002960133317393
2023-10-03,Equity Min-Variance,-0.007470839009943857
2023-10-04,Equity Min-Variance,0.006189299071667177
2023-10-05,Equity Min-Variance,-0.008212420956175435
2023-10-06,Equity Min-Variance,0.0036707396818496606
2023-10-09,Equity Min-Variance,0.005784167397684262
2023-10-10,Equity Min-Variance,0.00841219521801505
2023-10-11,Equity Min-Variance,0.0018302507594606249
2023-10-12,Equity Min-Variance,-0.003627975638454119
2023-10-13,Equity Min-Variance,0.002645705947427131
2023-10-16,Equity Min-Variance,0.0048206586021150724
2023-10-17,Equity Min-Variance,0.005176453231303516
2023-10-18,Equity Min-Variance,-0.007846011795633576
2023-10-19,Equity Min-Variance,-0.006879642082705839
2023-10-20,Equity Min-Variance,-0.000399409368350054
2023-10-23,Equity Min-Variance,-0.004506842539022692
2023-10-24,Equity Min-Variance,0.013705641658347508
2023-10-25,Equity Min-Variance,-0.0039047168686147473
2023-10-26,Equity Min-Variance,-0.00293930708558615
2023-10-27,Equity Min-Variance,-0.01965866781141514
2023-10-30,Equity Min-Variance,0.004856059865036591
2023-10-31,Equity Min-Variance,0.005983017696298921
2023-11-01,Equity Min-Variance,0.005010669063953546
2023-11-02,Equity Min-Variance,0.015417045490408482
2023-11-03,Equity Min-Variance,0.0010998906467284764
2023-11-06,Equity Min-Variance,0.0005967627941237123
2023-11-07,Equity Min-Variance,0.0013187777476186618
2023-11-08,Equity Min-Variance,-0.000753780052913833
2023-11-09,Equity Min-Variance,-0.009857080904905906
2023-11-10,Equity Min-Variance,0.005145887945487048
2023-11-13,Equity Min-Variance,0.003034232774873361
2023-11-14,Equity Min-Variance,0.007152514450122115
2023-11-15,Equity Min-Variance,0.0029141949500244117
2023-11-16,Equity Min-Variance,-0.01203672678184207
2023-11-17,Equity Min-Variance,0.00018589162818742887
2023-11-20,Equity Min-Variance,0.003818266157683978
2023-11-21,Equity Min-Variance,0.0030427457350270604
2023-11-22,Equity Min-Variance,-0.0005375912150408083
2023-11-24,Equity Min-Variance,0.004161576755275737
2023-11-27,Equity Min-Variance,0.00028600207795375054
2023-11-28,Equity Min-Variance,-0.0006989490211039773
2023-11-29,Equity Min-Variance,-0.0011703293214805322
2023-11-30,Equity Min-Variance,0.009562255194365378
2023-12-01,Equity Min-Variance,0.00419740327107689
2023-12-04,Equity Min-Variance,0.002737126945953564
2023-12-05,Equity Min-Variance,0.002866321938826726
2023-12-06,Equity Min-Variance,-0.001893099228339426
2023-12-07,Equity Min-Variance,0.0008978479770405522
2023-12-08,Equity Min-Variance,-0.001237433512940498
2023-12-11,Equity Min-Variance,0.006815064810734691
2023-12-12,Equity Min-Variance,0.004078811394966602
2023-12-13,Equity Min-Variance,0.014954969526374392
2023-12-14,Equity Min-Variance,-0.0028601012894749686
2023-12-15,Equity Min-Variance,-0.004897963029994568
2023-12-18,Equity Min-Variance,0.00383986604407832
2023-12-19,Equity Min-Variance,0.0034191533502389345
2023-12-20,Equity Min-Variance,-0.013083857294404536
2023-12-21,Equity Min-Variance,0.007592832376050744
2023-12-22,Equity Min-Variance,0.0062945310820198275
2023-12-26,Equity Min-Variance,0.002818438808402814
2023-12-27,Equity Min-Variance,0.003311843578714894
2023-12-28,Equity Min-Variance,0.0019948734673383276
2023-12-29,Equity Min-Variance,7.714380046835081e-05
2021-01-05,Equity Max-Sharpe,0.007689717206844526
2021-01-06,Equity Max-Sharpe,-0.011731248240870339
2021-01-07,Equity Max-Sharpe,0.02267184772137225
2021-01-08,Equity Max-Sharpe,-0.003918722520472284
2021-01-11,Equity Max-Sharpe,-0.002478069840981625
2021-01-12,Equity Max-Sharpe,-0.014235880554705014
2021-01-13,Equity Max-Sharpe,-0.0004409330437379637
2021-01-14,Equity Max-Sharpe,-0.011579322103033267
2021-01-15,Equity Max-Sharpe,-0.008218176680697077
2021-01-19,Equity Max-Sharpe,0.010766681426475983
2021-01-20,Equity Max-Sharpe,0.026157288163094913
2021-01-21,Equity Max-Sharpe,0.0001179219740398332
2021-01-22,Equity Max-Sharpe,-0.006544066625132673
2021-01-25,Equity Max-Sharpe,0.0010247741631945542
2021-01-26,Equity Max-Sharpe,-0.007871741727521942
2021-01-27,Equity Max-Sharpe,-0.042162726038401946
2021-01-28,Equity Max-Sharpe,0.01968793947644945
2021-01-29,Equity Max-Sharpe,-0.005754148151769948
2021-02-01,Equity Max-Sharpe,0.012640556840709288
2021-02-02,Equity Max-Sharpe,0.019514166539634403
2021-02-03,Equity Max-Sharpe,-0.012720180378091724
2021-02-04,Equity Max-Sharpe,-0.0048869234444671615
2021-02-05,Equity Max-Sharpe,0.0059796647463825495
2021-02-08,Equity Max-Sharpe,0.023819544077439858
2021-02-09,Equity Max-Sharpe,-0.011078464935175406
2021-02-10,Equity Max-Sharpe,0.005375282193942305
2021-02-11,Equity Max-Sharpe,-0.0009964371321836186
2021-02-12,Equity Max-Sharpe,0.0011804008787865243
2021-02-16,Equity Max-Sharpe,-0.00144770709459691
2021-02-17,Equity Max-Sharpe,-0.010863527239085366
2021-02-18,Equity Max-Sharpe,0.000740827517336594
2021-02-19,Equity Max-Sharpe,0.001433126108039048
2021-02-22,Equity Max-Sharpe,-0.01063055880569707
2021-02-23,Equity Max-Sharpe,-0.009034326936424808
2021-02-24,Equity Max-Sharpe,0.010512188065355352
2021-02-25,Equity Max-Sharpe,-0.02977755588571688
2021-02-26,Equity Max-Sharpe,0.0006876362371121187
2021-03-01,Equity Max-Sharpe,0.016219688549409483
2021-03-02,Equity Max-Sharpe,-0.005693306453490992
2021-03-03,Equity Max-Sharpe,-0.026494487225603835
2021-03-04,Equity Max-Sharpe,-0.018114403406616214
2021-03-05,Equity Max-Sharpe,0.016991751535035196
2021-03-08,Equity Max-Sharpe,-0.017677791154143387
2021-03-09,Equity Max-Sharpe,0.010126997345728996
2021-03-10,Equity Max-Sharpe,0.006815470278495921
2021-03-11,Equity Max-Sharpe,0.011742889780024211
2021-03-12,Equity Max-Sharpe,0.013411297008033648
2021-03-15,Equity Max-Sharpe,-0.009746914650036935
2021-03-16,Equity Max-Sharpe,-0.0007078414123236874
2021-03-17,Equity Max-Sharpe,0.001226444173431583
2021-03-18,Equity Max-Sharpe,-0.008605138705322155
2021-03-19,Equity Max-Sharpe,-0.00680762640875379
2021-03-22,Equity Max-Sharpe,0.008727294593135815
2021-03-23,Equity Max-Sharpe,-0.013439603581590284
2021-03-24,Equity Max-Sharpe,-0.000535598643064896
2021-03-25,Equity Max-Sharpe,0.011719768593680555
2021-03-26,Equity Max-Sharpe,0.024837972519989253
2021-03-29,Equity Max-Sharpe,0.0031356316747090437
2021-03-30,Equity Max-Sharpe,0.006180612293371418
2021-03-31,Equity Max-Sharpe,0.0009047200220827305
2021-04-01,Equity Max-Sharpe,0.010192536193241598
2021-04-05,Equity Max-Sharpe,0.006504738698933936
2021-04-06,Equity Max-Sharpe,-0.0013068206197933317
2021-04-07,Equity Max-Sharpe,-0.006163698578036652
2021-04-08,Equity Max-Sharpe,0.004508910924743647
2021-04-09,Equity Max-Sharpe,0.00586191144786322
2021-04-12,Equity Max-Sharpe,0.005629953327232869
2021-04-13,Equity Max-Sharpe,-0.0016400259042112409
2021-04-14,Equity Max-Sharpe,-0.0007138638971187553
2021-04-15,Equity Max-Sharpe,0.009613381448584202
2021-04-16,Equity Max-Sharpe,0.002854673924042494
2021-04-19,Equity Max-Sharpe,-0.0031496343439814684
2021-04-20,Equity Max-Sharpe,-0.009636685798653427
2021-04-21,Equity Max-Sharpe,0.00990442672463026
2021-04-22,Equity Max-Sharpe,-0.009364190261286173
2021-04-23,Equity Max-Sharpe,0.011701372540296075
2021-04-26,Equity Max-Sharpe,0.0015594203029904471
2021-04-27,Equity Max-Sharpe,0.009240042596707692
2021-04-28,Equity Max-Sharpe,0.0030713914811887496
2021-04-29,Equity Max-Sharpe,0.010485519556814787
2021-04-30,Equity Max-Sharpe,-0.005517111261018823
2021-05-03,Equity Max-Sharpe,0.007557006032616735
2021-05-04,Equity Max-Sharpe,0.001155947664150639
2021-05-05,Equity Max-Sharpe,0.009158725788004883
2021-05-06,Equity Max-Sharpe,0.004700555359516794
2021-05-07,Equity Max-Sharpe,0.010729039140301013
2021-05-10,Equity Max-Sharpe,-0.0031523126802509537
2021-05-11,Equity Max-Sharpe,-0.010001608383419118
2021-05-12,Equity Max-Sharpe,-0.016259703803105093
2021-05-13,Equity Max-Sharpe,0.014287250091641321
2021-05-14,Equity Max-Sharpe,0.010027300925023339
2021-05-17,Equity Max-Sharpe,0.004998391247380096
2021-05-18,Equity Max-Sharpe,-0.0097660273892652
2021-05-19,Equity Max-Sharpe,0.0003664969812335741
2021-05-20,Equity Max-Sharpe,0.0062876149056900685
2021-05-21,Equity Max-Sharpe,0.0025851914073991653
2021-05-24,Equity Max-Sharpe,0.009007402348264533
2021-05-25,Equity Max-Sharpe,-0.0057470045005620675
2021-05-26,Equity Max-Sharpe,0.005065722082189681
2021-05-27,Equity Max-Sharpe,0.0016645580674537913
2021-05-28,Equity Max-Sharpe,0.007097570527619277
2021-06-01,Equity Max-Sharpe,0.0027103195641620236
2021-06-02,Equity Max-Sharpe,-0.00027453577685824203
2021-06-03,Equity Max-Sharpe,0.0036575177764720888
2021-06-04,Equity Max-Sharpe,0.004402801569192267
2021-06-07,Equity Max-Sharpe,-0.000802818623786574
2021-06-08,Equity Max-Sharpe,0.0019604998812508827
2021-06-09,Equity Max-Sharpe,-0.013988914004094771
2021-06-10,Equity Max-Sharpe,-0.0030267180995948426
2021-06-11,Equity Max-Sharpe,0.0016375887616371465
2021-06-14,Equity Max-Sharpe,-0.008099966162741553
2021-06-15,Equity Max-Sharpe,-0.006809721552728417
2021-06-16,Equity Max-Sharpe,-0.010226983427853092
2021-06-17,Equity Max-Sharpe,-0.011375354480183572
2021-06-18,Equity Max-Sharpe,-0.006748350675864245
2021-06-21,Equity Max-Sharpe,0.01938741574505426
2021-06-22,Equity Max-Sharpe,0.002533838700012733
2021-06-23,Equity Max-Sharpe,1.8740365998422826e-05
2021-06-24,Equity Max-Sharpe,0.010687758955822448
2021-06-25,Equity Max-Sharpe,-0.001145753329614954
2021-06-28,Equity Max-Sharpe,0.002715668666006002
2021-06-29,Equity Max-Sharpe,0.004921940804578662
2021-06-30,Equity Max-Sharpe,0.002703120345880063
2021-07-01,Equity Max-Sharpe,0.004732814067765486
2021-07-02,Equity Max-Sharpe,0.0031884228631111813
2021-07-06,Equity Max-Sharpe,-0.008417938857158205
2021-07-07,Equity Max-Sharpe,0.0018615467344834376
2021-07-08,Equity Max-Sharpe,-0.01091930727458476
2021-07-09,Equity Max-Sharpe,0.01775245727807844
2021-07-12,Equity Max-Sharpe,0.008779938365576487
2021-07-13,Equity Max-Sharpe,-0.010753472882841977
2021-07-14,Equity Max-Sharpe,-0.0011230649428065982
2021-07-15,Equity Max-Sharpe,-0.003991582248177995
2021-07-16,Equity Max-Sharpe,-0.013618835258594024
2021-07-19,Equity Max-Sharpe,-0.012044539819224657
2021-07-20,Equity Max-Sharpe,0.015169904073574155
2021-07-21,Equity Max-Sharpe,0.009747209865978912
2021-07-22,Equity Max-Sharpe,0.002758266239302757
2021-07-23,Equity Max-Sharpe,0.006906875875207847
2021-07-26,Equity Max-Sharpe,0.003246869640182349
2021-07-27,Equity Max-Sharpe,-0.005400895647964922
2021-07-28,Equity Max-Sharpe,0.003110345927261637
2021-07-29,Equity Max-Sharpe,0.008462568525305655
2021-07-30,Equity Max-Sharpe,-0.0014776659778993448
2021-08-02,Equity Max-Sharpe,-0.0013216417798668943
2021-08-03,Equity Max-Sharpe,0.009611315331007831
2021-08-04,Equity Max-Sharpe,-0.003004379931211061
2021-08-05,Equity Max-Sharpe,0.0053320723892070114
2021-08-06,Equity Max-Sharpe,0.002305157511967174
2021-08-09,Equity Max-Sharpe,0.007821103358731412
2021-08-10,Equity Max-Sharpe,0.01584038355185593
2021-08-11,Equity Max-Sharpe,0.006168686877357602
2021-08-12,Equity Max-Sharpe,0.006814217532175772
2021-08-13,Equity Max-Sharpe,0.0005900391880410683
2021-08-16,Equity Max-Sharpe,0.0004073755739298275
2021-08-17,Equity Max-Sharpe,-0.00947723149848892
2021-08-18,Equity Max-Sharpe,-0.004817508666154897
2021-08-19,Equity Max-Sharpe,-0.0036186707072068747
2021-08-20,Equity Max-Sharpe,0.009272989402815728
2021-08-23,Equity Max-Sharpe,0.00955243345692469
2021-08-24,Equity Max-Sharpe,0.003354105135994019
2021-08-25,Equity Max-Sharpe,-0.0002089670256637143
2021-08-26,Equity Max-Sharpe,-0.006867733943349407
2021-08-27,Equity Max-Sharpe,0.011131950594325209
2021-08-30,Equity Max-Sharpe,0.002411600064042217
2021-08-31,Equity Max-Sharpe,-0.003171672530854466
2021-09-01,Equity Max-Sharpe,0.004239456746831711
2021-09-02,Equity Max-Sharpe,0.002033235738954768
2021-09-03,Equity Max-Sharpe,-0.003287660008575287
2021-09-07,Equity Max-Sharpe,-0.008468800976622202
2021-09-08,Equity Max-Sharpe,-0.0010157963951135664
2021-09-09,Equity Max-Sharpe,-0.007207583642986777
2021-09-10,Equity Max-Sharpe,-0.0028393178623486895
2021-09-13,Equity Max-Sharpe,-0.0030166881186675498
2021-09-14,Equity Max-Sharpe,-0.011267882924352265
2021-09-15,Equity Max-Sharpe,0.007570008114044114
2021-09-16,Equity Max-Sharpe,-0.0064534203849756005
2021-09-17,Equity Max-Sharpe,-0.01840355158681089
2021-09-20,Equity Max-Sharpe,-0.01805721853503511
2021-09-21,Equity Max-Sharpe,-0.003920176293348489
2021-09-22,Equity Max-Sharpe,0.007529028086771156
2021-09-23,Equity Max-Sharpe,0.007235674433135189
2021-09-24,Equity Max-Sharpe,-0.005173017139686765
2021-09-27,Equity Max-Sharpe,-0.003233479482333401
2021-09-28,Equity Max-Sharpe,-0.007801614808861099
2021-09-29,Equity Max-Sharpe,-0.0004973958650943454
2021-09-30,Equity Max-Sharpe,-0.01429427624054641
2021-10-01,Equity Max-Sharpe,0.004277986414861881
2021-10-04,Equity Max-Sharpe,-0.005540618512336389
2021-10-05,Equity Max-Sharpe,0.00948868917647038
2021-10-06,Equity Max-Sharpe,0.005997350490395804
2021-10-07,Equity Max-Sharpe,0.005917113036637239
2021-10-08,Equity Max-Sharpe,-0.0005317775921253234
2021-10-11,Equity Max-Sharpe,-0.004620529115732976
2021-10-12,Equity Max-Sharpe,0.010678546478791816
2021-10-13,Equity Max-Sharpe,0.007899566812856248
2021-10-14,Equity Max-Sharpe,0.01969410126186935
2021-10-15,Equity Max-Sharpe,-0.0007441101374626263
2021-10-18,Equity Max-Sharpe,0.007096294136805542
2021-10-19,Equity Max-Sharpe,0.0006693679674340855
2021-10-20,Equity Max-Sharpe,0.002680865604921273
2021-10-21,Equity Max-Sharpe,-0.0015721921588387512
2021-10-22,Equity Max-Sharpe,0.011274964390166863
2021-10-25,Equity Max-Sharpe,0.011526027440671887
2021-10-26,Equity Max-Sharpe,0.012334421002490407
2021-10-27,Equity Max-Sharpe,-0.017946914369888815
2021-10-28,Equity Max-Sharpe,0.01923406751569411
2021-10-29,Equity Max-Sharpe,0.0038967546055651957
2021-11-01,Equity Max-Sharpe,0.004587723410109584
2021-11-02,Equity Max-Sharpe,0.010722947982385411
2021-11-03,Equity Max-Sharpe,-0.004571818658122931
2021-11-04,Equity Max-Sharpe,0.00812855944822775
2021-11-05,Equity Max-Sharpe,-0.019194681604113306
2021-11-08,Equity Max-Sharpe,0.01237465166817451
2021-11-09,Equity Max-Sharpe,-0.0029660284981388547
2021-11-10,Equity Max-Sharpe,-0.007392489801386741
2021-11-11,Equity Max-Sharpe,0.008746682788304065
2021-11-12,Equity Max-Sharpe,0.0029910593866080705
2021-11-15,Equity Max-Sharpe,0.0013551725502449472
2021-11-16,Equity Max-Sharpe,-0.00271679980725309
2021-11-17,Equity Max-Sharpe,-0.008443132497111504
2021-11-18,Equity Max-Sharpe,0.010635662433968083
2021-11-19,Equity Max-Sharpe,-0.00907679783155371
2021-11-22,Equity Max-Sharpe,0.0037105990479064377
2021-11-23,Equity Max-Sharpe,0.01146191445318561
2021-11-24,Equity Max-Sharpe,0.00557402483232661
2021-11-26,Equity Max-Sharpe,-0.028788410373158834
2021-11-29,Equity Max-Sharpe,0.011236419120494294
2021-11-30,Equity Max-Sharpe,-0.016189744720185306
2021-12-01,Equity Max-Sharpe,-0.010472300959198088
2021-12-02,Equity Max-Sharpe,0.023935353850235316
2021-12-03,Equity Max-Sharpe,-0.005132729862247042
2021-12-06,Equity Max-Sharpe,0.00714829068107598
2021-12-07,Equity Max-Sharpe,0.020658082254474484
2021-12-08,Equity Max-Sharpe,-0.0017417618574357824
2021-12-09,Equity Max-Sharpe,-0.00794489050076531
2021-12-10,Equity Max-Sharpe,0.005840903130213021
2021-12-13,Equity Max-Sharpe,-0.00460592730517256
2021-12-14,Equity Max-Sharpe,-0.00025972522558446196
2021-12-15,Equity Max-Sharpe,0.017713788224196496
2021-12-16,Equity Max-Sharpe,0.0020528261255235427
2021-12-17,Equity Max-Sharpe,-0.014790633222859626
2021-12-20,Equity Max-Sharpe,-0.005342190339386248
2021-12-21,Equity Max-Sharpe,0.00801937858630094
2021-12-22,Equity Max-Sharpe,0.009680603298721193
2021-12-23,Equity Max-Sharpe,-0.00024147753618308137
2021-12-27,Equity Max-Sharpe,0.020663723781275293
2021-12-28,Equity Max-Sharpe,-0.0019681246016144552
2021-12-29,Equity Max-Sharpe,0.002589923164099977
2021-12-30,Equity Max-Sharpe,-0.0035902773354340215
2021-12-31,Equity Max-Sharpe,0.0002328041786865973
2022-01-03,Equity Max-Sharpe,-0.002764547852160815
2022-01-04,Equity Max-Sharpe,0.0014376311944658202
2022-01-05,Equity Max-Sharpe,-0.00924177654530626
2022-01-06,Equity Max-Sharpe,0.003696661354567014
2022-01-07,Equity Max-Sharpe,-0.013469897261172044
2022-01-10,Equity Max-Sharpe,0.0031049781979954226
2022-01-11,Equity Max-Sharpe,0.007483015754619024
2022-01-12,Equity Max-Sharpe,0.00910414015899581
2022-01-13,Equity Max-Sharpe,-0.013294654510629677
2022-01-14,Equity Max-Sharpe,0.001374593706925891
2022-01-18,Equity Max-Sharpe,-0.011505191397412056
2022-01-19,Equity Max-Sharpe,-0.010892690416411745
2022-01-20,Equity Max-Sharpe,-0.01554538964948746
2022-01-21,Equity Max-Sharpe,-0.011550287671844926
2022-01-24,Equity Max-Sharpe,-0.0021539279080115543
2022-01-25,Equity Max-Sharpe,2.7098432287931156e-05
2022-01-26,Equity Max-Sharpe,-0.008452496400524851
2022-01-27,Equity Max-Sharpe,-0.002223286598629279
2022-01-28,Equity Max-Sharpe,0.03331174485495454
2022-01-31,Equity Max-Sharpe,0.008133447847086908
2022-02-01,Equity Max-Sharpe,0.004940097013794034
2022-02-02,Equity Max-Sharpe,0.02648269933775455
2022-02-03,Equity Max-Sharpe,-0.008866899080244899
2022-02-04,Equity Max-Sharpe,-0.0035812525373729383
2022-02-07,Equity Max-Sharpe,0.00431999232749658
2022-02-08,Equity Max-Sharpe,0.0029423640651757245
2022-02-09,Equity Max-Sharpe,0.020255262532970865
2022-02-10,Equity Max-Sharpe,-0.018909067155613427
2022-02-11,Equity Max-Sharpe,-0.007503723051372328
2022-02-14,Equity Max-Sharpe,-0.006684121160330839
2022-02-15,Equity Max-Sharpe,0.0033547813955717284
2022-02-16,Equity Max-Sharpe,0.0013806774735844061
2022-02-17,Equity Max-Sharpe,-0.014679733072941842
2022-02-18,Equity Max-Sharpe,-0.008353720595708358
2022-02-22,Equity Max-Sharpe,-0.00776544084361321
2022-02-23,Equity Max-Sharpe,0.007497111976279086
2022-02-24,Equity Max-Sharpe,0.002523594922513385
2022-02-25,Equity Max-Sharpe,0.03513312930568725
2022-02-28,Equity Max-Sharpe,-0.003674982302189247
2022-03-01,Equity Max-Sharpe,0.000703526191700877
2022-03-02,Equity Max-Sharpe,0.020928944346066576
2022-03-03,Equity Max-Sharpe,0.006529521443073279
2022-03-04,Equity Max-Sharpe,0.005895980491787283
2022-03-07,Equity Max-Sharpe,-0.009204894358838254
2022-03-08,Equity Max-Sharpe,-0.01964709728012036
2022-03-09,Equity Max-Sharpe,0.01177473150453042
2022-03-10,Equity Max-Sharpe,0.007696998408843234
2022-03-11,Equity Max-Sharpe,-0.007075134039233013
2022-03-14,Equity Max-Sharpe,-0.011076260490408446
2022-03-15,Equity Max-Sharpe,0.009509217666939246
2022-03-16,Equity Max-Sharpe,0.005894236416703214
2022-03-17,Equity Max-Sharpe,0.019104664332982177
2022-03-18,Equity Max-Sharpe,0.007538459696230531
2022-03-21,Equity Max-Sharpe,0.014770026156374407
2022-03-22,Equity Max-Sharpe,0.001647076445792486
2022-03-23,Equity Max-Sharpe,0.00017815736448558383
2022-03-24,Equity Max-Sharpe,0.016652585548803632
2022-03-25,Equity Max-Sharpe,0.009893109239549778
2022-03-28,Equity Max-Sharpe,0.00322512317452423
2022-03-29,Equity Max-Sharpe,0.010946826598826825
2022-03-30,Equity Max-Sharpe,0.0011071840225133722
2022-03-31,Equity Max-Sharpe,-0.011051407502640002
2022-04-01,Equity Max-Sharpe,0.01115809059543034
2022-04-04,Equity Max-Sharpe,-0.003595922900470484
2022-04-05,Equity Max-Sharpe,-0.002863565704216013
2022-04-06,Equity Max-Sharpe,0.016406911959574465
2022-04-07,Equity Max-Sharpe,0.013221899750304286
2022-04-08,Equity Max-Sharpe,0.005787803253318196
2022-04-11,Equity Max-Sharpe,-0.02604364421071091
2022-04-12,Equity Max-Sharpe,0.0031752514439335267
2022-04-13,Equity Max-Sharpe,-0.006898960921694705
2022-04-14,Equity Max-Sharpe,0.005840910015526466
2022-04-18,Equity Max-Sharpe,0.0020795211419993966
2022-04-19,Equity Max-Sharpe,-0.0037485201867044956
2022-04-20,Equity Max-Sharpe,0.004815867853376785
2022-04-21,Equity Max-Sharpe,-0.01683108723481626
2022-04-22,Equity Max-Sharpe,-0.026511740823088246
2022-04-25,Equity Max-Sharpe,-0.006573255150201517
2022-04-26,Equity Max-Sharpe,-0.009869843724355457
2022-04-27,Equity Max-Sharpe,0.002145332163080777
2022-04-28,Equity Max-Sharpe,0.018850926666710392
2022-04-29,Equity Max-Sharpe,-0.05345046573858589
2022-05-02,Equity Max-Sharpe,-0.0030207875368596874
2022-05-03,Equity Max-Sharpe,0.006086547564391131
2022-05-04,Equity Max-Sharpe,0.014401210422050309
2022-05-05,Equity Max-Sharpe,-0.018845837356698876
2022-05-06,Equity Max-Sharpe,0.003121561488655748
2022-05-09,Equity Max-Sharpe,-0.05147558094729295
2022-05-10,Equity Max-Sharpe,-0.003023394628927243
2022-05-11,Equity Max-Sharpe,-0.0004629861551599643
2022-05-12,Equity Max-Sharpe,0.004704603704061517
2022-05-13,Equity Max-Sharpe,0.02090982507351933
2022-05-16,Equity Max-Sharpe,0.00803042799678722
2022-05-17,Equity Max-Sharpe,0.00675840281095465
2022-05-18,Equity Max-Sharpe,-0.03538843728439872
2022-05-19,Equity Max-Sharpe,-0.001685006249220541
2022-05-20,Equity Max-Sharpe,0.0017287169373753767
2022-05-23,Equity Max-Sharpe,0.015512482198301304
2022-05-24,Equity Max-Sharpe,0.0034117456527086028
2022-05-25,Equity Max-Sharpe,0.012094191132639834
2022-05-26,Equity Max-Sharpe,0.009842631347094469
2022-05-27,Equity Max-Sharpe,0.01747184373439463
2022-05-31,Equity Max-Sharpe,-0.016086255386909935
2022-06-01,Equity Max-Sharpe,-0.00028748245648210075
2022-06-02,Equity Max-Sharpe,0.007906772642323031
2022-06-03,Equity Max-Sharpe,-0.0010547059623594076
2022-06-06,Equity Max-Sharpe,-0.0033398856463898534
2022-06-07,Equity Max-Sharpe,0.016016444040889456
2022-06-08,Equity Max-Sharpe,-0.0074811926328862315
2022-06-09,Equity Max-Sharpe,-0.025136749890304174
2022-06-10,Equity Max-Sharpe,-0.012987618130014113
2022-06-13,Equity Max-Sharpe,-0.042422174069822856
2022-06-14,Equity Max-Sharpe,-0.008056296266663921
2022-06-15,Equity Max-Sharpe,-0.005082623997553636
2022-06-16,Equity Max-Sharpe,-0.024742169701730307
2022-06-17,Equity Max-Sharpe,-0.024602260801765453
2022-06-21,Equity Max-Sharpe,0.03700211854729475
2022-06-22,Equity Max-Sharpe,-0.00732464960703603
2022-06-23,Equity Max-Sharpe,-0.002090607173924955
2022-06-24,Equity Max-Sharpe,0.020236048235636617
2022-06-27,Equity Max-Sharpe,0.012406690619403436
2022-06-28,Equity Max-Sharpe,0.003452358224027999
2022-06-29,Equity Max-Sharpe,-0.008439334255185517
2022-06-30,Equity Max-Sharpe,-0.0072743655218406944
2022-07-01,Equity Max-Sharpe,0.011182418818206388
2022-07-05,Equity Max-Sharpe,-0.02254233437669185
2022-07-06,Equity Max-Sharpe,-0.0033954757910244432
2022-07-07,Equity Max-Sharpe,0.004492607264754287
2022-07-08,Equity Max-Sharpe,-0.00016346788160611175
2022-07-11,Equity Max-Sharpe,9.517439987573673e-06
2022-07-12,Equity Max-Sharpe,-0.00937519107804383
2022-07-13,Equity Max-Sharpe,-0.0019183925355599912
2022-07-14,Equity Max-Sharpe,-0.0025498287874880163
2022-07-15,Equity Max-Sharpe,0.015812728136343747
2022-07-18,Equity Max-Sharpe,-0.011550471915890122
2022-07-19,Equity Max-Sharpe,0.011897651743266971
2022-07-20,Equity Max-Sharpe,-0.009289352713750348
2022-07-21,Equity Max-Sharpe,-0.004039503343784554
2022-07-22,Equity Max-Sharpe,0.002133746859042407
2022-07-25,Equity Max-Sharpe,0.018381980798398295
2022-07-26,Equity Max-Sharpe,0.00045895695761036866
2022-07-27,Equity Max-Sharpe,0.002352516581822153
2022-07-28,Equity Max-Sharpe,0.0035281431414638134
2022-07-29,Equity Max-Sharpe,-0.00022315796578101346
2022-08-01,Equity Max-Sharpe,-0.012186681061535393
2022-08-02,Equity Max-Sharpe,-0.0048821976994971854
2022-08-03,Equity Max-Sharpe,-0.005214020046825086
2022-08-04,Equity Max-Sharpe,-0.016607984825128357
2022-08-05,Equity Max-Sharpe,0.0032860646809636865
2022-08-08,Equity Max-Sharpe,0.006760070841368004
2022-08-09,Equity Max-Sharpe,0.014516607188383192
2022-08-10,Equity Max-Sharpe,0.0034438313895773197
2022-08-11,Equity Max-Sharpe,0.011280928392408586
2022-08-12,Equity Max-Sharpe,0.006864123870998787
2022-08-15,Equity Max-Sharpe,-0.006154697424544539
2022-08-16,Equity Max-Sharpe,0.0012590385291787452
2022-08-17,Equity Max-Sharpe,-0.0013679924263948256
2022-08-18,Equity Max-Sharpe,0.010386231646121572
2022-08-19,Equity Max-Sharpe,0.01793504959619279
2022-08-22,Equity Max-Sharpe,-0.014534609563933435
2022-08-23,Equity Max-Sharpe,0.012943580429494811
2022-08-24,Equity Max-Sharpe,0.002286906486482409
2022-08-25,Equity Max-Sharpe,0.005314647659139369
2022-08-26,Equity Max-Sharpe,-0.013874420598145643
2022-08-29,Equity Max-Sharpe,0.00493110205975233
2022-08-30,Equity Max-Sharpe,-0.01773336077022646
2022-08-31,Equity Max-Sharpe,-0.010484548557719547
2022-09-01,Equity Max-Sharpe,0.006614339998072432
2022-09-02,Equity Max-Sharpe,-0.0051154760345199
2022-09-06,Equity Max-Sharpe,-0.004326183849942169
2022-09-07,Equity Max-Sharpe,0.00011434029832672562
2022-09-08,Equity Max-Sharpe,0.0038714199872469522
2022-09-09,Equity Max-Sharpe,0.013075085705521938
2022-09-12,Equity Max-Sharpe,0.011152799563733145
2022-09-13,Equity Max-Sharpe,-0.023239873925934636
2022-09-14,Equity Max-Sharpe,0.019694474257573046
2022-09-15,Equity Max-Sharpe,-0.00980237213402252
2022-09-16,Equity Max-Sharpe,-0.004740470345545296
2022-09-19,Equity Max-Sharpe,0.00029369639992782634
2022-09-20,Equity Max-Sharpe,-0.007626695855536244
2022-09-21,Equity Max-Sharpe,-0.013671398538143963
2022-09-22,Equity Max-Sharpe,0.002433428994694665
2022-09-23,Equity Max-Sharpe,-0.03135443988327281
2022-09-26,Equity Max-Sharpe,-0.01776253518024012
2022-09-27,Equity Max-Sharpe,0.0005371219286617469
2022-09-28,Equity Max-Sharpe,0.02988885744632513
2022-09-29,Equity Max-Sharpe,-0.01132856954587538
2022-09-30,Equity Max-Sharpe,-0.028683717865281847
2022-10-03,Equity Max-Sharpe,0.04047324548438419
2022-10-04,Equity Max-Sharpe,0.02957206417825486
2022-10-05,Equity Max-Sharpe,0.009955065388328655
2022-10-06,Equity Max-Sharpe,-0.0011955282707281306
2022-10-07,Equity Max-Sharpe,-0.010995913015532674
2022-10-10,Equity Max-Sharpe,-0.015317846960887428
2022-10-11,Equity Max-Sharpe,0.008763189376523393
2022-10-12,Equity Max-Sharpe,-0.002963639332876426
2022-10-13,Equity Max-Sharpe,0.0375288354110619
2022-10-14,Equity Max-Sharpe,-0.011733470243801425
2022-10-17,Equity Max-Sharpe,0.010175692209483755
2022-10-18,Equity Max-Sharpe,0.004607813641295134
2022-10-19,Equity Max-Sharpe,0.0027800417997683445
2022-10-20,Equity Max-Sharpe,0.0012796189446301455
2022-10-21,Equity Max-Sharpe,0.02939385361724914
2022-10-24,Equity Max-Sharpe,0.013190109696093293
2022-10-25,Equity Max-Sharpe,-0.00020443798436244423
2022-10-26,Equity Max-Sharpe,0.016130346761997018
2022-10-27,Equity Max-Sharpe,0.0023403266399269307
2022-10-28,Equity Max-Sharpe,-0.0153075506056679
2022-10-31,Equity Max-Sharpe,-0.0025478753109667946
2022-11-01,Equity Max-Sharpe,0.007123968828680585
2022-11-02,Equity Max-Sharpe,-0.021020010320479465
2022-11-03,Equity Max-Sharpe,0.0031163503162524838
2022-11-04,Equity Max-Sharpe,0.010830070130145223
2022-11-07,Equity Max-Sharpe,0.021404101541018867
2022-11-08,Equity Max-Sharpe,0.01784084156664049
2022-11-09,Equity Max-Sharpe,-0.02697968589429464
2022-11-10,Equity Max-Sharpe,0.013336218648229474
2022-11-11,Equity Max-Sharpe,0.007534148903860073
2022-11-14,Equity Max-Sharpe,0.0021107213512800965
2022-11-15,Equity Max-Sharpe,0.00345223069022453
2022-11-16,Equity Max-Sharpe,-0.006370990327922193
2022-11-17,Equity Max-Sharpe,0.005328038310731015
2022-11-18,Equity Max-Sharpe,0.0006897997699035266
2022-11-21,Equity Max-Sharpe,-0.0012619427071220864
2022-11-22,Equity Max-Sharpe,0.016060475539658968
2022-11-23,Equity Max-Sharpe,-0.008835793597131996
2022-11-25,Equity Max-Sharpe,-0.0007578107919660689
2022-11-28,Equity Max-Sharpe,-0.015782623857167978
2022-11-29,Equity Max-Sharpe,0.003483382336137623
2022-11-30,Equity Max-Sharpe,0.013781865777619369
2022-12-01,Equity Max-Sharpe,-0.0023876730959168295
2022-12-02,Equity Max-Sharpe,-0.0007476187884529718
2022-12-05,Equity Max-Sharpe,-0.007553186907216299
2022-12-06,Equity Max-Sharpe,-0.012922553079759794
2022-12-07,Equity Max-Sharpe,0.006389182748895467
2022-12-08,Equity Max-Sharpe,0.0023283163113936214
2022-12-09,Equity Max-Sharpe,-0.017948555250569282
2022-12-12,Equity Max-Sharpe,0.006516437934658231
2022-12-13,Equity Max-Sharpe,0.004211968949617401
2022-12-14,Equity Max-Sharpe,0.002322158825658209
2022-12-15,Equity Max-Sharpe,-0.014771589038068793
2022-12-16,Equity Max-Sharpe,-0.00339347437834184
2022-12-19,Equity Max-Sharpe,0.00022811741226607134
2022-12-20,Equity Max-Sharpe,0.0012755013323755408
2022-12-21,Equity Max-Sharpe,0.011576302810876729
2022-12-22,Equity Max-Sharpe,-0.006246417911394448
2022-12-23,Equity Max-Sharpe,0.008289940154187126
2022-12-27,Equity Max-Sharpe,0.0032312462928724486
2022-12-28,Equity Max-Sharpe,-0.012172750126052984
2022-12-29,Equity Max-Sharpe,0.0023999092921726676
2022-12-30,Equity Max-Sharpe,0.0021759809017789255
2023-01-03,Equity Max-Sharpe,-0.008084634370823287
2023-01-04,Equity Max-Sharpe,0.007276485512876513
2023-01-05,Equity Max-Sharpe,0.015880121984729753
2023-01-06,Equity Max-Sharpe,0.013783858508364461
2023-01-09,Equity Max-Sharpe,-0.02883112382802831
2023-01-10,Equity Max-Sharpe,0.00675503959823556
2023-01-11,Equity Max-Sharpe,0.0034949372290769497
2023-01-12,Equity Max-Sharpe,0.009151021739680767
2023-01-13,Equity Max-Sharpe,0.0021561757792081964
2023-01-17,Equity Max-Sharpe,-0.011969797138954357
2023-01-18,Equity Max-Sharpe,-0.015382807399399925
2023-01-19,Equity Max-Sharpe,0.008843793287325055
2023-01-20,Equity Max-Sharpe,0.005926228824341278
2023-01-23,Equity Max-Sharpe,-0.0025032528575282135
2023-01-24,Equity Max-Sharpe,-0.008633429127868915
2023-01-25,Equity Max-Sharpe,-0.0010442735283546474
2023-01-26,Equity Max-Sharpe,0.0018929836856092066
2023-01-27,Equity Max-Sharpe,-0.013560773783551196
2023-01-30,Equity Max-Sharpe,-0.0034037850465843253
2023-01-31,Equity Max-Sharpe,0.013586664170932492
2023-02-01,Equity Max-Sharpe,-0.007783034145094558
2023-02-02,Equity Max-Sharpe,-0.02901728068071177
2023-02-03,Equity Max-Sharpe,-0.0034239867360350636
2023-02-06,Equity Max-Sharpe,0.001750166399637974
2023-02-07,Equity Max-Sharpe,0.010329911423640849
2023-02-08,Equity Max-Sharpe,-6.332684908686782e-05
2023-02-09,Equity Max-Sharpe,-0.003695647300412974
2023-02-10,Equity Max-Sharpe,0.01797488682347962
2023-02-13,Equity Max-Sharpe,0.008368209184119554
2023-02-14,Equity Max-Sharpe,-0.002748714696419452
2023-02-15,Equity Max-Sharpe,-0.011069917564873128
2023-02-16,Equity Max-Sharpe,-0.009891410032519301
2023-02-17,Equity Max-Sharpe,0.006969860778669736
2023-02-21,Equity Max-Sharpe,-0.008353527669185701
2023-02-22,Equity Max-Sharpe,-0.006297783714242614
2023-02-23,Equity Max-Sharpe,0.0023696956508433113
2023-02-24,Equity Max-Sharpe,-0.008767082470055866
2023-02-27,Equity Max-Sharpe,0.00020963280170817382
2023-02-28,Equity Max-Sharpe,-0.010350422648862143
2023-03-01,Equity Max-Sharpe,0.0036226363387310972
2023-03-02,Equity Max-Sharpe,0.006779646639394234
2023-03-03,Equity Max-Sharpe,0.00924847505811941
2023-03-06,Equity Max-Sharpe,0.013939370094929947
2023-03-07,Equity Max-Sharpe,-0.009181549108996823
2023-03-08,Equity Max-Sharpe,-0.018356204287518708
2023-03-09,Equity Max-Sharpe,-0.0073210057933005635
2023-03-10,Equity Max-Sharpe,-0.001830889675814704
2023-03-13,Equity Max-Sharpe,-0.015789604922942894
2023-03-14,Equity Max-Sharpe,0.0157766634523241
2023-03-15,Equity Max-Sharpe,-0.007481823119327609
2023-03-16,Equity Max-Sharpe,0.00010519141541200181
2023-03-17,Equity Max-Sharpe,-0.027925213549437673
2023-03-20,Equity Max-Sharpe,0.019975531598805964
2023-03-21,Equity Max-Sharpe,0.005706688092194796
2023-03-22,Equity Max-Sharpe,-0.014398766718640914
2023-03-23,Equity Max-Sharpe,-0.0012597149013037902
2023-03-24,Equity Max-Sharpe,0.005205440902736375
2023-03-27,Equity Max-Sharpe,0.01730057742561608
2023-03-28,Equity Max-Sharpe,-0.0030659234603600677
2023-03-29,Equity Max-Sharpe,0.0005296542281635135
2023-03-30,Equity Max-Sharpe,0.007012855569375436
2023-03-31,Equity Max-Sharpe,0.0074719563760836695
2023-04-03,Equity Max-Sharpe,0.02488704103684343
2023-04-04,Equity Max-Sharpe,-0.00723428603439448
2023-04-05,Equity Max-Sharpe,0.022435004849537653
2023-04-06,Equity Max-Sharpe,-0.0033187570871567127
2023-04-10,Equity Max-Sharpe,-0.001983042331465034
2023-04-11,Equity Max-Sharpe,0.0004358985387431578
2023-04-12,Equity Max-Sharpe,0.003331898673023629
2023-04-13,Equity Max-Sharpe,0.0119468540976594
2023-04-14,Equity Max-Sharpe,-0.0005587685433598316
2023-04-17,Equity Max-Sharpe,-0.0002262024705399525
2023-04-18,Equity Max-Sharpe,0.005184268961230266
2023-04-19,Equity Max-Sharpe,-0.0016557966363458807
2023-04-20,Equity Max-Sharpe,0.001089337073734936
2023-04-21,Equity Max-Sharpe,0.01149751905600463
2023-04-24,Equity Max-Sharpe,0.006903480011040437
2023-04-25,Equity Max-Sharpe,-0.005810503363463645
2023-04-26,Equity Max-Sharpe,-0.021250648209410795
2023-04-27,Equity Max-Sharpe,0.009688986245342427
2023-04-28,Equity Max-Sharpe,-0.0002499603013816896
2023-05-01,Equity Max-Sharpe,-0.0043734244810533646
2023-05-02,Equity Max-Sharpe,-0.005861553281098273
2023-05-03,Equity Max-Sharpe,-0.0063162760526127276
2023-05-04,Equity Max-Sharpe,-0.011897273610102474
2023-05-05,Equity Max-Sharpe,0.011560835728712682
2023-05-08,Equity Max-Sharpe,0.0037285481037856723
2023-05-09,Equity Max-Sharpe,-0.0037199382111097095
2023-05-10,Equity Max-Sharpe,-0.0038710619354877284
2023-05-11,Equity Max-Sharpe,-0.0010619935236153735
2023-05-12,Equity Max-Sharpe,-0.0049061648455799795
2023-05-15,Equity Max-Sharpe,0.008776468013416954
2023-05-16,Equity Max-Sharpe,-0.0046058899989559485
2023-05-17,Equity Max-Sharpe,0.003751115379446376
2023-05-18,Equity Max-Sharpe,-0.0012453597653327016
2023-05-19,Equity Max-Sharpe,0.007493701820107734
2023-05-22,Equity Max-Sharpe,-0.004513334489950495
2023-05-23,Equity Max-Sharpe,-0.015782494480909716
2023-05-24,Equity Max-Sharpe,-0.0006459120751120405
2023-05-25,Equity Max-Sharpe,-0.0032680043288960637
2023-05-26,Equity Max-Sharpe,-0.0016850354695155845
2023-05-30,Equity Max-Sharpe,-0.010571848613277883
2023-05-31,Equity Max-Sharpe,0.0028074077628832154
2023-06-01,Equity Max-Sharpe,0.01248372045423209
2023-06-02,Equity Max-Sharpe,0.013916160500684572
2023-06-05,Equity Max-Sharpe,-0.0031655329322767553
2023-06-06,Equity Max-Sharpe,-0.011911655520931498
2023-06-07,Equity Max-Sharpe,-0.005998461319193439
2023-06-08,Equity Max-Sharpe,0.010773452063161201
2023-06-09,Equity Max-Sharpe,0.003589227516963789
2023-06-12,Equity Max-Sharpe,-0.00025282162428531146
2023-06-13,Equity Max-Sharpe,0.007963440045690167
2023-06-14,Equity Max-Sharpe,-0.0028318848868489396
2023-06-15,Equity Max-Sharpe,0.004876614790818724
2023-06-16,Equity Max-Sharpe,0.0018563160202052752
2023-06-20,Equity Max-Sharpe,-0.0031824189057793693
2023-06-21,Equity Max-Sharpe,0.0051741150616952045
2023-06-22,Equity Max-Sharpe,0.008493923779892438
2023-06-23,Equity Max-Sharpe,-0.003658597237896523
2023-06-26,Equity Max-Sharpe,-0.007264843228284087
2023-06-27,Equity Max-Sharpe,0.005998509882333155
2023-06-28,Equity Max-Sharpe,0.0035739199682889283
2023-06-29,Equity Max-Sharpe,0.00470773295552898
2023-06-30,Equity Max-Sharpe,0.020308024782936952
2023-07-03,Equity Max-Sharpe,-0.008262938011710675
2023-07-05,Equity Max-Sharpe,-0.0009844320398922656
2023-07-06,Equity Max-Sharpe,-0.01244030339306806
2023-07-07,Equity Max-Sharpe,-0.006964532354107604
2023-07-10,Equity Max-Sharpe,0.013678856283349408
2023-07-11,Equity Max-Sharpe,0.003425384236899297
2023-07-12,Equity Max-Sharpe,0.002701878032137237
2023-07-13,Equity Max-Sharpe,0.004937484917873406
2023-07-14,Equity Max-Sharpe,-0.004577340299750231
2023-07-17,Equity Max-Sharpe,0.003263443052897447
2023-07-18,Equity Max-Sharpe,0.0038230957449716272
2023-07-19,Equity Max-Sharpe,-0.006957013543517808
2023-07-20,Equity Max-Sharpe,0.008154630283958002
2023-07-21,Equity Max-Sharpe,-0.005016314749910382
2023-07-24,Equity Max-Sharpe,-0.0019830464614206253
2023-07-25,Equity Max-Sharpe,0.03695796559884778
2023-07-26,Equity Max-Sharpe,-0.013476667444171305
2023-07-27,Equity Max-Sharpe,0.00029357025895243344
2023-07-28,Equity Max-Sharpe,3.435476530563549e-05
2023-07-31,Equity Max-Sharpe,0.0006880639264996306
2023-08-01,Equity Max-Sharpe,-0.00931350820715289
2023-08-02,Equity Max-Sharpe,-0.012168534390103547
2023-08-03,Equity Max-Sharpe,0.003184440587843478
2023-08-04,Equity Max-Sharpe,0.0021450253474239443
2023-08-07,Equity Max-Sharpe,0.013591293681544077
2023-08-08,Equity Max-Sharpe,-0.004788907254368001
2023-08-09,Equity Max-Sharpe,-0.008906988203001566
2023-08-10,Equity Max-Sharpe,0.002280341471581467
2023-08-11,Equity Max-Sharpe,0.0054261409624410326
2023-08-14,Equity Max-Sharpe,0.013184783809485201
2023-08-15,Equity Max-Sharpe,-0.008429646955775442
2023-08-16,Equity Max-Sharpe,-0.004247044060781223
2023-08-17,Equity Max-Sharpe,-0.012504611816924619
2023-08-18,Equity Max-Sharpe,0.004536935884593728
2023-08-21,Equity Max-Sharpe,0.009934633806214356
2023-08-22,Equity Max-Sharpe,-0.010959619442074553
2023-08-23,Equity Max-Sharpe,0.02241154943482377
2023-08-24,Equity Max-Sharpe,-0.015387734406247359
2023-08-25,Equity Max-Sharpe,0.0028139671729369023
2023-08-28,Equity Max-Sharpe,0.00929003226845643
2023-08-29,Equity Max-Sharpe,0.014129676139879189
2023-08-30,Equity Max-Sharpe,-0.0005334160096431653
2023-08-31,Equity Max-Sharpe,-0.002111436994383489
2023-09-01,Equity Max-Sharpe,0.00047998519460634335
2023-09-05,Equity Max-Sharpe,-0.011198170544270858
2023-09-06,Equity Max-Sharpe,-0.005177504692688185
2023-09-07,Equity Max-Sharpe,-0.0029980223177953017
2023-09-08,Equity Max-Sharpe,-0.0008253695000333876
2023-09-11,Equity Max-Sharpe,0.006446182074162924
2023-09-12,Equity Max-Sharpe,0.003394235323973435
2023-09-13,Equity Max-Sharpe,-0.006857608999068548
2023-09-14,Equity Max-Sharpe,0.012277331426162944
2023-09-15,Equity Max-Sharpe,-0.011786358987266219
2023-09-18,Equity Max-Sharpe,0.0054911910776534074
2023-09-19,Equity Max-Sharpe,-0.00550005795970458
2023-09-20,Equity Max-Sharpe,-0.011842343757765992
2023-09-21,Equity Max-Sharpe,-0.015859695695119917
2023-09-22,Equity Max-Sharpe,-0.0037450312384827585
2023-09-25,Equity Max-Sharpe,0.0046291871968848
2023-09-26,Equity Max-Sharpe,-0.010275008422419693
2023-09-27,Equity Max-Sharpe,0.003943674097865508
2023-09-28,Equity Max-Sharpe,0.009875842947164011
2023-09-29,Equity Max-Sharpe,-0.01082949082460693
2023-10-02,Equity Max-Sharpe,-0.0014444100952356505
2023-10-03,Equity Max-Sharpe,-0.011888864113619332
2023-10-04,Equity Max-Sharpe,0.0051379668706529385
2023-10-05,Equity Max-Sharpe,0.006087524217403405
2023-10-06,Equity Max-Sharpe,0.019035688070076225
2023-10-09,Equity Max-Sharpe,-0.004802591448056962
2023-10-10,Equity Max-Sharpe,0.006222308896472449
2023-10-11,Equity Max-Sharpe,0.01628905067383025
2023-10-12,Equity Max-Sharpe,-0.007395833388364779
2023-10-13,Equity Max-Sharpe,-0.014666439865022009
2023-10-16,Equity Max-Sharpe,0.002875700431766928
2023-10-17,Equity Max-Sharpe,-0.005928952115738913
2023-10-18,Equity Max-Sharpe,-0.02364740828299408
2023-10-19,Equity Max-Sharpe,-0.007406057623765445
2023-10-20,Equity Max-Sharpe,-0.003925414168827405
2023-10-23,Equity Max-Sharpe,0.010134524342155822
2023-10-24,Equity Max-Sharpe,0.03632002396071683
2023-10-25,Equity Max-Sharpe,-0.019661916020322807
2023-10-26,Equity Max-Sharpe,-0.015188585940334978
2023-10-27,Equity Max-Sharpe,-0.01831884764042919
2023-10-30,Equity Max-Sharpe,0.020126963732170367
2023-10-31,Equity Max-Sharpe,-0.009989694347732388
2023-11-01,Equity Max-Sharpe,0.0033177873778195846
2023-11-02,Equity Max-Sharpe,0.010289784506616054
2023-11-03,Equity Max-Sharpe,0.01433624886452151
2023-11-06,Equity Max-Sharpe,0.014311932878551937
2023-11-07,Equity Max-Sharpe,0.001915812509330823
2023-11-08,Equity Max-Sharpe,0.0090682080418011
2023-11-09,Equity Max-Sharpe,-0.005009622969365444
2023-11-10,Equity Max-Sharpe,0.018053865286606227
2023-11-13,Equity Max-Sharpe,0.003341684100336348
2023-11-14,Equity Max-Sharpe,0.01266027008916537
2023-11-15,Equity Max-Sharpe,-0.005973005656618432
2023-11-16,Equity Max-Sharpe,0.0032096641481979167
2023-11-17,Equity Max-Sharpe,0.0016991276209876699
2023-11-20,Equity Max-Sharpe,0.008163514319910444
2023-11-21,Equity Max-Sharpe,-0.0034110105818100406
2023-11-22,Equity Max-Sharpe,-0.007966710890296424
2023-11-24,Equity Max-Sharpe,-0.0018442988734996236
2023-11-27,Equity Max-Sharpe,0.0018159778415803886
2023-11-28,Equity Max-Sharpe,-0.005746797972025993
2023-11-29,Equity Max-Sharpe,-7.316748753462255e-05
2023-11-30,Equity Max-Sharpe,0.004574393165520439
2023-12-01,Equity Max-Sharpe,0.0030516088063740365
2023-12-04,Equity Max-Sharpe,-0.006913095264304661
2023-12-05,Equity Max-Sharpe,0.001388028727381268
2023-12-06,Equity Max-Sharpe,-0.007111416942217179
2023-12-07,Equity Max-Sharpe,0.0058172657147141016
2023-12-08,Equity Max-Sharpe,0.009988551273116184
2023-12-11,Equity Max-Sharpe,-0.002335598793829737
2023-12-12,Equity Max-Sharpe,0.01506620369433036
2023-12-13,Equity Max-Sharpe,-4.21387798912024e-05
2023-12-14,Equity Max-Sharpe,-0.006160375877470651
2023-12-15,Equity Max-Sharpe,0.009903032484527188
2023-12-18,Equity Max-Sharpe,0.010052322465121315
2023-12-19,Equity Max-Sharpe,0.009164669932494984
2023-12-20,Equity Max-Sharpe,-0.021696437334153284
2023-12-21,Equity Max-Sharpe,0.021141625907470863
2023-12-22,Equity Max-Sharpe,-0.0012330059264313844
2023-12-26,Equity Max-Sharpe,0.006658046513925618
2023-12-27,Equity Max-Sharpe,0.0035520105408617057
2023-12-28,Equity Max-Sharpe,0.0016081019972733295
2023-12-29,Equity Max-Sharpe,-0.002836996754522863
2021-01-02,Crypto Min-Variance,0.07414632651100535
2021-01-03,Crypto Min-Variance,0.027647656893646615
2021-01-04,Crypto Min-Variance,-0.009757114951185409
2021-01-05,Crypto Min-Variance,0.04482176888748993
2021-01-06,Crypto Min-Variance,0.09254243880524429
2021-01-07,Crypto Min-Variance,0.07449429801961288
2021-01-08,Crypto Min-Variance,0.027251411034375377
2021-01-09,Crypto Min-Variance,0.0018428737157392843
2021-01-10,Crypto Min-Variance,-0.044800146678831955
2021-01-11,Crypto Min-Variance,-0.07864214125902606
2021-01-12,Crypto Min-Variance,-0.03843721153806554
2021-01-13,Crypto Min-Variance,0.09222841212154974
2021-01-14,Crypto Min-Variance,0.038769331890911515
2021-01-15,Crypto Min-Variance,-0.05414880221523096
2021-01-16,Crypto Min-Variance,-0.012883613094933697
2021-01-17,Crypto Min-Variance,-0.008832488480321248
2021-01-18,Crypto Min-Variance,0.025963059783204172
2021-01-19,Crypto Min-Variance,-0.013698948272960445
2021-01-20,Crypto Min-Variance,-0.012737636850703886
2021-01-21,Crypto Min-Variance,-0.12643935960253372
2021-01-22,Crypto Min-Variance,0.06368976172340031
2021-01-23,Crypto Min-Variance,-0.021652165383082764
2021-01-24,Crypto Min-Variance,0.00914915602340823
2021-01-25,Crypto Min-Variance,-0.001061026465678688
2021-01-26,Crypto Min-Variance,0.004933213090845362
2021-01-27,Crypto Min-Variance,-0.06309379863983387
2021-01-28,Crypto Min-Variance,0.0930510901215474
2021-01-29,Crypto Min-Variance,0.03782935551362184
2021-01-30,Crypto Min-Variance,0.02752923542673344
2021-01-31,Crypto Min-Variance,-0.023472799877047857
2021-02-01,Crypto Min-Variance,0.0052999505832286315
2021-02-02,Crypto Min-Variance,0.04636535263580503
2021-02-03,Crypto Min-Variance,0.05009860935570318
2021-02-04,Crypto Min-Variance,-0.012657168671902615
2021-02-05,Crypto Min-Variance,0.047330936803717485
2021-02-06,Crypto Min-Variance,0.01760804571200617
2021-02-07,Crypto Min-Variance,-0.00942427921958579
2021-02-08,Crypto Min-Variance,0.1618915729884711
2021-02-09,Crypto Min-Variance,0.03542014820011397
2021-02-10,Crypto Min-Variance,-0.013840383726910297
2021-02-11,Crypto Min-Variance,0.0954465871897952
2021-02-12,Crypto Min-Variance,-0.0008970375588617432
2021-02-13,Crypto Min-Variance,0.03744374684850216
2021-02-14,Crypto Min-Variance,0.009709871720541812
2021-02-15,Crypto Min-Variance,-0.03544144455149329
2021-02-16,Crypto Min-Variance,0.01923385775264565
2021-02-17,Crypto Min-Variance,0.05085770032467058
2021-02-18,Crypto Min-Variance,-0.0013814706613735606
2021-02-19,Crypto Min-Variance,0.08063392946389675
2021-02-20,Crypto Min-Variance,-0.010104831127726494
2021-02-21,Crypto Min-Variance,0.027992278316133084
2021-02-22,Crypto Min-Variance,-0.06159059206019536
2021-02-23,Crypto Min-Variance,-0.12137676875152996
2021-02-24,Crypto Min-Variance,0.02777103304639849
2021-02-25,Crypto Min-Variance,-0.056487106002764895
2021-02-26,Crypto Min-Variance,-0.014349938019851502
2021-02-27,Crypto Min-Variance,0.006388335405099787
2021-02-28,Crypto Min-Variance,-0.027703429362311738
2021-03-01,Crypto Min-Variance,0.08802875711181488
2021-03-02,Crypto Min-Variance,-0.023035943220993355
2021-03-03,Crypto Min-Variance,0.04296534359053676
2021-03-04,Crypto Min-Variance,-0.01860606932995907
2021-03-05,Crypto Min-Variance,-0.0017486066932352303
2021-03-06,Crypto Min-Variance,0.0019904151494114257
2021-03-07,Crypto Min-Variance,0.03994498488693011
2021-03-08,Crypto Min-Variance,0.01912786205805313
2021-03-09,Crypto Min-Variance,0.0434410498231631
2021-03-10,Crypto Min-Variance,0.004189299285413249
2021-03-11,Crypto Min-Variance,0.022233166138442284
2021-03-12,Crypto Min-Variance,-0.014478419473057625
2021-03-13,Crypto Min-Variance,0.0723685687925385
2021-03-14,Crypto Min-Variance,-0.03571254246277948
2021-03-15,Crypto Min-Variance,-0.046324628696511674
2021-03-16,Crypto Min-Variance,0.023360526181524063
2021-03-17,Crypto Min-Variance,0.035250508983018174
2021-03-18,Crypto Min-Variance,-0.017614245227474894
2021-03-19,Crypto Min-Variance,0.01978561616197512
2021-03-20,Crypto Min-Variance,0.012898184521369318
2021-03-21,Crypto Min-Variance,-0.008200550225397023
2021-03-22,Crypto Min-Variance,-0.04259334823568604
2021-03-23,Crypto Min-Variance,0.005133663362670102
2021-03-24,Crypto Min-Variance,-0.04684607931738377
2021-03-25,Crypto Min-Variance,-0.013033428974382694
2021-03-26,Crypto Min-Variance,0.08258694307667866
2021-03-27,Crypto Min-Variance,0.005872473529644627
2021-03-28,Crypto Min-Variance,4.3539058150651494e-05
2021-03-29,Crypto Min-Variance,0.032181437178799996
2021-03-30,Crypto Min-Variance,0.019664182477366874
2021-03-31,Crypto Min-Variance,0.062223115625357504
2021-04-01,Crypto Min-Variance,-0.00203773584979116
2021-04-02,Crypto Min-Variance,0.021690570602286678
2021-04-03,Crypto Min-Variance,-0.019820801946307046
2021-04-04,Crypto Min-Variance,0.05944686747251207
2021-04-05,Crypto Min-Variance,0.04332730098403585
2021-04-06,Crypto Min-Variance,-0.001264562568702901
2021-04-07,Crypto Min-Variance,-0.04505193043798522
2021-04-08,Crypto Min-Variance,0.053913652085059244
2021-04-09,Crypto Min-Variance,-0.013485393191872981
2021-04-10,Crypto Min-Variance,0.05640550849917254
2021-04-11,Crypto Min-Variance,0.002003263765287685
2021-04-12,Crypto Min-Variance,0.005145048503545052
2021-04-13,Crypto Min-Variance,0.08106825428891558
2021-04-14,Crypto Min-Variance,-0.0039382344003374035
2021-04-15,Crypto Min-Variance,0.047397978978760344
2021-04-16,Crypto Min-Variance,-0.0005412241848643624
2021-04-17,Crypto Min-Variance,-0.014870716657169172
2021-04-18,Crypto Min-Variance,-0.07428709561399066
2021-04-19,Crypto Min-Variance,-0.03065368803568167
2021-04-20,Crypto Min-Variance,0.017109732781153762
2021-04-21,Crypto Min-Variance,-0.050040185779844835
2021-04-22,Crypto Min-Variance,-0.045172204198686984
2021-04-23,Crypto Min-Variance,-0.012035420281056086
2021-04-24,Crypto Min-Variance,-0.036478540273396205
2021-04-25,Crypto Min-Variance,-0.01877675285989134
2021-04-26,Crypto Min-Variance,0.12450904664672278
2021-04-27,Crypto Min-Variance,0.02774270127671986
2021-04-28,Crypto Min-Variance,-0.003594049151898029
2021-04-29,Crypto Min-Variance,-0.018077974151601596
2021-04-30,Crypto Min-Variance,0.0798838431050458
2021-05-01,Crypto Min-Variance,0.020771142505783914
2021-05-02,Crypto Min-Variance,-0.01732229599569207
2021-05-03,Crypto Min-Variance,0.0361417584943929
2021-05-04,Crypto Min-Variance,-0.030721621189727537
2021-05-05,Crypto Min-Variance,0.11922804202405819
2021-05-06,Crypto Min-Variance,0.03426549278175434
2021-05-07,Crypto Min-Variance,6.01636072210764e-05
2021-05-08,Crypto Min-Variance,0.0273519689581429
2021-05-09,Crypto Min-Variance,-0.009754409992281707
2021-05-10,Crypto Min-Variance,-0.05095642621040196
2021-05-11,Crypto Min-Variance,0.030508861977082805
2021-05-12,Crypto Min-Variance,-0.14265577776870783
2021-05-13,Crypto Min-Variance,0.025401334983990317
2021-05-14,Crypto Min-Variance,0.030168790377628922
2021-05-15,Crypto Min-Variance,-0.05829359197749059
2021-05-16,Crypto Min-Variance,-0.005306920151431743
2021-05-17,Crypto Min-Variance,-0.06318182796260938
2021-05-18,Crypto Min-Variance,-0.00731027661790178
2021-05-19,Crypto Min-Variance,-0.18448613433150451
2021-05-20,Crypto Min-Variance,0.12336364417092782
2021-05-21,Crypto Min-Variance,-0.0991121500529993
2021-05-22,Crypto Min-Variance,-0.013026593189148571
2021-05-23,Crypto Min-Variance,-0.08593279072182823
2021-05-24,Crypto Min-Variance,0.16182965519141956
2021-05-25,Crypto Min-Variance,0.0027218300906185367
2021-05-26,Crypto Min-Variance,0.035468669767274696
2021-05-27,Crypto Min-Variance,-0.033113369973433775
2021-05-28,Crypto Min-Variance,-0.07678686173799551
2021-05-29,Crypto Min-Variance,-0.03808361532471317
2021-05-30,Crypto Min-Variance,0.0375403927098511
2021-05-31,Crypto Min-Variance,0.058231606525043854
2021-06-01,Crypto Min-Variance,-0.01729354527714555
2021-06-02,Crypto Min-Variance,0.023689605358155834
2021-06-03,Crypto Min-Variance,0.0444688756506838
2021-06-04,Crypto Min-Variance,-0.05964511071597861
2021-06-05,Crypto Min-Variance,-0.03437965038648415
2021-06-06,Crypto Min-Variance,0.011103631523123129
2021-06-07,Crypto Min-Variance,-0.06469398093518564
2021-06-08,Crypto Min-Variance,-0.002299009520215328
2021-06-09,Crypto Min-Variance,0.10295173995670173
2021-06-10,Crypto Min-Variance,-0.022425899431804643
2021-06-11,Crypto Min-Variance,0.006409059092464814
2021-06-12,Crypto Min-Variance,-0.039638320186143446
2021-06-13,Crypto Min-Variance,0.09229478419307816
2021-06-14,Crypto Min-Variance,0.025560244405830768
2021-06-15,Crypto Min-Variance,0.006158654693210005
2021-06-16,Crypto Min-Variance,-0.05405876622098797
2021-06-17,Crypto Min-Variance,-0.0018526058629651523
2021-06-18,Crypto Min-Variance,-0.05873916846601323
2021-06-19,Crypto Min-Variance,-0.00704252695108831
2021-06-20,Crypto Min-Variance,0.0037430244411200495
2021-06-21,Crypto Min-Variance,-0.1252156130079785
2021-06-22,Crypto Min-Variance,0.016462071663982517
2021-06-23,Crypto Min-Variance,0.045195665642424186
2021-06-24,Crypto Min-Variance,0.03884840492366176
2021-06-25,Crypto Min-Variance,-0.08541196664195914
2021-06-26,Crypto Min-Variance,0.016141988381973144
2021-06-27,Crypto Min-Variance,0.07328588974125211
2021-06-28,Crypto Min-Variance,-0.0022725684400665344
2021-06-29,Crypto Min-Variance,0.044766307872646474
2021-06-30,Crypto Min-Variance,-0.015514107024887678
2021-07-01,Crypto Min-Variance,-0.04385794815746023
2021-07-02,Crypto Min-Variance,0.012873223723271323
2021-07-03,Crypto Min-Variance,0.021732956734988575
2021-07-04,Crypto Min-Variance,0.019768968712701868
2021-07-05,Crypto Min-Variance,-0.0437536255200278
2021-07-06,Crypto Min-Variance,0.016526796957983134
2021-07-07,Crypto Min-Variance,-0.010519414485193461
2021-07-08,Crypto Min-Variance,-0.03506248325913517
2021-07-09,Crypto Min-Variance,0.02560791180131521
2021-07-10,Crypto Min-Variance,-0.009147699561592885
2021-07-11,Crypto Min-Variance,0.01938901305611122
2021-07-12,Crypto Min-Variance,-0.03203598410894467
2021-07-13,Crypto Min-Variance,-0.017212014967678886
2021-07-14,Crypto Min-Variance,0.0053514972769192525
2021-07-15,Crypto Min-Variance,-0.03263683478827976
2021-07-16,Crypto Min-Variance,-0.014620724021819673
2021-07-17,Crypto Min-Variance,0.003866377373629378
2021-07-18,Crypto Min-Variance,0.007277776951481704
2021-07-19,Crypto Min-Variance,-0.03359845714970885
2021-07-20,Crypto Min-Variance,-0.034316410202181236
2021-07-21,Crypto Min-Variance,0.08030254148506161
2021-07-22,Crypto Min-Variance,0.008837760438184204
2021-07-23,Crypto Min-Variance,0.03713902238755202
2021-07-24,Crypto Min-Variance,0.02200457489266185
2021-07-25,Crypto Min-Variance,0.02572260115969197
2021-07-26,Crypto Min-Variance,0.049270288404194555
2021-07-27,Crypto Min-Variance,0.0499083003120443
2021-07-28,Crypto Min-Variance,0.012744873516257143
2021-07-29,Crypto Min-Variance,0.004084094821433255
2021-07-30,Crypto Min-Variance,0.050524213638842665
2021-07-31,Crypto Min-Variance,-0.008955164319761687
2021-08-01,Crypto Min-Variance,-0.03322046766394156
2021-08-02,Crypto Min-Variance,-0.013724591923122517
2021-08-03,Crypto Min-Variance,-0.02329517634230695
2021-08-04,Crypto Min-Variance,0.04373794669140455
2021-08-05,Crypto Min-Variance,0.028594203642595264
2021-08-06,Crypto Min-Variance,0.042919527587748696
2021-08-07,Crypto Min-Variance,0.04431401330411932
2021-08-08,Crypto Min-Variance,-0.02102873977334513
2021-08-09,Crypto Min-Variance,0.055130224317084676
2021-08-10,Crypto Min-Variance,-0.007504795801352997
2021-08-11,Crypto Min-Variance,0.012066795363829902
2021-08-12,Crypto Min-Variance,-0.022033017582458393
2021-08-13,Crypto Min-Variance,0.08035105678200802
2021-08-14,Crypto Min-Variance,-0.009340014899754086
2021-08-15,Crypto Min-Variance,-0.00025919826699943665
2021-08-16,Crypto Min-Variance,-0.025472084981513352
2021-08-17,Crypto Min-Variance,-0.03303534603474952
2021-08-18,Crypto Min-Variance,0.006276933054673401
2021-08-19,Crypto Min-Variance,0.048477246419264916
2021-08-20,Crypto Min-Variance,0.050686133092488116
2021-08-21,Crypto Min-Variance,-0.010679154228167228
2021-08-22,Crypto Min-Variance,0.012881409645882629
2021-08-23,Crypto Min-Variance,0.010129562264535843
2021-08-24,Crypto Min-Variance,-0.04047891628459669
2021-08-25,Crypto Min-Variance,0.02524648341235453
2021-08-26,Crypto Min-Variance,-0.043155564286579684
2021-08-27,Crypto Min-Variance,0.05230827136308522
2021-08-28,Crypto Min-Variance,-0.004646193989457765
2021-08-29,Crypto Min-Variance,-0.0011660608800599676
2021-08-30,Crypto Min-Variance,-0.03372072780116573
2021-08-31,Crypto Min-Variance,0.008944406333594734
2021-09-01,Crypto Min-Variance,0.04341748484526178
2021-09-02,Crypto Min-Variance,0.012868291008318532
2021-09-03,Crypto Min-Variance,0.015298780873356805
2021-09-04,Crypto Min-Variance,-0.0038662330747678145
2021-09-05,Crypto Min-Variance,0.03451392574739758
2021-09-06,Crypto Min-Variance,0.011275243374987896
2021-09-07,Crypto Min-Variance,-0.11745701493532179
2021-09-08,Crypto Min-Variance,-0.004435731004973279
2021-09-09,Crypto Min-Variance,0.005021191191594069
2021-09-10,Crypto Min-Variance,-0.0343579700086478
2021-09-11,Crypto Min-Variance,0.015261957810381536
2021-09-12,Crypto Min-Variance,0.03233449333401807
2021-09-13,Crypto Min-Variance,-0.030355757848007175
2021-09-14,Crypto Min-Variance,0.05185757748158179
2021-09-15,Crypto Min-Variance,0.02570904058641871
2021-09-16,Crypto Min-Variance,-0.01202200133469036
2021-09-17,Crypto Min-Variance,-0.02078157443374959
2021-09-18,Crypto Min-Variance,0.019062115710627207
2021-09-19,Crypto Min-Variance,-0.022233454136439172
2021-09-20,Crypto Min-Variance,-0.09709190269150966
2021-09-21,Crypto Min-Variance,-0.04889538319499995
2021-09-22,Crypto Min-Variance,0.08023340476475996
2021-09-23,Crypto Min-Variance,0.027780716983580568
2021-09-24,Crypto Min-Variance,-0.04824095488671672
2021-09-25,Crypto Min-Variance,-0.0035884279484508274
2021-09-26,Crypto Min-Variance,0.0078315416782734
2021-09-27,Crypto Min-Variance,-0.023775839578467715
2021-09-28,Crypto Min-Variance,-0.03048796497081832
2021-09-29,Crypto Min-Variance,0.013916118828583297
2021-09-30,Crypto Min-Variance,0.05123541213475566
2021-10-01,Crypto Min-Variance,0.09589165608824173
2021-10-02,Crypto Min-Variance,-0.0053592106486906425
2021-10-03,Crypto Min-Variance,0.009617687401810567
2021-10-04,Crypto Min-Variance,0.012452231971880374
2021-10-05,Crypto Min-Variance,0.0458481387802689
2021-10-06,Crypto Min-Variance,0.062139983065249954
2021-10-07,Crypto Min-Variance,-0.021225318366971738
2021-10-08,Crypto Min-Variance,0.0016507645609227125
2021-10-09,Crypto Min-Variance,0.01812643962676908
2021-10-10,Crypto Min-Variance,-0.00997617665107092
2021-10-11,Crypto Min-Variance,0.04285922841231734
2021-10-12,Crypto Min-Variance,-0.02396536093650097
2021-10-13,Crypto Min-Variance,0.02553564287992299
2021-10-14,Crypto Min-Variance,0.0022717196631445806
2021-10-15,Crypto Min-Variance,0.06470490474782822
2021-10-16,Crypto Min-Variance,-0.010993347521873652
2021-10-17,Crypto Min-Variance,0.008746468587602875
2021-10-18,Crypto Min-Variance,0.0031885311013868686
2021-10-19,Crypto Min-Variance,0.03299718295845901
2021-10-20,Crypto Min-Variance,0.031075800041663087
2021-10-21,Crypto Min-Variance,-0.05172533346720723
2021-10-22,Crypto Min-Variance,-0.02123800605033329
2021-10-23,Crypto Min-Variance,0.014444036195192678
2021-10-24,Crypto Min-Variance,-0.009581346348495426
2021-10-25,Crypto Min-Variance,0.0322385360992513
2021-10-26,Crypto Min-Variance,-0.036644462330207156
2021-10-27,Crypto Min-Variance,-0.03947475575779595
2021-10-28,Crypto Min-Variance,0.04182243989390246
2021-10-29,Crypto Min-Variance,0.02636256919471129
2021-10-30,Crypto Min-Variance,-0.007456279415902488
2021-10-31,Crypto Min-Variance,-0.007737174963640694
2021-11-01,Crypto Min-Variance,-0.004266017158033599
2021-11-02,Crypto Min-Variance,0.037918927625376325
2021-11-03,Crypto Min-Variance,-3.696104783986723e-05
2021-11-04,Crypto Min-Variance,-0.02426818872376303
2021-11-05,Crypto Min-Variance,-0.005110857950395371
2021-11-06,Crypto Min-Variance,0.006294960727537813
2021-11-07,Crypto Min-Variance,0.026688379077478327
2021-11-08,Crypto Min-Variance,0.06295123003824661
2021-11-09,Crypto Min-Variance,-0.001980839237788191
2021-11-10,Crypto Min-Variance,-0.03341555425328658
2021-11-11,Crypto Min-Variance,0.0015650698986479164
2021-11-12,Crypto Min-Variance,-0.012826453071319386
2021-11-13,Crypto Min-Variance,0.005541538391578801
2021-11-14,Crypto Min-Variance,0.01295791033165472
2021-11-15,Crypto Min-Variance,-0.023458385769532773
2021-11-16,Crypto Min-Variance,-0.05870720281186467
2021-11-17,Crypto Min-Variance,0.004788327408664564
2021-11-18,Crypto Min-Variance,-0.05844247126406199
2021-11-19,Crypto Min-Variance,0.02757626604981766
2021-11-20,Crypto Min-Variance,0.02665648537187243
2021-11-21,Crypto Min-Variance,-0.018212387408460626
2021-11-22,Crypto Min-Variance,-0.04135144677930116
2021-11-23,Crypto Min-Variance,0.023060907356857188
2021-11-24,Crypto Min-Variance,-0.023404765904314638
2021-11-25,Crypto Min-Variance,0.01259345447928705
2021-11-26,Crypto Min-Variance,-0.06476167130682595
2021-11-27,Crypto Min-Variance,0.02155444550582735
2021-11-28,Crypto Min-Variance,0.04275430608841649
2021-11-29,Crypto Min-Variance,0.011599040444569154
2021-11-30,Crypto Min-Variance,-0.010416670348959607
2021-12-01,Crypto Min-Variance,0.0022233873814819184
2021-12-02,Crypto Min-Variance,-0.003505214872504893
2021-12-03,Crypto Min-Variance,-0.05472074895276447
2021-12-04,Crypto Min-Variance,-0.07780007180006164
2021-12-05,Crypto Min-Variance,0.001003757306399395
2021-12-06,Crypto Min-Variance,0.026734889620861145
2021-12-07,Crypto Min-Variance,-0.00017784917219608475
2021-12-08,Crypto Min-Variance,0.0006742556773539428
2021-12-09,Crypto Min-Variance,-0.05832589891986634
2021-12-10,Crypto Min-Variance,-0.016204643948180414
2021-12-11,Crypto Min-Variance,0.050346907946419966
2021-12-12,Crypto Min-Variance,0.01253021237861999
2021-12-13,Crypto Min-Variance,-0.07022117563339725
2021-12-14,Crypto Min-Variance,-0.0028977374351609776
2021-12-15,Crypto Min-Variance,0.051822339588139456
2021-12-16,Crypto Min-Variance,-0.026545776607273138
2021-12-17,Crypto Min-Variance,-0.030037387039259254
2021-12-18,Crypto Min-Variance,0.014727323159343086
2021-12-19,Crypto Min-Variance,-0.0034289922227041655
2021-12-20,Crypto Min-Variance,0.0020463695566385947
2021-12-21,Crypto Min-Variance,0.040652343095821254
2021-12-22,Crypto Min-Variance,-0.002944216334614381
2021-12-23,Crypto Min-Variance,0.04844011582098714
2021-12-24,Crypto Min-Variance,-0.0054413526769917925
2021-12-25,Crypto Min-Variance,-0.0018588705542849718
2021-12-26,Crypto Min-Variance,0.005825214773840033
2021-12-27,Crypto Min-Variance,-0.0005018737680632121
2021-12-28,Crypto Min-Variance,-0.06086839973478985
2021-12-29,Crypto Min-Variance,-0.027316305922909463
2021-12-30,Crypto Min-Variance,0.017028270701421922
2021-12-31,Crypto Min-Variance,-0.01928370527123225
2022-01-01,Crypto Min-Variance,0.030372652380383825
2022-01-02,Crypto Min-Variance,-0.0041453505943260804
2022-01-03,Crypto Min-Variance,-0.02005734122015928
2022-01-04,Crypto Min-Variance,-0.010183443234283999
2022-01-05,Crypto Min-Variance,-0.05264988697977456
2022-01-06,Crypto Min-Variance,-0.007964892566140469
2022-01-07,Crypto Min-Variance,-0.04035216829868484
2022-01-08,Crypto Min-Variance,-0.001384311077547991
2022-01-09,Crypto Min-Variance,0.004579761107780175
2022-01-10,Crypto Min-Variance,-0.007501554223670475
2022-01-11,Crypto Min-Variance,0.02616497891146057
2022-01-12,Crypto Min-Variance,0.03498081955238817
2022-01-13,Crypto Min-Variance,-0.0329397700789384
2022-01-14,Crypto Min-Variance,0.015059660085770303
2022-01-15,Crypto Min-Variance,0.0026632064494394436
2022-01-16,Crypto Min-Variance,0.005644462650793919
2022-01-17,Crypto Min-Variance,-0.010157890688207731
2022-01-18,Crypto Min-Variance,-0.005264310274420196
2022-01-19,Crypto Min-Variance,-0.019531010249983927
2022-01-20,Crypto Min-Variance,-0.02835350094075364
2022-01-21,Crypto Min-Variance,-0.10733458990185996
2022-01-22,Crypto Min-Variance,-0.04248148869573619
2022-01-23,Crypto Min-Variance,0.03777892001734939
2022-01-24,Crypto Min-Variance,0.0008962116333260222
2022-01-25,Crypto Min-Variance,0.0061738101329029595
2022-01-26,Crypto Min-Variance,0.0007197539114334109
2022-01-27,Crypto Min-Variance,0.0024663455830641334
2022-01-28,Crypto Min-Variance,0.01950504154381206
2022-01-29,Crypto Min-Variance,0.010184507186582252
2022-01-30,Crypto Min-Variance,-0.00620951404914649
2022-01-31,Crypto Min-Variance,0.01638626063357925
2022-02-01,Crypto Min-Variance,0.011588640769446466
2022-02-02,Crypto Min-Variance,-0.04625153472794364
2022-02-03,Crypto Min-Variance,0.006472491116329163
2022-02-04,Crypto Min-Variance,0.11352664796010144
2022-02-05,Crypto Min-Variance,-0.0008605121843809491
2022-02-06,Crypto Min-Variance,0.022028198406504457
2022-02-07,Crypto Min-Variance,0.034097120151738776
2022-02-08,Crypto Min-Variance,0.0036100456481825164
2022-02-09,Crypto Min-Variance,0.008433644573604246
2022-02-10,Crypto Min-Variance,-0.021601092520560562
2022-02-11,Crypto Min-Variance,-0.031182970439691114
2022-02-12,Crypto Min-Variance,-0.0050704463405461175
2022-02-13,Crypto Min-Variance,-0.002811751910227956
2022-02-14,Crypto Min-Variance,0.009551504114832606
2022-02-15,Crypto Min-Variance,0.050488699240013556
2022-02-16,Crypto Min-Variance,-0.014484434222559931
2022-02-17,Crypto Min-Variance,-0.07661089093282399
2022-02-18,Crypto Min-Variance,-0.015029073231134182
2022-02-19,Crypto Min-Variance,0.0012752670819579169
2022-02-20,Crypto Min-Variance,-0.04443572893274508
2022-02-21,Crypto Min-Variance,-0.03741408763927144
2022-02-22,Crypto Min-Variance,0.032277732451866784
2022-02-23,Crypto Min-Variance,-0.024951353681671645
2022-02-24,Crypto Min-Variance,0.022192001259228208
2022-02-25,Crypto Min-Variance,0.028732664539563017
2022-02-26,Crypto Min-Variance,-0.0029210941851024277
2022-02-27,Crypto Min-Variance,-0.03632895336958691
2022-02-28,Crypto Min-Variance,0.14281201946946445
2022-03-01,Crypto Min-Variance,0.025279818949213172
2022-03-02,Crypto Min-Variance,-0.010426429240194726
2022-03-03,Crypto Min-Variance,-0.033982206041607926
2022-03-04,Crypto Min-Variance,-0.07738432835865128
2022-03-05,Crypto Min-Variance,0.00821871015074595
2022-03-06,Crypto Min-Variance,-0.02673253720009288
2022-03-07,Crypto Min-Variance,-0.01100116495885538
2022-03-08,Crypto Min-Variance,0.017546983499916225
2022-03-09,Crypto Min-Variance,0.08163701175366606
2022-03-10,Crypto Min-Variance,-0.059519833734873906
2022-03-11,Crypto Min-Variance,-0.016576558174584043
2022-03-12,Crypto Min-Variance,0.002809181135320786
2022-03-13,Crypto Min-Variance,-0.02543383058544379
2022-03-14,Crypto Min-Variance,0.045612936361150866
2022-03-15,Crypto Min-Variance,-0.007382851009295921
2022-03-16,Crypto Min-Variance,0.04643091623074151
2022-03-17,Crypto Min-Variance,-0.0038106105793048696
2022-03-18,Crypto Min-Variance,0.021621801153901634
2022-03-19,Crypto Min-Variance,0.011487588884279688
2022-03-20,Crypto Min-Variance,-0.02281938603249676
2022-03-21,Crypto Min-Variance,-0.0008562917322629238
2022-03-22,Crypto Min-Variance,0.03280740005106419
2022-03-23,Crypto Min-Variance,0.01936840966903914
2022-03-24,Crypto Min-Variance,0.0246726531243222
2022-03-25,Crypto Min-Variance,0.0064946769807032855
2022-03-26,Crypto Min-Variance,0.006114895509514838
2022-03-27,Crypto Min-Variance,0.05062744958661543
2022-03-28,Crypto Min-Variance,0.005858146660226703
2022-03-29,Crypto Min-Variance,0.008021864567570518
2022-03-30,Crypto Min-Variance,-0.006429037180337193
2022-03-31,Crypto Min-Variance,-0.031599998767719115
2022-04-01,Crypto Min-Variance,0.017678682222536758
2022-04-02,Crypto Min-Variance,-0.008942365560534134
2022-04-03,Crypto Min-Variance,0.013335052702314058
2022-04-04,Crypto Min-Variance,0.0034589997683538397
2022-04-05,Crypto Min-Variance,-0.023626571470201523
2022-04-06,Crypto Min-Variance,-0.05541837842105721
2022-04-07,Crypto Min-Variance,0.008985796635465903
2022-04-08,Crypto Min-Variance,-0.028925343894879923
2022-04-09,Crypto Min-Variance,0.012641957169328612
2022-04-10,Crypto Min-Variance,-0.013727656498922625
2022-04-11,Crypto Min-Variance,-0.0660401448489441
2022-04-12,Crypto Min-Variance,0.01674556722046588
2022-04-13,Crypto Min-Variance,0.025771103327881212
2022-04-14,Crypto Min-Variance,-0.030391572351546887
2022-04-15,Crypto Min-Variance,0.015908570302022598
2022-04-16,Crypto Min-Variance,-0.0026635573955650317
2022-04-17,Crypto Min-Variance,-0.018826526376133648
2022-04-18,Crypto Min-Variance,0.027231658174133457
2022-04-19,Crypto Min-Variance,0.016901464195579027
2022-04-20,Crypto Min-Variance,-0.004120845494892862
2022-04-21,Crypto Min-Variance,-0.01704802944622046
2022-04-22,Crypto Min-Variance,-0.01945287825976396
2022-04-23,Crypto Min-Variance,-0.006628803573008016
2022-04-24,Crypto Min-Variance,-0.0014268395856614072
2022-04-25,Crypto Min-Variance,0.02393156606288355
2022-04-26,Crypto Min-Variance,-0.05899751499181453
2022-04-27,Crypto Min-Variance,0.028472815854733435
2022-04-28,Crypto Min-Variance,0.01295475511471694
2022-04-29,Crypto Min-Variance,-0.02648254509145985
2022-04-30,Crypto Min-Variance,-0.022127976349599964
2022-05-01,Crypto Min-Variance,0.032274644052555576
2022-05-02,Crypto Min-Variance,-0.0019793715683216794
2022-05-03,Crypto Min-Variance,-0.012224623037216767
2022-05-04,Crypto Min-Variance,0.06774429255917586
2022-05-05,Crypto Min-Variance,-0.08513535923975032
2022-05-06,Crypto Min-Variance,0.004261707334164635
2022-05-07,Crypto Min-Variance,-0.017100645637951994
2022-05-08,Crypto Min-Variance,-0.0304029308043885
2022-05-09,Crypto Min-Variance,-0.11659851345952008
2022-05-10,Crypto Min-Variance,0.026990395745127457
2022-05-11,Crypto Min-Variance,-0.06401004115081682
2022-05-12,Crypto Min-Variance,-0.0074903609864939305
2022-05-13,Crypto Min-Variance,0.018921476337938014
2022-05-14,Crypto Min-Variance,0.022254567875753983
2022-05-15,Crypto Min-Variance,0.03567169372386869
2022-05-16,Crypto Min-Variance,-0.04607989226297168
2022-05-17,Crypto Min-Variance,0.021998652576927773
2022-05-18,Crypto Min-Variance,-0.05220324574224393
2022-05-19,Crypto Min-Variance,0.05346096254747541
2022-05-20,Crypto Min-Variance,-0.03602359367196018
2022-05-21,Crypto Min-Variance,0.011332174971922281
2022-05-22,Crypto Min-Variance,0.03299404851442149
2022-05-23,Crypto Min-Variance,-0.038609843896013345
2022-05-24,Crypto Min-Variance,0.02328352099944354
2022-05-25,Crypto Min-Variance,0.0026839740617880747
2022-05-26,Crypto Min-Variance,-0.012101253451033219
2022-05-27,Crypto Min-Variance,-0.02219295256775302
2022-05-28,Crypto Min-Variance,0.007394424847335875
2022-05-29,Crypto Min-Variance,0.01646034034483866
2022-05-30,Crypto Min-Variance,0.06893908679502958
2022-05-31,Crypto Min-Variance,0.004689857284802547
2022-06-01,Crypto Min-Variance,-0.053202162283685135
2022-06-02,Crypto Min-Variance,0.019684082695418104
2022-06-03,Crypto Min-Variance,-0.027335382183702205
2022-06-04,Crypto Min-Variance,0.0024249867494727517
2022-06-05,Crypto Min-Variance,0.0031349414780602576
2022-06-06,Crypto Min-Variance,0.03998232655087237
2022-06-07,Crypto Min-Variance,-0.005195626166329392
2022-06-08,Crypto Min-Variance,-0.027673705788946606
2022-06-09,Crypto Min-Variance,-0.0021014247008022727
2022-06-10,Crypto Min-Variance,-0.03272446549864558
2022-06-11,Crypto Min-Variance,-0.02842809777980676
2022-06-12,Crypto Min-Variance,-0.04483675060532112
2022-06-13,Crypto Min-Variance,-0.16019038276575995
2022-06-14,Crypto Min-Variance,-0.03332844866075644
2022-06-15,Crypto Min-Variance,0.03714840909184651
2022-06-16,Crypto Min-Variance,-0.09161504084246691
2022-06-17,Crypto Min-Variance,0.008875432454196827
2022-06-18,Crypto Min-Variance,-0.0535295714207651
2022-06-19,Crypto Min-Variance,0.06605727867762828
2022-06-20,Crypto Min-Variance,0.00044600660362200555
2022-06-21,Crypto Min-Variance,0.015491001866572814
2022-06-22,Crypto Min-Variance,-0.03370200865674911
2022-06-23,Crypto Min-Variance,0.04572679125142978
2022-06-24,Crypto Min-Variance,0.011349737928944979
2022-06-25,Crypto Min-Variance,0.007395962900951166
2022-06-26,Crypto Min-Variance,-0.01660146595400769
2022-06-27,Crypto Min-Variance,-0.0025150516657822296
2022-06-28,Crypto Min-Variance,-0.02099512733833008
2022-06-29,Crypto Min-Variance,-0.010979565931034132
2022-06-30,Crypto Min-Variance,-0.012105481637446852
2022-07-01,Crypto Min-Variance,-0.018788295126203346
2022-07-02,Crypto Min-Variance,-0.001187725553308773
2022-07-03,Crypto Min-Variance,0.007625003475603607
2022-07-04,Crypto Min-Variance,0.03981348872809348
2022-07-05,Crypto Min-Variance,0.0014553563963891672
2022-07-06,Crypto Min-Variance,0.011178253389130137
2022-07-07,Crypto Min-Variance,0.04378886485866604
2022-07-08,Crypto Min-Variance,0.004255293305937372
2022-07-09,Crypto Min-Variance,-0.0016038127190679367
2022-07-10,Crypto Min-Variance,-0.03339795693891142
2022-07-11,Crypto Min-Variance,-0.043207543612595614
2022-07-12,Crypto Min-Variance,-0.02444866783668428
2022-07-13,Crypto Min-Variance,0.040807197866767765
2022-07-14,Crypto Min-Variance,0.015591693096562892
2022-07-15,Crypto Min-Variance,0.010618900475691492
2022-07-16,Crypto Min-Variance,0.0196818094462939
2022-07-17,Crypto Min-Variance,-0.01958452155439375
2022-07-18,Crypto Min-Variance,0.06814962304954308
2022-07-19,Crypto Min-Variance,0.030727175766051617
2022-07-20,Crypto Min-Variance,-0.011273133039925519
2022-07-21,Crypto Min-Variance,-0.0004133847551485736
2022-07-22,Crypto Min-Variance,-0.01788795299415223
2022-07-23,Crypto Min-Variance,-0.008551076601879629
2022-07-24,Crypto Min-Variance,0.005625766198915425
2022-07-25,Crypto Min-Variance,-0.053485570477719235
2022-07-26,Crypto Min-Variance,0.0019277750685062038
2022-07-27,Crypto Min-Variance,0.07200988899857128
2022-07-28,Crypto Min-Variance,0.0335298631870964
2022-07-29,Crypto Min-Variance,-0.00299908347462446
2022-07-30,Crypto Min-Variance,-0.005004118755637202
2022-07-31,Crypto Min-Variance,-0.010720753397091255
2022-08-01,Crypto Min-Variance,0.003076685813047263
2022-08-02,Crypto Min-Variance,-0.016523481863306662
2022-08-03,Crypto Min-Variance,-0.006329784678402162
2022-08-04,Crypto Min-Variance,-0.0025757627667186223
2022-08-05,Crypto Min-Variance,0.024771422215487345
2022-08-06,Crypto Min-Variance,-0.01171835508960396
2022-08-07,Crypto Min-Variance,0.007479406447546033
2022-08-08,Crypto Min-Variance,0.02191989659770471
2022-08-09,Crypto Min-Variance,-0.026109646636676104
2022-08-10,Crypto Min-Variance,0.0320228333568896
2022-08-11,Crypto Min-Variance,0.0003334551130660219
2022-08-12,Crypto Min-Variance,0.01409302751052042
2022-08-13,Crypto Min-Variance,-0.0014174734234515007
2022-08-14,Crypto Min-Variance,-0.0012917727340512745
2022-08-15,Crypto Min-Variance,-0.01098316622175872
2022-08-16,Crypto Min-Variance,-0.004729855481456637
2022-08-17,Crypto Min-Variance,-0.02246028711548973
2022-08-18,Crypto Min-Variance,-0.006930829918317364
2022-08-19,Crypto Min-Variance,-0.08723064262825295
2022-08-20,Crypto Min-Variance,0.017176030434167596
2022-08-21,Crypto Min-Variance,0.01360346135276598
2022-08-22,Crypto Min-Variance,-0.00630190355622956
2022-08-23,Crypto Min-Variance,0.007252042185170286
2022-08-24,Crypto Min-Variance,-0.010125920297647107
2022-08-25,Crypto Min-Variance,0.009724246987650545
2022-08-26,Crypto Min-Variance,-0.05990225513546933
2022-08-27,Crypto Min-Variance,-0.0027234054956026634
2022-08-28,Crypto Min-Variance,-0.022271859934978218
2022-08-29,Crypto Min-Variance,0.03363327594191801
2022-08-30,Crypto Min-Variance,-0.012784528326706795
2022-08-31,Crypto Min-Variance,0.003962176466317316
2022-09-01,Crypto Min-Variance,0.0027848864995919224
2022-09-02,Crypto Min-Variance,-0.008387932113060213
2022-09-03,Crypto Min-Variance,-0.0028679558544191575
2022-09-04,Crypto Min-Variance,0.007355246352141644
2022-09-05,Crypto Min-Variance,-0.008224083081481714
2022-09-06,Crypto Min-Variance,-0.04475147886770868
2022-09-07,Crypto Min-Variance,0.0233381830999125
2022-09-08,Crypto Min-Variance,-0.0006399641292269597
2022-09-09,Crypto Min-Variance,0.0856175700922194
2022-09-10,Crypto Min-Variance,0.014876489314905652
2022-09-11,Crypto Min-Variance,0.0002793178672625795
2022-09-12,Crypto Min-Variance,0.01875089649589377
2022-09-13,Crypto Min-Variance,-0.07895319516330086
2022-09-14,Crypto Min-Variance,0.0013493284944911235
2022-09-15,Crypto Min-Variance,-0.022171544382546295
2022-09-16,Crypto Min-Variance,0.006827756203052267
2022-09-17,Crypto Min-Variance,0.019249469226083178
2022-09-18,Crypto Min-Variance,-0.0326101979088186
2022-09-19,Crypto Min-Variance,0.005772634348467607
2022-09-20,Crypto Min-Variance,-0.022642241643807823
2022-09-21,Crypto Min-Variance,-0.01705079073866964
2022-09-22,Crypto Min-Variance,0.04715017961291506
2022-09-23,Crypto Min-Variance,-0.0013583059908376391
2022-09-24,Crypto Min-Variance,-0.016500029212364663
2022-09-25,Crypto Min-Variance,-0.004364561060161019
2022-09-26,Crypto Min-Variance,0.008093058280568432
2022-09-27,Crypto Min-Variance,-0.0068643561536596365
2022-09-28,Crypto Min-Variance,0.010759355987639814
2022-09-29,Crypto Min-Variance,0.01833403539947364
2022-09-30,Crypto Min-Variance,-0.004959759471981562
2022-10-01,Crypto Min-Variance,-0.007386274880112538
2022-10-02,Crypto Min-Variance,-0.009078582278418072
2022-10-03,Crypto Min-Variance,0.022377618568795925
2022-10-04,Crypto Min-Variance,0.028569553169930848
2022-10-05,Crypto Min-Variance,-0.002920837995982721
2022-10-06,Crypto Min-Variance,-0.0031419472260839055
2022-10-07,Crypto Min-Variance,-0.009790716964116448
2022-10-08,Crypto Min-Variance,-0.006429299080327852
2022-10-09,Crypto Min-Variance,0.0051837713753875424
2022-10-10,Crypto Min-Variance,-0.01111603801950675
2022-10-11,Crypto Min-Variance,-0.011302454184837564
2022-10-12,Crypto Min-Variance,0.004441607446512344
2022-10-13,Crypto Min-Variance,0.0010106445170033945
2022-10-14,Crypto Min-Variance,0.013138325774077211
2022-10-15,Crypto Min-Variance,-0.016716963545647057
2022-10-16,Crypto Min-Variance,0.005285296127156223
2022-10-17,Crypto Min-Variance,0.013717264713901707
2022-10-18,Crypto Min-Variance,-0.011108077815034263
2022-10-19,Crypto Min-Variance,-0.010109798295970557
2022-10-20,Crypto Min-Variance,-0.00042771058824223735
2022-10-21,Crypto Min-Variance,0.0022000243521019154
2022-10-22,Crypto Min-Variance,0.001556991928912052
2022-10-23,Crypto Min-Variance,0.012481980817722591
2022-10-24,Crypto Min-Variance,-0.011266068621457155
2022-10-25,Crypto Min-Variance,0.03011784063511124
2022-10-26,Crypto Min-Variance,0.02672787642378281
2022-10-27,Crypto Min-Variance,-0.017239785515752632
2022-10-28,Crypto Min-Variance,0.013612503884405956
2022-10-29,Crypto Min-Variance,0.00957281373336779
2022-10-30,Crypto Min-Variance,-0.012202975626464094
2022-10-31,Crypto Min-Variance,-0.002344438158625441
2022-11-01,Crypto Min-Variance,-0.0031807152821360404
2022-11-02,Crypto Min-Variance,-0.01797433123348407
2022-11-03,Crypto Min-Variance,0.0032551720637658352
2022-11-04,Crypto Min-Variance,0.04418296382341705
2022-11-05,Crypto Min-Variance,0.001916584052616951
2022-11-06,Crypto Min-Variance,-0.01687095263931626
2022-11-07,Crypto Min-Variance,-0.01243190524535927
2022-11-08,Crypto Min-Variance,-0.08606671086642415
2022-11-09,Crypto Min-Variance,-0.1260367433087423
2022-11-10,Crypto Min-Variance,0.10095587440555504
2022-11-11,Crypto Min-Variance,-0.031555739529058296
2022-11-12,Crypto Min-Variance,-0.01661884151350306
2022-11-13,Crypto Min-Variance,-0.044954721145791694
2022-11-14,Crypto Min-Variance,0.009402946745040108
2022-11-15,Crypto Min-Variance,0.015069838013374644
2022-11-16,Crypto Min-Variance,-0.012363792264344404
2022-11-17,Crypto Min-Variance,0.0003049846790856121
2022-11-18,Crypto Min-Variance,0.004787436452798777
2022-11-19,Crypto Min-Variance,0.01107428679230602
2022-11-20,Crypto Min-Variance,-0.03222626331172368
2022-11-21,Crypto Min-Variance,-0.008607803153403338
2022-11-22,Crypto Min-Variance,0.011437987360077072
2022-11-23,Crypto Min-Variance,0.024241927519038975
2022-11-24,Crypto Min-Variance,0.009482836031090926
2022-11-25,Crypto Min-Variance,-0.002255444466218859
2022-11-26,Crypto Min-Variance,-0.0033399827801495353
2022-11-27,Crypto Min-Variance,0.003033074265595152
2022-11-28,Crypto Min-Variance,-0.009485108373401496
2022-11-29,Crypto Min-Variance,0.010237860950142836
2022-11-30,Crypto Min-Variance,0.035550127158218064
2022-12-01,Crypto Min-Variance,-0.010377297908103222
2022-12-02,Crypto Min-Variance,0.006189787212797605
2022-12-03,Crypto Min-Variance,-0.012227024304166324
2022-12-04,Crypto Min-Variance,0.0038091124506955017
2022-12-05,Crypto Min-Variance,-0.00421757603992476
2022-12-06,Crypto Min-Variance,0.006730269877637179
2022-12-07,Crypto Min-Variance,-0.012459993951639329
2022-12-08,Crypto Min-Variance,0.02425279694137438
2022-12-09,Crypto Min-Variance,-0.0019969858306206865
2022-12-10,Crypto Min-Variance,0.0009465806039042676
2022-12-11,Crypto Min-Variance,-0.007481193107909882
2022-12-12,Crypto Min-Variance,-0.00022974150678992366
2022-12-13,Crypto Min-Variance,0.02640927150602529
2022-12-14,Crypto Min-Variance,0.010960566880495572
2022-12-15,Crypto Min-Variance,-0.013430830121467454
2022-12-16,Crypto Min-Variance,-0.0453349061565501
2022-12-17,Crypto Min-Variance,0.020769995575491255
2022-12-18,Crypto Min-Variance,-0.00984796385431565
2022-12-19,Crypto Min-Variance,-0.011980528109826034
2022-12-20,Crypto Min-Variance,0.027008511973702187
2022-12-21,Crypto Min-Variance,-0.004056271227198847
2022-12-22,Crypto Min-Variance,0.006031154962281589
2022-12-23,Crypto Min-Variance,-0.011349669978873848
2022-12-24,Crypto Min-Variance,0.005745132227759779
2022-12-25,Crypto Min-Variance,0.0003728284718892296
2022-12-26,Crypto Min-Variance,0.0005643437272108142
2022-12-27,Crypto Min-Variance,-0.010336162985526427
2022-12-28,Crypto Min-Variance,-0.005286648478481644
2022-12-29,Crypto Min-Variance,0.0020392227198656613
2022-12-30,Crypto Min-Variance,0.0015177742890492652
2022-12-31,Crypto Min-Variance,-0.0008864986459647069
2023-01-01,Crypto Min-Variance,0.005199036535009732
2023-01-02,Crypto Min-Variance,0.00482022244045044
2023-01-03,Crypto Min-Variance,-0.0028280634112071504
2023-01-04,Crypto Min-Variance,0.0054554682330679866
2023-01-05,Crypto Min-Variance,-0.00933692040465933
2023-01-06,Crypto Min-Variance,-0.0054930061431728225
2023-01-07,Crypto Min-Variance,-0.003800151965731054
2023-01-08,Crypto Min-Variance,0.019459973041747743
2023-01-09,Crypto Min-Variance,0.010008936896743675
2023-01-10,Crypto Min-Variance,0.009488446749722162
2023-01-11,Crypto Min-Variance,0.029343326584536332
2023-01-12,Crypto Min-Variance,0.034402553946608586
2023-01-13,Crypto Min-Variance,0.05324342490309241
2023-01-14,Crypto Min-Variance,0.04386235346701339
2023-01-15,Crypto Min-Variance,0.0007660185763791132
2023-01-16,Crypto Min-Variance,0.008375978329380212
2023-01-17,Crypto Min-Variance,-0.005083671412262629
2023-01-18,Crypto Min-Variance,-0.03173518437730089
2023-01-19,Crypto Min-Variance,0.01934699887236021
2023-01-20,Crypto Min-Variance,0.06207045805306173
2023-01-21,Crypto Min-Variance,-0.0050134648567491365
2023-01-22,Crypto Min-Variance,-0.0014988014731200081
2023-01-23,Crypto Min-Variance,0.0142611474368299
2023-01-24,Crypto Min-Variance,-0.026417723498186413
2023-01-25,Crypto Min-Variance,0.023877685766002327
2023-01-26,Crypto Min-Variance,-0.0028995904446529634
2023-01-27,Crypto Min-Variance,0.014355905128973154
2023-01-28,Crypto Min-Variance,-0.004392087119458633
2023-01-29,Crypto Min-Variance,0.022600401770742812
2023-01-30,Crypto Min-Variance,-0.032963348476685216
2023-01-31,Crypto Min-Variance,0.007051406403096784
2023-02-01,Crypto Min-Variance,0.020797833030332846
2023-02-02,Crypto Min-Variance,-0.0019280660284895414
2023-02-03,Crypto Min-Variance,0.002348689989696998
2023-02-04,Crypto Min-Variance,-0.004629761519757058
2023-02-05,Crypto Min-Variance,-0.007452444702493532
2023-02-06,Crypto Min-Variance,-0.011318561220493167
2023-02-07,Crypto Min-Variance,0.030723584391341614
2023-02-08,Crypto Min-Variance,-0.00045213936687248227
2023-02-09,Crypto Min-Variance,-0.055676463121666915
2023-02-10,Crypto Min-Variance,0.0009129497480413146
2023-02-11,Crypto Min-Variance,0.008941166998930303
2023-02-12,Crypto Min-Variance,-0.0022110408596750578
2023-02-13,Crypto Min-Variance,0.01259758410703829
2023-02-14,Crypto Min-Variance,0.018001335010837147
2023-02-15,Crypto Min-Variance,0.07820255904339557
2023-02-16,Crypto Min-Variance,-0.040501975378221484
2023-02-17,Crypto Min-Variance,0.04601576258387298
2023-02-18,Crypto Min-Variance,0.0001383547205260604
2023-02-19,Crypto Min-Variance,-0.005731180650902294
2023-02-20,Crypto Min-Variance,0.021931484883918575
2023-02-21,Crypto Min-Variance,-0.022953650220748897
2023-02-22,Crypto Min-Variance,-0.006521485822529867
2023-02-23,Crypto Min-Variance,-0.0049827810218019365
2023-02-24,Crypto Min-Variance,-0.028181353160837263
2023-02-25,Crypto Min-Variance,-0.0011203482230154476
2023-02-26,Crypto Min-Variance,0.019754844808262353
2023-02-27,Crypto Min-Variance,-0.0018067715415521685
2023-02-28,Crypto Min-Variance,-0.011435184252006318
2023-03-01,Crypto Min-Variance,0.01732889210447707
2023-03-02,Crypto Min-Variance,-0.00558662670810903
2023-03-03,Crypto Min-Variance,-0.04112751132887294
2023-03-04,Crypto Min-Variance,-0.00424030815362459
2023-03-05,Crypto Min-Variance,0.0050990393158671645
2023-03-06,Crypto Min-Variance,0.001198951854475784
2023-03-07,Crypto Min-Variance,-0.012348009516204005
2023-03-08,Crypto Min-Variance,-0.018748047194851784
2023-03-09,Crypto Min-Variance,-0.07996572237846837
2023-03-10,Crypto Min-Variance,-0.011611586861890056
2023-03-11,Crypto Min-Variance,0.02601292723803656
2023-03-12,Crypto Min-Variance,0.0802863426080735
2023-03-13,Crypto Min-Variance,0.06579373172765318
2023-03-14,Crypto Min-Variance,0.013164960221481411
2023-03-15,Crypto Min-Variance,-0.021710313414116188
2023-03-16,Crypto Min-Variance,0.015481121531554039
2023-03-17,Crypto Min-Variance,0.06758354102987654
2023-03-18,Crypto Min-Variance,-0.022106868873559834
2023-03-19,Crypto Min-Variance,0.02805691182861666
2023-03-20,Crypto Min-Variance,-0.016539602401612143
2023-03-21,Crypto Min-Variance,0.027335118906536733
2023-03-22,Crypto Min-Variance,-0.06557740267984806
2023-03-23,Crypto Min-Variance,0.05544101216189066
2023-03-24,Crypto Min-Variance,-0.029786724957587978
2023-03-25,Crypto Min-Variance,0.0033766820345067254
2023-03-26,Crypto Min-Variance,0.013983964587838262
2023-03-27,Crypto Min-Variance,-0.01977491550052658
2023-03-28,Crypto Min-Variance,0.010535588479887422
2023-03-29,Crypto Min-Variance,0.026262964308290105
2023-03-30,Crypto Min-Variance,-0.0007803569972656404
2023-03-31,Crypto Min-Variance,0.017115781639557178
2023-04-01,Crypto Min-Variance,0.0025388302480476924
2023-04-02,Crypto Min-Variance,-0.0131503842443075
2023-04-03,Crypto Min-Variance,-0.005869739612798608
2023-04-04,Crypto Min-Variance,0.007471883892617223
2023-04-05,Crypto Min-Variance,0.0027449092081134486
2023-04-06,Crypto Min-Variance,-0.0037141976999437573
2023-04-07,Crypto Min-Variance,-0.001702864584729014
2023-04-08,Crypto Min-Variance,-0.0007454590478175366
2023-04-09,Crypto Min-Variance,0.010747653386524713
2023-04-10,Crypto Min-Variance,0.030685158566317566
2023-04-11,Crypto Min-Variance,0.0057999919643899125
2023-04-12,Crypto Min-Variance,-0.010025845700738346
2023-04-13,Crypto Min-Variance,0.007095831103500263
2023-04-14,Crypto Min-Variance,0.008064198461199788
2023-04-15,Crypto Min-Variance,-0.004831643752748255
2023-04-16,Crypto Min-Variance,0.0035249258254231807
2023-04-17,Crypto Min-Variance,-0.022587821277644207
2023-04-18,Crypto Min-Variance,0.02486581300758666
2023-04-19,Crypto Min-Variance,-0.039678591210146094
2023-04-20,Crypto Min-Variance,-0.015231274013159627
2023-04-21,Crypto Min-Variance,-0.023898719220605047
2023-04-22,Crypto Min-Variance,0.019248217002024046
2023-04-23,Crypto Min-Variance,-0.0015366915687003418
2023-04-24,Crypto Min-Variance,-0.005485760469712455
2023-04-25,Crypto Min-Variance,0.014293292011241084
2023-04-26,Crypto Min-Variance,-0.0033384657396694386
2023-04-27,Crypto Min-Variance,0.023415200316922354
2023-04-28,Crypto Min-Variance,0.0035760139455047
2023-04-29,Crypto Min-Variance,0.007109099015605789
2023-04-30,Crypto Min-Variance,-0.004606732278765632
2023-05-01,Crypto Min-Variance,-0.01570273437001225
2023-05-02,Crypto Min-Variance,0.01592212252055222
2023-05-03,Crypto Min-Variance,0.0058358575673103305
2023-05-04,Crypto Min-Variance,-0.0017064877330704475
2023-05-05,Crypto Min-Variance,0.021899347676309626
2023-05-06,Crypto Min-Variance,-0.016437673558159203
2023-05-07,Crypto Min-Variance,-0.01404076490322425
2023-05-08,Crypto Min-Variance,-0.021370093261327428
2023-05-09,Crypto Min-Variance,0.00264745009659234
2023-05-10,Crypto Min-Variance,0.001198944221109675
2023-05-11,Crypto Min-Variance,-0.02081708835300114
2023-05-12,Crypto Min-Variance,0.004019747012001782
2023-05-13,Crypto Min-Variance,0.0004250714590259275
2023-05-14,Crypto Min-Variance,0.003322346811076813
2023-05-15,Crypto Min-Variance,0.009103685786423501
2023-05-16,Crypto Min-Variance,-0.0013364607484990115
2023-05-17,Crypto Min-Variance,0.010328660605209082
2023-05-18,Crypto Min-Variance,-0.014726984444149138
2023-05-19,Crypto Min-Variance,0.003837250570099409
2023-05-20,Crypto Min-Variance,0.01524899119218008
2023-05-21,Crypto Min-Variance,0.0056544038227313844
2023-05-22,Crypto Min-Variance,0.02525250718427714
2023-05-23,Crypto Min-Variance,0.006446112893567847
2023-05-24,Crypto Min-Variance,-0.023634622110056798
2023-05-25,Crypto Min-Variance,0.0015744543486959119
2023-05-26,Crypto Min-Variance,-0.006575108272819444
2023-05-27,Crypto Min-Variance,0.015449121312084719
2023-05-28,Crypto Min-Variance,0.01587752071475791
2023-05-29,Crypto Min-Variance,-0.012649794919265309
2023-05-30,Crypto Min-Variance,0.0033729820303595205
2023-05-31,Crypto Min-Variance,-0.011648605211492889
2023-06-01,Crypto Min-Variance,-0.010117204574950417
2023-06-02,Crypto Min-Variance,0.06952594118416462
2023-06-03,Crypto Min-Variance,-0.008557403114124902
2023-06-04,Crypto Min-Variance,-0.002866218093183851
2023-06-05,Crypto Min-Variance,-0.04178319309793814
2023-06-06,Crypto Min-Variance,0.01809300572680859
2023-06-07,Crypto Min-Variance,-0.023841083244797678
2023-06-08,Crypto Min-Variance,0.007387756101460625
2023-06-09,Crypto Min-Variance,-0.04035181929685107
2023-06-10,Crypto Min-Variance,-0.0351029820112174
2023-06-11,Crypto Min-Variance,0.00755851095507292
2023-06-12,Crypto Min-Variance,0.006282923314903684
2023-06-13,Crypto Min-Variance,0.006864263414900085
2023-06-14,Crypto Min-Variance,-0.02129999251659536
2023-06-15,Crypto Min-Variance,0.0009205502128227412
2023-06-16,Crypto Min-Variance,0.006472029113752861
2023-06-17,Crypto Min-Variance,0.014434998957683527
2023-06-18,Crypto Min-Variance,-0.01441174218648773
2023-06-19,Crypto Min-Variance,0.005051843681721232
2023-06-20,Crypto Min-Variance,0.025359937118718753
2023-06-21,Crypto Min-Variance,0.03713277659883926
2023-06-22,Crypto Min-Variance,-0.005083664198433252
2023-06-23,Crypto Min-Variance,0.02083630336733179
2023-06-24,Crypto Min-Variance,-0.008134704919898138
2023-06-25,Crypto Min-Variance,0.00876928254280602
2023-06-26,Crypto Min-Variance,0.003392464919844061
2023-06-27,Crypto Min-Variance,0.01872089684193408
2023-06-28,Crypto Min-Variance,-0.012688862336198552
2023-06-29,Crypto Min-Variance,0.011068582137820596
2023-06-30,Crypto Min-Variance,0.022164445874287196
2023-07-01,Crypto Min-Variance,0.006836066365863366
2023-07-02,Crypto Min-Variance,-0.00981963086388549
2023-07-03,Crypto Min-Variance,0.014945885238688415
2023-07-04,Crypto Min-Variance,-0.007527796638423191
2023-07-05,Crypto Min-Variance,-0.004770447101275541
2023-07-06,Crypto Min-Variance,-0.008559838264183786
2023-07-07,Crypto Min-Variance,0.018223755060761827
2023-07-08,Crypto Min-Variance,0.011660479347039553
2023-07-09,Crypto Min-Variance,-0.02139751971628526
2023-07-10,Crypto Min-Variance,0.0034838891779820145
2023-07-11,Crypto Min-Variance,-0.0011108970953646658
2023-07-12,Crypto Min-Variance,-7.935229227523842e-05
2023-07-13,Crypto Min-Variance,0.09316056869827552
2023-07-14,Crypto Min-Variance,-0.03502541329290498
2023-07-15,Crypto Min-Variance,0.0027816725111730733
2023-07-16,Crypto Min-Variance,-0.005857562621442456
2023-07-17,Crypto Min-Variance,-0.0016479369542525151
2023-07-18,Crypto Min-Variance,-0.0014884877301708963
2023-07-19,Crypto Min-Variance,0.019348700724152706
2023-07-20,Crypto Min-Variance,0.0060900866299353745
2023-07-21,Crypto Min-Variance,0.00048588610691594814
2023-07-22,Crypto Min-Variance,0.023845476181093797
2023-07-23,Crypto Min-Variance,0.00044872481597464013
2023-07-24,Crypto Min-Variance,-0.02536208378939231
2023-07-25,Crypto Min-Variance,0.003793694254621583
2023-07-26,Crypto Min-Variance,0.005133451385871414
2023-07-27,Crypto Min-Variance,-0.00021953253198340512
2023-07-28,Crypto Min-Variance,0.0217260995857709
2023-07-29,Crypto Min-Variance,-0.013843255711726725
2023-07-30,Crypto Min-Variance,-0.025734296458914258
2023-07-31,Crypto Min-Variance,-0.016751676021762193
2023-08-01,Crypto Min-Variance,0.010610479764615028
2023-08-02,Crypto Min-Variance,-0.02369624904969651
2023-08-03,Crypto Min-Variance,0.005636561836523529
2023-08-04,Crypto Min-Variance,-0.004532589787995493
2023-08-05,Crypto Min-Variance,0.00519065915342844
2023-08-06,Crypto Min-Variance,-0.0043733332988489014
2023-08-07,Crypto Min-Variance,0.0008938407030269185
2023-08-08,Crypto Min-Variance,0.007778605036336903
2023-08-09,Crypto Min-Variance,-0.0031801183496239114
2023-08-10,Crypto Min-Variance,0.002832422772442633
2023-08-11,Crypto Min-Variance,-0.00120853325171719
2023-08-12,Crypto Min-Variance,0.002628710683812388
2023-08-13,Crypto Min-Variance,-0.004447101382506357
2023-08-14,Crypto Min-Variance,0.004257707048605223
2023-08-15,Crypto Min-Variance,-0.012431096047711447
2023-08-16,Crypto Min-Variance,-0.019798319970864703
2023-08-17,Crypto Min-Variance,-0.04186605631099809
2023-08-18,Crypto Min-Variance,-0.006252834322466049
2023-08-19,Crypto Min-Variance,0.009984174074009191
2023-08-20,Crypto Min-Variance,0.016166652397147638
2023-08-21,Crypto Min-Variance,-0.007137270064769371
2023-08-22,Crypto Min-Variance,0.0010239846882747429
2023-08-23,Crypto Min-Variance,0.023348269308156307
2023-08-24,Crypto Min-Variance,-0.012238865416647393
2023-08-25,Crypto Min-Variance,0.003393883150549149
2023-08-26,Crypto Min-Variance,0.0011737812730349465
2023-08-27,Crypto Min-Variance,0.0018977773421068125
2023-08-28,Crypto Min-Variance,-0.008470148697783038
2023-08-29,Crypto Min-Variance,0.03243254648555916
2023-08-30,Crypto Min-Variance,-0.019424322163984795
2023-08-31,Crypto Min-Variance,-0.011557477483154666
2023-09-01,Crypto Min-Variance,-0.006865860409403495
2023-09-02,Crypto Min-Variance,0.0084341832904079
2023-09-03,Crypto Min-Variance,0.0016380789770468883
2023-09-04,Crypto Min-Variance,0.0005801250921404012
2023-09-05,Crypto Min-Variance,-0.0005984834572930892
2023-09-06,Crypto Min-Variance,0.01070948473079118
2023-09-07,Crypto Min-Variance,0.008983839050935328
2023-09-08,Crypto Min-Variance,-0.0044979682785298
2023-09-09,Crypto Min-Variance,2.6139951128235072e-05
2023-09-10,Crypto Min-Variance,-0.00718318489736733
2023-09-11,Crypto Min-Variance,-0.0167124131080153
2023-09-12,Crypto Min-Variance,0.03600506261023328
2023-09-13,Crypto Min-Variance,0.009106251710891043
2023-09-14,Crypto Min-Variance,0.023256734842963016
2023-09-15,Crypto Min-Variance,0.003523825148039655
2023-09-16,Crypto Min-Variance,-0.004322049368577601
2023-09-17,Crypto Min-Variance,-0.00151086858207209
2023-09-18,Crypto Min-Variance,0.00810405244251576
2023-09-19,Crypto Min-Variance,0.011122708013230068
2023-09-20,Crypto Min-Variance,-0.0018006123130055558
2023-09-21,Crypto Min-Variance,-0.0186717567030431
2023-09-22,Crypto Min-Variance,0.002229304279887256
2023-09-23,Crypto Min-Variance,0.0017593650660220545
2023-09-24,Crypto Min-Variance,-0.005484348782931265
2023-09-25,Crypto Min-Variance,0.007377064530686433
2023-09-26,Crypto Min-Variance,-0.0010915164371565495
2023-09-27,Crypto Min-Variance,0.00735080807197443
2023-09-28,Crypto Min-Variance,0.019741262571587696
2023-09-29,Crypto Min-Variance,0.013837838279259681
2023-09-30,Crypto Min-Variance,-0.0019516497305395312
2023-10-01,Crypto Min-Variance,0.025611971707709243
2023-10-02,Crypto Min-Variance,-0.02299010075800531
2023-10-03,Crypto Min-Variance,0.01947462676713755
2023-10-04,Crypto Min-Variance,-0.0055591124413367455
2023-10-05,Crypto Min-Variance,-0.010614414964632408
2023-10-06,Crypto Min-Variance,0.0020853092087242293
2023-10-07,Crypto Min-Variance,0.005895442954984562
2023-10-08,Crypto Min-Variance,-0.0011981461978122926
2023-10-09,Crypto Min-Variance,-0.017151966455881885
2023-10-10,Crypto Min-Variance,-0.0025732026675509456
2023-10-11,Crypto Min-Variance,-0.009919610772573074
2023-10-12,Crypto Min-Variance,-0.009459773227528095
2023-10-13,Crypto Min-Variance,0.005790288777646281
2023-10-14,Crypto Min-Variance,-0.0027794485174813593
2023-10-15,Crypto Min-Variance,0.015578615692245015
2023-10-16,Crypto Min-Variance,0.036423294513065856
2023-10-17,Crypto Min-Variance,-0.003804785130132023
2023-10-18,Crypto Min-Variance,0.002758536965335211
2023-10-19,Crypto Min-Variance,0.010847452676716501
2023-10-20,Crypto Min-Variance,0.019785617041590146
2023-10-21,Crypto Min-Variance,0.008655603480048388
2023-10-22,Crypto Min-Variance,-0.006272207332265951
2023-10-23,Crypto Min-Variance,0.05720386581401064
2023-10-24,Crypto Min-Variance,0.011635186555930701
2023-10-25,Crypto Min-Variance,0.014720404399925297
2023-10-26,Crypto Min-Variance,-0.008308629197451997
2023-10-27,Crypto Min-Variance,0.0014975431931383179
2023-10-28,Crypto Min-Variance,0.006534424516048356
2023-10-29,Crypto Min-Variance,0.009071209575700264
2023-10-30,Crypto Min-Variance,0.003824838582161522
2023-10-31,Crypto Min-Variance,0.011211517763128993
2023-11-01,Crypto Min-Variance,0.027494572955114163
2023-11-02,Crypto Min-Variance,-0.011581985097141749
2023-11-03,Crypto Min-Variance,-0.013714267084760375
2023-11-04,Crypto Min-Variance,0.007129613920130593
2023-11-05,Crypto Min-Variance,0.0020974620643428948
2023-11-06,Crypto Min-Variance,-0.0029706199448188736
2023-11-07,Crypto Min-Variance,-0.0008313315011498678
2023-11-08,Crypto Min-Variance,0.012664838191969612
2023-11-09,Crypto Min-Variance,0.015699102439782966
2023-11-10,Crypto Min-Variance,0.04874450221330967
2023-11-11,Crypto Min-Variance,0.007069587564344538
2023-11-12,Crypto Min-Variance,0.0011737861250233053
2023-11-13,Crypto Min-Variance,-0.013073326682568824
2023-11-14,Crypto Min-Variance,-0.037039669822663504
2023-11-15,Crypto Min-Variance,0.03922313819802575
2023-11-16,Crypto Min-Variance,-0.029357187336329367
2023-11-17,Crypto Min-Variance,0.012366371228194423
2023-11-18,Crypto Min-Variance,-0.0031586087995355686
2023-11-19,Crypto Min-Variance,0.013805757289111214
2023-11-20,Crypto Min-Variance,-0.009925638087628308
2023-11-21,Crypto Min-Variance,-0.046054425918149615
2023-11-22,Crypto Min-Variance,0.050527720418281685
2023-11-23,Crypto Min-Variance,0.0024484113969509926
2023-11-24,Crypto Min-Variance,0.018325093402920243
2023-11-25,Crypto Min-Variance,0.02029520343915987
2023-11-26,Crypto Min-Variance,-0.008770151583099347
2023-11-27,Crypto Min-Variance,-0.030553642468459322
2023-11-28,Crypto Min-Variance,0.01194329260452232
2023-11-29,Crypto Min-Variance,0.001732792504683289
2023-11-30,Crypto Min-Variance,-0.0005693314802839484
2023-12-01,Crypto Min-Variance,0.010568096734833873
2023-12-02,Crypto Min-Variance,0.012584315526645254
2023-12-03,Crypto Min-Variance,0.005851917603185016
2023-12-04,Crypto Min-Variance,0.02573715996784334
2023-12-05,Crypto Min-Variance,0.02148692764042787
2023-12-06,Crypto Min-Variance,-0.00023306031406792872
2023-12-07,Crypto Min-Variance,-0.0011380102745229574
2023-12-08,Crypto Min-Variance,0.020118405451141165
2023-12-09,Crypto Min-Variance,-0.004925207416467226
2023-12-10,Crypto Min-Variance,0.006263122165513292
2023-12-11,Crypto Min-Variance,-0.047520413059158266
2023-12-12,Crypto Min-Variance,0.00021549177731642003
2023-12-13,Crypto Min-Variance,0.019949499904536365
2023-12-14,Crypto Min-Variance,0.011783080560140059
2023-12-15,Crypto Min-Variance,-0.03516428400718933
2023-12-16,Crypto Min-Variance,0.00916271236720337
2023-12-17,Crypto Min-Variance,-0.012894176089460934
2023-12-18,Crypto Min-Variance,0.006645428905464217
2023-12-19,Crypto Min-Variance,-0.007514347090502575
2023-12-20,Crypto Min-Variance,0.0234802587008469
2023-12-21,Crypto Min-Variance,0.01384791005337322
2023-12-22,Crypto Min-Variance,0.009688687016909331
2023-12-23,Crypto Min-Variance,0.004192884317007449
2023-12-24,Crypto Min-Variance,-0.010711049117978232
2023-12-25,Crypto Min-Variance,0.003322519419786711
2023-12-26,Crypto Min-Variance,-0.02483014646959246
2023-12-27,Crypto Min-Variance,0.029653389828844787
2023-12-28,Crypto Min-Variance,-0.007928379382541163
2023-12-29,Crypto Min-Variance,-0.007317107256047869
2023-12-30,Crypto Min-Variance,0.0011918673363574001
2023-12-31,Crypto Min-Variance,0.007769402219746017
2021-01-02,Crypto Max-Sharpe,0.07024510163396075
2021-01-03,Crypto Max-Sharpe,0.12246510821142235
2021-01-04,Crypto Max-Sharpe,0.02442014177961346
2021-01-05,Crypto Max-Sharpe,0.07388284295885805
2021-01-06,Crypto Max-Sharpe,0.11778480918773314
2021-01-07,Crypto Max-Sharpe,0.026350525299046565
2021-01-08,Crypto Max-Sharpe,0.020782006783944533
2021-01-09,Crypto Max-Sharpe,0.022377362736760897
2021-01-10,Crypto Max-Sharpe,-0.04145763272580333
2021-01-11,Crypto Max-Sharpe,-0.09810876303087457
2021-01-12,Crypto Max-Sharpe,-0.03210172934326697
2021-01-13,Crypto Max-Sharpe,0.09332747883917236
2021-01-14,Crypto Max-Sharpe,0.050693338022408135
2021-01-15,Crypto Max-Sharpe,-0.04756591340642212
2021-01-16,Crypto Max-Sharpe,0.03342510326247867
2021-01-17,Crypto Max-Sharpe,0.005054412849647479
2021-01-18,Crypto Max-Sharpe,0.01624654207875685
2021-01-19,Crypto Max-Sharpe,0.024136670996270072
2021-01-20,Crypto Max-Sharpe,-0.0036316547618948252
2021-01-21,Crypto Max-Sharpe,-0.15801730586552376
2021-01-22,Crypto Max-Sharpe,0.08990756815642217
2021-01-23,Crypto Max-Sharpe,-0.01765865495011744
2021-01-24,Crypto Max-Sharpe,0.051898831471069405
2021-01-25,Crypto Max-Sharpe,-0.01954562372942659
2021-01-26,Crypto Max-Sharpe,0.011825255355737838
2021-01-27,Crypto Max-Sharpe,-0.07303619557430646
2021-01-28,Crypto Max-Sharpe,0.08802768922970768
2021-01-29,Crypto Max-Sharpe,0.026696618765161252
2021-01-30,Crypto Max-Sharpe,0.0038309073702138398
2021-01-31,Crypto Max-Sharpe,-0.03962230118536236
2021-02-01,Crypto Max-Sharpe,0.05254592768532361
2021-02-02,Crypto Max-Sharpe,0.0882770465817709
2021-02-03,Crypto Max-Sharpe,0.07486825561095031
2021-02-04,Crypto Max-Sharpe,-0.03327710340776989
2021-02-05,Crypto Max-Sharpe,0.08723232283170534
2021-02-06,Crypto Max-Sharpe,0.015996897957026003
2021-02-07,Crypto Max-Sharpe,-0.017118570557921466
2021-02-08,Crypto Max-Sharpe,0.08421585917537966
2021-02-09,Crypto Max-Sharpe,0.01243149001384693
2021-02-10,Crypto Max-Sharpe,0.02727258802720911
2021-02-11,Crypto Max-Sharpe,0.03433062164959176
2021-02-12,Crypto Max-Sharpe,0.039190900582261996
2021-02-13,Crypto Max-Sharpe,-0.006732661899819641
2021-02-14,Crypto Max-Sharpe,-0.014415298347679233
2021-02-15,Crypto Max-Sharpe,-0.014751149785592665
2021-02-16,Crypto Max-Sharpe,0.0035191723750141366
2021-02-17,Crypto Max-Sharpe,0.037193929819321805
2021-02-18,Crypto Max-Sharpe,0.03273898785697288
2021-02-19,Crypto Max-Sharpe,0.023618530961670266
2021-02-20,Crypto Max-Sharpe,0.004819120886320657
2021-02-21,Crypto Max-Sharpe,0.009077340369125556
2021-02-22,Crypto Max-Sharpe,-0.06607055338384153
2021-02-23,Crypto Max-Sharpe,-0.12381983631991673
2021-02-24,Crypto Max-Sharpe,0.042873387609308006
2021-02-25,Crypto Max-Sharpe,-0.0709267638394754
2021-02-26,Crypto Max-Sharpe,0.007508360498428253
2021-02-27,Crypto Max-Sharpe,0.024974699674939337
2021-02-28,Crypto Max-Sharpe,-0.03280378862175754
2021-03-01,Crypto Max-Sharpe,0.0858940465350756
2021-03-02,Crypto Max-Sharpe,-0.04152768404775402
2021-03-03,Crypto Max-Sharpe,0.012947192944038772
2021-03-04,Crypto Max-Sharpe,-0.06624927529686701
2021-03-05,Crypto Max-Sharpe,0.032286278000745315
2021-03-06,Crypto Max-Sharpe,-0.019691676656304082
2021-03-07,Crypto Max-Sharpe,0.019576354909391493
2021-03-08,Crypto Max-Sharpe,-0.0003131500155977793
2021-03-09,Crypto Max-Sharpe,0.06130465019076536
2021-03-10,Crypto Max-Sharpe,-0.02225812387066769
2021-03-11,Crypto Max-Sharpe,0.007032623497804689
2021-03-12,Crypto Max-Sharpe,-0.04962000670634838
2021-03-13,Crypto Max-Sharpe,0.06427545315524472
2021-03-14,Crypto Max-Sharpe,-0.036771763787665515
2021-03-15,Crypto Max-Sharpe,-0.03708971805797437
2021-03-16,Crypto Max-Sharpe,0.12980657792123051
2021-03-17,Crypto Max-Sharpe,0.08077054893915799
2021-03-18,Crypto Max-Sharpe,-0.06847642415232948
2021-03-19,Crypto Max-Sharpe,0.03437305920807196
2021-03-20,Crypto Max-Sharpe,-0.04499734227077232
2021-03-21,Crypto Max-Sharpe,-0.014082284847552771
2021-03-22,Crypto Max-Sharpe,-0.06095812249429785
2021-03-23,Crypto Max-Sharpe,0.007916992704303688
2021-03-24,Crypto Max-Sharpe,-0.03931427723579379
2021-03-25,Crypto Max-Sharpe,0.00715725473234451
2021-03-26,Crypto Max-Sharpe,0.088124994142038
2021-03-27,Crypto Max-Sharpe,-0.012861236426595323
2021-03-28,Crypto Max-Sharpe,0.007379696926367329
2021-03-29,Crypto Max-Sharpe,0.018396232431294825
2021-03-30,Crypto Max-Sharpe,0.013353768092750299
2021-03-31,Crypto Max-Sharpe,-0.010069507425181468
2021-04-01,Crypto Max-Sharpe,-0.0008817629147411686
2021-04-02,Crypto Max-Sharpe,0.019525617760390114
2021-04-03,Crypto Max-Sharpe,-0.018528132505278714
2021-04-04,Crypto Max-Sharpe,0.03966707581434309
2021-04-05,Crypto Max-Sharpe,0.013998531495828345
2021-04-06,Crypto Max-Sharpe,-0.0029339297591288093
2021-04-07,Crypto Max-Sharpe,-0.05526065900254087
2021-04-08,Crypto Max-Sharpe,0.04776935079300631
2021-04-09,Crypto Max-Sharpe,-0.01036775883711753
2021-04-10,Crypto Max-Sharpe,0.02735993641265675
2021-04-11,Crypto Max-Sharpe,0.014861013348468005
2021-04-12,Crypto Max-Sharpe,0.013496915306988995
2021-04-13,Crypto Max-Sharpe,0.07173058488155057
2021-04-14,Crypto Max-Sharpe,0.010352165777817628
2021-04-15,Crypto Max-Sharpe,0.0247838175087764
2021-04-16,Crypto Max-Sharpe,-0.03252333833418784
2021-04-17,Crypto Max-Sharpe,-0.020565178589735517
2021-04-18,Crypto Max-Sharpe,-0.07382284275321527
2021-04-19,Crypto Max-Sharpe,-0.03442674145602845
2021-04-20,Crypto Max-Sharpe,0.03486772413674828
2021-04-21,Crypto Max-Sharpe,-0.04162203580652055
2021-04-22,Crypto Max-Sharpe,-0.04198531188448734
2021-04-23,Crypto Max-Sharpe,-0.0064858705757143455
2021-04-24,Crypto Max-Sharpe,-0.03680486078547797
2021-04-25,Crypto Max-Sharpe,-0.009828262903971662
2021-04-26,Crypto Max-Sharpe,0.115965292606663
2021-04-27,Crypto Max-Sharpe,0.03953464555939533
2021-04-28,Crypto Max-Sharpe,0.00670052705979744
2021-04-29,Crypto Max-Sharpe,-0.018481902631695787
2021-04-30,Crypto Max-Sharpe,0.05706084962093969
2021-05-01,Crypto Max-Sharpe,0.006951223049212922
2021-05-02,Crypto Max-Sharpe,-0.01638348830415537
2021-05-03,Crypto Max-Sharpe,0.05609169731910505
2021-05-04,Crypto Max-Sharpe,-0.06289394642859311
2021-05-05,Crypto Max-Sharpe,0.12030813280964334
2021-05-06,Crypto Max-Sharpe,0.032212371317765415
2021-05-07,Crypto Max-Sharpe,0.0017852661460517243
2021-05-08,Crypto Max-Sharpe,0.030265891707538014
2021-05-09,Crypto Max-Sharpe,0.023538377309129214
2021-05-10,Crypto Max-Sharpe,-0.04640616659593758
2021-05-11,Crypto Max-Sharpe,0.05074066560819878
2021-05-12,Crypto Max-Sharpe,-0.1220090618240199
2021-05-13,Crypto Max-Sharpe,0.0758781869784393
2021-05-14,Crypto Max-Sharpe,0.042222046620420006
2021-05-15,Crypto Max-Sharpe,-0.023844320943020376
2021-05-16,Crypto Max-Sharpe,0.010022847883168502
2021-05-17,Crypto Max-Sharpe,-0.07923143401546084
2021-05-18,Crypto Max-Sharpe,0.004661287858338102
2021-05-19,Crypto Max-Sharpe,-0.23301005711359352
2021-05-20,Crypto Max-Sharpe,0.1473222163529022
2021-05-21,Crypto Max-Sharpe,-0.11978188818359736
2021-05-22,Crypto Max-Sharpe,-0.037133779416940696
2021-05-23,Crypto Max-Sharpe,-0.09133508559283525
2021-05-24,Crypto Max-Sharpe,0.18271299049112866
2021-05-25,Crypto Max-Sharpe,0.005032684027719217
2021-05-26,Crypto Max-Sharpe,0.07574176889540582
2021-05-27,Crypto Max-Sharpe,-0.050073105553120556
2021-05-28,Crypto Max-Sharpe,-0.08711599387190389
2021-05-29,Crypto Max-Sharpe,-0.05258326969480878
2021-05-30,Crypto Max-Sharpe,0.06562832471176365
2021-05-31,Crypto Max-Sharpe,0.09339327258933167
2021-06-01,Crypto Max-Sharpe,-0.01946882366184212
2021-06-02,Crypto Max-Sharpe,0.01742546981817261
2021-06-03,Crypto Max-Sharpe,0.04713142363092206
2021-06-04,Crypto Max-Sharpe,-0.06545494742563816
2021-06-05,Crypto Max-Sharpe,-0.02729338581950696
2021-06-06,Crypto Max-Sharpe,0.020236196175947595
2021-06-07,Crypto Max-Sharpe,-0.06369733380083567
2021-06-08,Crypto Max-Sharpe,-0.00589079223345498
2021-06-09,Crypto Max-Sharpe,0.04051684557277641
2021-06-10,Crypto Max-Sharpe,-0.054822185771815024
2021-06-11,Crypto Max-Sharpe,-0.04695363972941733
2021-06-12,Crypto Max-Sharpe,0.009987921961669219
2021-06-13,Crypto Max-Sharpe,0.058432994640661276
2021-06-14,Crypto Max-Sharpe,0.010692006118124042
2021-06-15,Crypto Max-Sharpe,0.017667667352692838
2021-06-16,Crypto Max-Sharpe,-0.07882636451571562
2021-06-17,Crypto Max-Sharpe,0.001273154673745712
2021-06-18,Crypto Max-Sharpe,-0.05230833477955515
2021-06-19,Crypto Max-Sharpe,-0.021508744465757443
2021-06-20,Crypto Max-Sharpe,0.024365831453259792
2021-06-21,Crypto Max-Sharpe,-0.17501235931124584
2021-06-22,Crypto Max-Sharpe,-0.023028871420033677
2021-06-23,Crypto Max-Sharpe,0.07995639556775896
2021-06-24,Crypto Max-Sharpe,0.045681992715363044
2021-06-25,Crypto Max-Sharpe,-0.08091107022797023
2021-06-26,Crypto Max-Sharpe,0.00486434650000115
2021-06-27,Crypto Max-Sharpe,0.07013433957087839
2021-06-28,Crypto Max-Sharpe,0.018759540221063638
2021-06-29,Crypto Max-Sharpe,0.0701718361423973
2021-06-30,Crypto Max-Sharpe,0.027151908127880736
2021-07-01,Crypto Max-Sharpe,-0.05531028770115656
2021-07-02,Crypto Max-Sharpe,0.026043727148072057
2021-07-03,Crypto Max-Sharpe,0.02747189324686542
2021-07-04,Crypto Max-Sharpe,0.030052110436274794
2021-07-05,Crypto Max-Sharpe,-0.044689823637333904
2021-07-06,Crypto Max-Sharpe,0.029105503580441436
2021-07-07,Crypto Max-Sharpe,-0.012140073927502035
2021-07-08,Crypto Max-Sharpe,-0.06367632632868703
2021-07-09,Crypto Max-Sharpe,0.01402848116111385
2021-07-10,Crypto Max-Sharpe,-0.013697863564518124
2021-07-11,Crypto Max-Sharpe,0.011775620186817853
2021-07-12,Crypto Max-Sharpe,-0.03580622986065366
2021-07-13,Crypto Max-Sharpe,-0.041201516538107275
2021-07-14,Crypto Max-Sharpe,0.010059629279151818
2021-07-15,Crypto Max-Sharpe,-0.03883509361180159
2021-07-16,Crypto Max-Sharpe,-0.0298844785043931
2021-07-17,Crypto Max-Sharpe,0.004075020400467989
2021-07-18,Crypto Max-Sharpe,0.005910701445202068
2021-07-19,Crypto Max-Sharpe,-0.04039079889701029
2021-07-20,Crypto Max-Sharpe,-0.03962051341087747
2021-07-21,Crypto Max-Sharpe,0.10383063724279426
2021-07-22,Crypto Max-Sharpe,0.015143008592888118
2021-07-23,Crypto Max-Sharpe,0.036581257604391806
2021-07-24,Crypto Max-Sharpe,0.03460558909602244
2021-07-25,Crypto Max-Sharpe,-0.0024666523069180064
2021-07-26,Crypto Max-Sharpe,0.020964829496286932
2021-07-27,Crypto Max-Sharpe,0.02406179492783829
2021-07-28,Crypto Max-Sharpe,0.0019204660184798535
2021-07-29,Crypto Max-Sharpe,0.014198623176041604
2021-07-30,Crypto Max-Sharpe,0.030902961623014376
2021-07-31,Crypto Max-Sharpe,0.009799077554962217
2021-08-01,Crypto Max-Sharpe,-0.009600022211311125
2021-08-02,Crypto Max-Sharpe,0.0028981506316194984
2021-08-03,Crypto Max-Sharpe,-0.011404024284711371
2021-08-04,Crypto Max-Sharpe,0.0462258585452669
2021-08-05,Crypto Max-Sharpe,0.02245217620569599
2021-08-06,Crypto Max-Sharpe,0.02240938965591066
2021-08-07,Crypto Max-Sharpe,0.07505593214720804
2021-08-08,Crypto Max-Sharpe,-0.03576768343650538
2021-08-09,Crypto Max-Sharpe,0.04514535838936307
2021-08-10,Crypto Max-Sharpe,0.035296744146269744
2021-08-11,Crypto Max-Sharpe,0.03287480609532346
2021-08-12,Crypto Max-Sharpe,-0.015435467291541405
2021-08-13,Crypto Max-Sharpe,0.11069090425764651
2021-08-14,Crypto Max-Sharpe,0.00801298390998899
2021-08-15,Crypto Max-Sharpe,0.01835863653709347
2021-08-16,Crypto Max-Sharpe,-0.04400648559820385
2021-08-17,Crypto Max-Sharpe,-0.057942431483583315
2021-08-18,Crypto Max-Sharpe,0.03401819480570064
2021-08-19,Crypto Max-Sharpe,0.08147124829759655
2021-08-20,Crypto Max-Sharpe,0.033027680674682945
2021-08-21,Crypto Max-Sharpe,-0.01617158143721944
2021-08-22,Crypto Max-Sharpe,0.03962424013723015
2021-08-23,Crypto Max-Sharpe,0.033907859541270076
2021-08-24,Crypto Max-Sharpe,-0.055498476373428175
2021-08-25,Crypto Max-Sharpe,0.014761305894238026
2021-08-26,Crypto Max-Sharpe,-0.05408980988645229
2021-08-27,Crypto Max-Sharpe,0.08959912113065469
2021-08-28,Crypto Max-Sharpe,-0.01362497939723263
2021-08-29,Crypto Max-Sharpe,-0.0029376611907286224
2021-08-30,Crypto Max-Sharpe,-0.03351649221701121
2021-08-31,Crypto Max-Sharpe,0.022545925519689806
2021-09-01,Crypto Max-Sharpe,0.05339874998509876
2021-09-02,Crypto Max-Sharpe,0.0148160412109449
2021-09-03,Crypto Max-Sharpe,0.01371124026320719
2021-09-04,Crypto Max-Sharpe,-0.029313847509422133
2021-09-05,Crypto Max-Sharpe,0.03384725317617055
2021-09-06,Crypto Max-Sharpe,-0.012783145344550667
2021-09-07,Crypto Max-Sharpe,-0.12925967512715097
2021-09-08,Crypto Max-Sharpe,-0.007138337075700239
2021-09-09,Crypto Max-Sharpe,0.008504423428555438
2021-09-10,Crypto Max-Sharpe,-0.04913790063751797
2021-09-11,Crypto Max-Sharpe,0.06220819527993834
2021-09-12,Crypto Max-Sharpe,0.0010871033981969648
2021-09-13,Crypto Max-Sharpe,-0.053410804851034006
2021-09-14,Crypto Max-Sharpe,0.016358714037235413
2021-09-15,Crypto Max-Sharpe,0.04090723425162694
2021-09-16,Crypto Max-Sharpe,-0.023488429501473052
2021-09-17,Crypto Max-Sharpe,-0.028870804494887534
2021-09-18,Crypto Max-Sharpe,0.012026269193876865
2021-09-19,Crypto Max-Sharpe,-0.03293822053156108
2021-09-20,Crypto Max-Sharpe,-0.10056901578034491
2021-09-21,Crypto Max-Sharpe,-0.04754040845690069
2021-09-22,Crypto Max-Sharpe,0.12229717245326385
2021-09-23,Crypto Max-Sharpe,0.02416312476839239
2021-09-24,Crypto Max-Sharpe,-0.03994657273976528
2021-09-25,Crypto Max-Sharpe,0.003157328614626094
2021-09-26,Crypto Max-Sharpe,-0.014387457076590197
2021-09-27,Crypto Max-Sharpe,-0.03298601707283985
2021-09-28,Crypto Max-Sharpe,-0.03668967760010198
2021-09-29,Crypto Max-Sharpe,0.013741787317364246
2021-09-30,Crypto Max-Sharpe,0.03367760527172739
2021-10-01,Crypto Max-Sharpe,0.08329821134755673
2021-10-02,Crypto Max-Sharpe,0.0074570412331908045
2021-10-03,Crypto Max-Sharpe,0.0038221974241960184
2021-10-04,Crypto Max-Sharpe,-0.01970862370336474
2021-10-05,Crypto Max-Sharpe,0.029382928079036058
2021-10-06,Crypto Max-Sharpe,0.006011524490443921
2021-10-07,Crypto Max-Sharpe,0.013190890084369558
2021-10-08,Crypto Max-Sharpe,-0.012580980398743965
2021-10-09,Crypto Max-Sharpe,0.014071105805206915
2021-10-10,Crypto Max-Sharpe,-0.03318982533740104
2021-10-11,Crypto Max-Sharpe,0.008636184011838471
2021-10-12,Crypto Max-Sharpe,-0.022263165090004415
2021-10-13,Crypto Max-Sharpe,0.02948362990852476
2021-10-14,Crypto Max-Sharpe,0.009749601543376857
2021-10-15,Crypto Max-Sharpe,0.021720286173422258
2021-10-16,Crypto Max-Sharpe,-0.01268385253935896
2021-10-17,Crypto Max-Sharpe,-0.005760429703633676
2021-10-18,Crypto Max-Sharpe,-0.014356606652736383
2021-10-19,Crypto Max-Sharpe,0.008219662034261936
2021-10-20,Crypto Max-Sharpe,0.044806825097126864
2021-10-21,Crypto Max-Sharpe,-0.02308607769321589
2021-10-22,Crypto Max-Sharpe,-0.004351243898208193
2021-10-23,Crypto Max-Sharpe,0.019681316456937152
2021-10-24,Crypto Max-Sharpe,-0.018582331734189286
2021-10-25,Crypto Max-Sharpe,0.016517665062815323
2021-10-26,Crypto Max-Sharpe,-0.012403870550438244
2021-10-27,Crypto Max-Sharpe,-0.08519687361285647
2021-10-28,Crypto Max-Sharpe,0.05571922219704044
2021-10-29,Crypto Max-Sharpe,0.021267852253806976
2021-10-30,Crypto Max-Sharpe,-0.021509669434776803
2021-10-31,Crypto Max-Sharpe,0.0005961325867622079
2021-11-01,Crypto Max-Sharpe,-0.0017676090037944997
2021-11-02,Crypto Max-Sharpe,0.032548689289460614
2021-11-03,Crypto Max-Sharpe,0.022909192743465492
2021-11-04,Crypto Max-Sharpe,-0.02788388163160871
2021-11-05,Crypto Max-Sharpe,-0.005246693945662567
2021-11-06,Crypto Max-Sharpe,0.007287595641181796
2021-11-07,Crypto Max-Sharpe,0.015999973053412515
2021-11-08,Crypto Max-Sharpe,0.04850543794405267
2021-11-09,Crypto Max-Sharpe,0.03240426422375167
2021-11-10,Crypto Max-Sharpe,-0.05058035782519745
2021-11-11,Crypto Max-Sharpe,0.0040535753606864445
2021-11-12,Crypto Max-Sharpe,-0.016805380155408743
2021-11-13,Crypto Max-Sharpe,0.0023081278292483446
2021-11-14,Crypto Max-Sharpe,-0.00353002058579075
2021-11-15,Crypto Max-Sharpe,-0.016059150365915414
2021-11-16,Crypto Max-Sharpe,-0.06967363648335208
2021-11-17,Crypto Max-Sharpe,0.0066885730910551345
2021-11-18,Crypto Max-Sharpe,-0.0556728785248545
2021-11-19,Crypto Max-Sharpe,0.05264306303279289
2021-11-20,Crypto Max-Sharpe,0.026079772861371767
2021-11-21,Crypto Max-Sharpe,-0.03291330120843878
2021-11-22,Crypto Max-Sharpe,-0.03838704656934519
2021-11-23,Crypto Max-Sharpe,0.019923124486587777
2021-11-24,Crypto Max-Sharpe,-0.029205086085294596
2021-11-25,Crypto Max-Sharpe,-0.004990150873265271
2021-11-26,Crypto Max-Sharpe,-0.06327767250528323
2021-11-27,Crypto Max-Sharpe,0.014006963286976096
2021-11-28,Crypto Max-Sharpe,0.035872636203061706
2021-11-29,Crypto Max-Sharpe,0.020284095854143376
2021-11-30,Crypto Max-Sharpe,0.006420187929183149
2021-12-01,Crypto Max-Sharpe,-0.007592104478413674
2021-12-02,Crypto Max-Sharpe,0.03527999709094369
2021-12-03,Crypto Max-Sharpe,-0.07353770827084727
2021-12-04,Crypto Max-Sharpe,-0.06429327581491563
2021-12-05,Crypto Max-Sharpe,-0.006126705765342069
2021-12-06,Crypto Max-Sharpe,0.03341999030975592
2021-12-07,Crypto Max-Sharpe,-0.0160885943816349
2021-12-08,Crypto Max-Sharpe,0.02168320794051327
2021-12-09,Crypto Max-Sharpe,-0.07516459203953964
2021-12-10,Crypto Max-Sharpe,-0.052247604422061056
2021-12-11,Crypto Max-Sharpe,0.074734872277143
2021-12-12,Crypto Max-Sharpe,0.003023895527164574
2021-12-13,Crypto Max-Sharpe,-0.0890174936781918
2021-12-14,Crypto Max-Sharpe,-0.00442550162629254
2021-12-15,Crypto Max-Sharpe,0.06911502302176423
2021-12-16,Crypto Max-Sharpe,-0.032251282726112086
2021-12-17,Crypto Max-Sharpe,-0.01957031660683938
2021-12-18,Crypto Max-Sharpe,0.019891531469064107
2021-12-19,Crypto Max-Sharpe,-0.004376296951682233
2021-12-20,Crypto Max-Sharpe,-0.002313665540581258
2021-12-21,Crypto Max-Sharpe,0.027529299730260165
2021-12-22,Crypto Max-Sharpe,0.012614253233755387
2021-12-23,Crypto Max-Sharpe,0.06707389215485333
2021-12-24,Crypto Max-Sharpe,-0.029935814000557122
2021-12-25,Crypto Max-Sharpe,0.025716179180486957
2021-12-26,Crypto Max-Sharpe,-0.002614931518790185
2021-12-27,Crypto Max-Sharpe,0.011756598913558599
2021-12-28,Crypto Max-Sharpe,-0.06816395127170403
2021-12-29,Crypto Max-Sharpe,-0.04455141605605665
2021-12-30,Crypto Max-Sharpe,0.021635470093521268
2021-12-31,Crypto Max-Sharpe,-0.02277124909630481
2022-01-01,Crypto Max-Sharpe,0.03603253603232081
2022-01-02,Crypto Max-Sharpe,0.008339089076372687
2022-01-03,Crypto Max-Sharpe,-0.029306396714836775
2022-01-04,Crypto Max-Sharpe,-0.0037262992805794874
2022-01-05,Crypto Max-Sharpe,-0.06053501324410768
2022-01-06,Crypto Max-Sharpe,0.0028261294229280434
2022-01-07,Crypto Max-Sharpe,-0.05358528263965907
2022-01-08,Crypto Max-Sharpe,-0.02601157380191211
2022-01-09,Crypto Max-Sharpe,0.003915469377855289
2022-01-10,Crypto Max-Sharpe,-0.03391864336526179
2022-01-11,Crypto Max-Sharpe,0.04837845340900523
2022-01-12,Crypto Max-Sharpe,0.07040807717839795
2022-01-13,Crypto Max-Sharpe,-0.0437116300039678
2022-01-14,Crypto Max-Sharpe,0.03786566804799474
2022-01-15,Crypto Max-Sharpe,0.009022388858505289
2022-01-16,Crypto Max-Sharpe,0.0386919438897771
2022-01-17,Crypto Max-Sharpe,0.04142663279542699
2022-01-18,Crypto Max-Sharpe,-0.03413695488042745
2022-01-19,Crypto Max-Sharpe,-0.05363869966210677
2022-01-20,Crypto Max-Sharpe,-0.05213032236004058
2022-01-21,Crypto Max-Sharpe,-0.1216007539152038
2022-01-22,Crypto Max-Sharpe,-0.05651956196159286
2022-01-23,Crypto Max-Sharpe,0.05052386074492451
2022-01-24,Crypto Max-Sharpe,-0.04292989079787029
2022-01-25,Crypto Max-Sharpe,-0.008326935477459003
2022-01-26,Crypto Max-Sharpe,0.020412289782140304
2022-01-27,Crypto Max-Sharpe,-0.02035649748373288
2022-01-28,Crypto Max-Sharpe,0.017679191013849585
2022-01-29,Crypto Max-Sharpe,0.007122082028147676
2022-01-30,Crypto Max-Sharpe,-0.017924710056810744
2022-01-31,Crypto Max-Sharpe,0.021562763180933794
2022-02-01,Crypto Max-Sharpe,0.03418735199151807
2022-02-02,Crypto Max-Sharpe,-0.03985801071590291
2022-02-03,Crypto Max-Sharpe,0.03576778044315497
2022-02-04,Crypto Max-Sharpe,0.0718276350889586
2022-02-05,Crypto Max-Sharpe,-0.0030923188553504503
2022-02-06,Crypto Max-Sharpe,0.01714927736212807
2022-02-07,Crypto Max-Sharpe,0.09406343815580681
2022-02-08,Crypto Max-Sharpe,-0.001343519279557932
2022-02-09,Crypto Max-Sharpe,0.023992140235726364
2022-02-10,Crypto Max-Sharpe,-0.01819648428465697
2022-02-11,Crypto Max-Sharpe,-0.06247437904886556
2022-02-12,Crypto Max-Sharpe,-0.005304228948780514
2022-02-13,Crypto Max-Sharpe,0.003913746261832017
2022-02-14,Crypto Max-Sharpe,-0.014231939709041396
2022-02-15,Crypto Max-Sharpe,0.06023367299578242
2022-02-16,Crypto Max-Sharpe,-0.02468114161381299
2022-02-17,Crypto Max-Sharpe,-0.07571776712281203
2022-02-18,Crypto Max-Sharpe,-0.00967021927488227
2022-02-19,Crypto Max-Sharpe,0.0056103828677802415
2022-02-20,Crypto Max-Sharpe,-0.05632272356749054
2022-02-21,Crypto Max-Sharpe,-0.08551421135559212
2022-02-22,Crypto Max-Sharpe,0.04525368823530457
2022-02-23,Crypto Max-Sharpe,-0.01809937903623682
2022-02-24,Crypto Max-Sharpe,-0.008567375274467942
2022-02-25,Crypto Max-Sharpe,0.06292395552887285
2022-02-26,Crypto Max-Sharpe,0.01216233328514255
2022-02-27,Crypto Max-Sharpe,-0.05006721919564372
2022-02-28,Crypto Max-Sharpe,0.09893029398648288
2022-03-01,Crypto Max-Sharpe,0.008322625931800675
2022-03-02,Crypto Max-Sharpe,-0.020491388983085668
2022-03-03,Crypto Max-Sharpe,-0.0010907384531996462
2022-03-04,Crypto Max-Sharpe,-0.07652675365978427
2022-03-05,Crypto Max-Sharpe,0.023305858156809647
2022-03-06,Crypto Max-Sharpe,-0.04206115296706487
2022-03-07,Crypto Max-Sharpe,-0.014387967888568567
2022-03-08,Crypto Max-Sharpe,0.016692382631411512
2022-03-09,Crypto Max-Sharpe,0.056880697971228564
2022-03-10,Crypto Max-Sharpe,-0.0462787855423519
2022-03-11,Crypto Max-Sharpe,0.013779986617080481
2022-03-12,Crypto Max-Sharpe,-0.007528592222666489
2022-03-13,Crypto Max-Sharpe,-0.031035952254505426
2022-03-14,Crypto Max-Sharpe,0.021398263252422105
2022-03-15,Crypto Max-Sharpe,-0.0011846066962212783
2022-03-16,Crypto Max-Sharpe,0.05197604474911276
2022-03-17,Crypto Max-Sharpe,-0.0004897195398805217
2022-03-18,Crypto Max-Sharpe,0.029844917347388093
2022-03-19,Crypto Max-Sharpe,0.11907716398533183
2022-03-20,Crypto Max-Sharpe,0.058038936258933006
2022-03-21,Crypto Max-Sharpe,0.015942175854028993
2022-03-22,Crypto Max-Sharpe,0.11153730837192949
2022-03-23,Crypto Max-Sharpe,-0.00364957236839878
2022-03-24,Crypto Max-Sharpe,0.045414702222590655
2022-03-25,Crypto Max-Sharpe,-0.009149553395474772
2022-03-26,Crypto Max-Sharpe,-0.005973566146458569
2022-03-27,Crypto Max-Sharpe,0.027451530380682956
2022-03-28,Crypto Max-Sharpe,-0.011626700474702358
2022-03-29,Crypto Max-Sharpe,0.037494063440837
2022-03-30,Crypto Max-Sharpe,0.0060499494104108865
2022-03-31,Crypto Max-Sharpe,-0.04673979890774856
2022-04-01,Crypto Max-Sharpe,0.004124904076370864
2022-04-02,Crypto Max-Sharpe,-0.029576127829159665
2022-04-03,Crypto Max-Sharpe,0.026204687359882017
2022-04-04,Crypto Max-Sharpe,0.0017840491639527288
2022-04-05,Crypto Max-Sharpe,-0.04668849068150808
2022-04-06,Crypto Max-Sharpe,-0.1269135489804505
2022-04-07,Crypto Max-Sharpe,0.11501129368674434
2022-04-08,Crypto Max-Sharpe,-0.06214616868185657
2022-04-09,Crypto Max-Sharpe,0.03419616703934183
2022-04-10,Crypto Max-Sharpe,-0.03156321477461498
2022-04-11,Crypto Max-Sharpe,-0.08391746594397234
2022-04-12,Crypto Max-Sharpe,0.028232229658780153
2022-04-13,Crypto Max-Sharpe,0.013448403628261335
2022-04-14,Crypto Max-Sharpe,-0.03557915405174573
2022-04-15,Crypto Max-Sharpe,0.010477992644816629
2022-04-16,Crypto Max-Sharpe,0.020326053575123595
2022-04-17,Crypto Max-Sharpe,-0.039105985375221405
2022-04-18,Crypto Max-Sharpe,0.008893118028285511
2022-04-19,Crypto Max-Sharpe,0.02317424123950983
2022-04-20,Crypto Max-Sharpe,-0.030901105614455592
2022-04-21,Crypto Max-Sharpe,-0.0418071133093207
2022-04-22,Crypto Max-Sharpe,0.01387007970012246
2022-04-23,Crypto Max-Sharpe,-0.0247597182497413
2022-04-24,Crypto Max-Sharpe,-0.024224672185203217
2022-04-25,Crypto Max-Sharpe,0.003379621926595305
2022-04-26,Crypto Max-Sharpe,-0.08652776470869437
2022-04-27,Crypto Max-Sharpe,0.024701418163360328
2022-04-28,Crypto Max-Sharpe,0.006754369729443652
2022-04-29,Crypto Max-Sharpe,-0.05199847700942289
2022-04-30,Crypto Max-Sharpe,-0.06934382218026816
2022-05-01,Crypto Max-Sharpe,0.05145572750976786
2022-05-02,Crypto Max-Sharpe,0.0014188575069434466
2022-05-03,Crypto Max-Sharpe,-0.024281232147162313
2022-05-04,Crypto Max-Sharpe,0.09837485539991538
2022-05-05,Crypto Max-Sharpe,-0.07129946793612513
2022-05-06,Crypto Max-Sharpe,-0.016278335530375637
2022-05-07,Crypto Max-Sharpe,-0.029482602032242275
2022-05-08,Crypto Max-Sharpe,-0.03114980828143099
2022-05-09,Crypto Max-Sharpe,-0.11931386375499027
2022-05-10,Crypto Max-Sharpe,0.041082045562385906
2022-05-11,Crypto Max-Sharpe,-0.14244112346367552
2022-05-12,Crypto Max-Sharpe,-0.047854941098556016
2022-05-13,Crypto Max-Sharpe,0.05336666554613646
2022-05-14,Crypto Max-Sharpe,0.02591824799279085
2022-05-15,Crypto Max-Sharpe,0.044867765367584064
2022-05-16,Crypto Max-Sharpe,-0.057859349788540064
2022-05-17,Crypto Max-Sharpe,0.03888910528500716
2022-05-18,Crypto Max-Sharpe,-0.08625249901691014
2022-05-19,Crypto Max-Sharpe,0.05385605211759681
2022-05-20,Crypto Max-Sharpe,-0.03091605265709432
2022-05-21,Crypto Max-Sharpe,0.0070166222074684315
2022-05-22,Crypto Max-Sharpe,0.036980976400903774
2022-05-23,Crypto Max-Sharpe,-0.0030188894775332927
2022-05-24,Crypto Max-Sharpe,0.05660453822794125
2022-05-25,Crypto Max-Sharpe,-0.020132427216621104
2022-05-26,Crypto Max-Sharpe,-0.07160124379735723
2022-05-27,Crypto Max-Sharpe,-0.0212212656960138
2022-05-28,Crypto Max-Sharpe,0.007851378748278131
2022-05-29,Crypto Max-Sharpe,-0.009205508854367411
2022-05-30,Crypto Max-Sharpe,0.034183344412601444
2022-05-31,Crypto Max-Sharpe,0.01119399178547085
2022-06-01,Crypto Max-Sharpe,-0.008516339710219405
2022-06-02,Crypto Max-Sharpe,0.008924915904946044
2022-06-03,Crypto Max-Sharpe,-0.03651199348035505
2022-06-04,Crypto Max-Sharpe,-0.009575553603478377
2022-06-05,Crypto Max-Sharpe,0.013177089958018575
2022-06-06,Crypto Max-Sharpe,0.0034263556344134266
2022-06-07,Crypto Max-Sharpe,0.0037697449969036198
2022-06-08,Crypto Max-Sharpe,-0.01677786409188775
2022-06-09,Crypto Max-Sharpe,0.004204042995810338
2022-06-10,Crypto Max-Sharpe,-0.025093907437285037
2022-06-11,Crypto Max-Sharpe,-0.037963570827518126
2022-06-12,Crypto Max-Sharpe,0.006267465900107806
2022-06-13,Crypto Max-Sharpe,-0.1652512386031402
2022-06-14,Crypto Max-Sharpe,-0.12552909351544664
2022-06-15,Crypto Max-Sharpe,0.12811457007507202
2022-06-16,Crypto Max-Sharpe,-0.061064917002141936
2022-06-17,Crypto Max-Sharpe,0.013267871448294333
2022-06-18,Crypto Max-Sharpe,0.017520138991895463
2022-06-19,Crypto Max-Sharpe,0.00938889596501576
2022-06-20,Crypto Max-Sharpe,-0.005577667473292909
2022-06-21,Crypto Max-Sharpe,0.060406880992289705
2022-06-22,Crypto Max-Sharpe,-0.026539834684574014
2022-06-23,Crypto Max-Sharpe,0.009853533091908995
2022-06-24,Crypto Max-Sharpe,0.03378970820168071
2022-06-25,Crypto Max-Sharpe,-0.014976910332770247
2022-06-26,Crypto Max-Sharpe,0.000770148095691188
2022-06-27,Crypto Max-Sharpe,0.032448746003128616
2022-06-28,Crypto Max-Sharpe,-0.015416255334360316
2022-06-29,Crypto Max-Sharpe,-0.018292497182254782
2022-06-30,Crypto Max-Sharpe,-0.001156833980073163
2022-07-01,Crypto Max-Sharpe,0.002918676202519937
2022-07-02,Crypto Max-Sharpe,-0.002740850942955504
2022-07-03,Crypto Max-Sharpe,0.022851584856107044
2022-07-04,Crypto Max-Sharpe,0.014974489922158456
2022-07-05,Crypto Max-Sharpe,0.014218133416779896
2022-07-06,Crypto Max-Sharpe,-0.00891580802644507
2022-07-07,Crypto Max-Sharpe,0.01565420115157369
2022-07-08,Crypto Max-Sharpe,0.005506639248160411
2022-07-09,Crypto Max-Sharpe,0.011749922495481338
2022-07-10,Crypto Max-Sharpe,-0.031303255677289206
2022-07-11,Crypto Max-Sharpe,-0.04329832708605952
2022-07-12,Crypto Max-Sharpe,-0.0011434093422714334
2022-07-13,Crypto Max-Sharpe,0.024735456794090515
2022-07-14,Crypto Max-Sharpe,0.009646287784761858
2022-07-15,Crypto Max-Sharpe,0.002825855682735864
2022-07-16,Crypto Max-Sharpe,0.02722492942493428
2022-07-17,Crypto Max-Sharpe,-0.02133619055889246
2022-07-18,Crypto Max-Sharpe,0.024485687630326148
2022-07-19,Crypto Max-Sharpe,0.000926495972816358
2022-07-20,Crypto Max-Sharpe,-0.02222954495445195
2022-07-21,Crypto Max-Sharpe,0.006315993647637803
2022-07-22,Crypto Max-Sharpe,-0.01437548597649785
2022-07-23,Crypto Max-Sharpe,-0.0014168035950877771
2022-07-24,Crypto Max-Sharpe,-0.00022398808957523693
2022-07-25,Crypto Max-Sharpe,-0.04614309156342879
2022-07-26,Crypto Max-Sharpe,0.023240140888373305
2022-07-27,Crypto Max-Sharpe,0.05090373027344776
2022-07-28,Crypto Max-Sharpe,0.01588878544627531
2022-07-29,Crypto Max-Sharpe,-0.006680486349147185
2022-07-30,Crypto Max-Sharpe,-0.002121517694833952
2022-07-31,Crypto Max-Sharpe,-0.002892497329803577
2022-08-01,Crypto Max-Sharpe,0.014417661538122349
2022-08-02,Crypto Max-Sharpe,-0.02236292830825456
2022-08-03,Crypto Max-Sharpe,-0.008014934069561221
2022-08-04,Crypto Max-Sharpe,0.01649838185355953
2022-08-05,Crypto Max-Sharpe,0.012822057626368105
2022-08-06,Crypto Max-Sharpe,-0.005098293284917646
2022-08-07,Crypto Max-Sharpe,0.0023174746100918017
2022-08-08,Crypto Max-Sharpe,0.006850215755795973
2022-08-09,Crypto Max-Sharpe,-0.02333473786677057
2022-08-10,Crypto Max-Sharpe,0.02698830576387943
2022-08-11,Crypto Max-Sharpe,0.00012798699448726128
2022-08-12,Crypto Max-Sharpe,0.0017062042548748318
2022-08-13,Crypto Max-Sharpe,-0.007764251531841985
2022-08-14,Crypto Max-Sharpe,0.007095445962613094
2022-08-15,Crypto Max-Sharpe,-0.020795480714849376
2022-08-16,Crypto Max-Sharpe,0.011314861723397539
2022-08-17,Crypto Max-Sharpe,-0.021472839461445632
2022-08-18,Crypto Max-Sharpe,-0.011375135031468786
2022-08-19,Crypto Max-Sharpe,-0.049834700353931116
2022-08-20,Crypto Max-Sharpe,0.02663778610244909
2022-08-21,Crypto Max-Sharpe,0.00294879417443842
2022-08-22,Crypto Max-Sharpe,-0.006410731239346313
2022-08-23,Crypto Max-Sharpe,0.010646739052612618
2022-08-24,Crypto Max-Sharpe,-0.02120499745979929
2022-08-25,Crypto Max-Sharpe,0.01000732731018795
2022-08-26,Crypto Max-Sharpe,-0.05883793833382815
2022-08-27,Crypto Max-Sharpe,0.02030883869960728
2022-08-28,Crypto Max-Sharpe,-0.0227185854083516
2022-08-29,Crypto Max-Sharpe,0.030746144050940935
2022-08-30,Crypto Max-Sharpe,0.021069783537932932
2022-08-31,Crypto Max-Sharpe,-0.019923992468344604
2022-09-01,Crypto Max-Sharpe,-0.0024760459126030618
2022-09-02,Crypto Max-Sharpe,-0.010387346569569954
2022-09-03,Crypto Max-Sharpe,0.0082916621533635
2022-09-04,Crypto Max-Sharpe,0.006464717582825413
2022-09-05,Crypto Max-Sharpe,-0.008894834443921782
2022-09-06,Crypto Max-Sharpe,-0.034786773506253595
2022-09-07,Crypto Max-Sharpe,0.017345513711815277
2022-09-08,Crypto Max-Sharpe,-0.009560146485464313
2022-09-09,Crypto Max-Sharpe,0.03573523740846633
2022-09-10,Crypto Max-Sharpe,0.019758443555117033
2022-09-11,Crypto Max-Sharpe,-0.008829541393357338
2022-09-12,Crypto Max-Sharpe,-0.004290319940932879
2022-09-13,Crypto Max-Sharpe,-0.04272751511817756
2022-09-14,Crypto Max-Sharpe,0.008380256669178646
2022-09-15,Crypto Max-Sharpe,-0.00576226350200023
2022-09-16,Crypto Max-Sharpe,0.0006367045549158053
2022-09-17,Crypto Max-Sharpe,0.01625009891845509
2022-09-18,Crypto Max-Sharpe,-0.022668900596807214
2022-09-19,Crypto Max-Sharpe,-0.008886943168517314
2022-09-20,Crypto Max-Sharpe,-0.00972897532503761
2022-09-21,Crypto Max-Sharpe,-0.009272323901975334
2022-09-22,Crypto Max-Sharpe,0.018008632976894298
2022-09-23,Crypto Max-Sharpe,0.0031031927022888684
2022-09-24,Crypto Max-Sharpe,-0.006731812387183793
2022-09-25,Crypto Max-Sharpe,-0.013922913810476606
2022-09-26,Crypto Max-Sharpe,0.004158259638217026
2022-09-27,Crypto Max-Sharpe,-0.010526778122594397
2022-09-28,Crypto Max-Sharpe,-0.016841291317696957
2022-09-29,Crypto Max-Sharpe,0.004981862392405179
2022-09-30,Crypto Max-Sharpe,-0.0029513638826588204
2022-10-01,Crypto Max-Sharpe,-0.006454573158777064
2022-10-02,Crypto Max-Sharpe,-0.022395315271052655
2022-10-03,Crypto Max-Sharpe,0.019875575361258502
2022-10-04,Crypto Max-Sharpe,0.017330183060149773
2022-10-05,Crypto Max-Sharpe,-0.01116394085398786
2022-10-06,Crypto Max-Sharpe,0.006745464888963103
2022-10-07,Crypto Max-Sharpe,-0.011925881310039457
2022-10-08,Crypto Max-Sharpe,-0.0190678301325069
2022-10-09,Crypto Max-Sharpe,0.0005099378453117302
2022-10-10,Crypto Max-Sharpe,-0.1020584822910957
2022-10-11,Crypto Max-Sharpe,-0.020476771027723165
2022-10-12,Crypto Max-Sharpe,0.0037441434700016267
2022-10-13,Crypto Max-Sharpe,-0.03423044041768241
2022-10-14,Crypto Max-Sharpe,0.00697474051223557
2022-10-15,Crypto Max-Sharpe,-0.01666034572854891
2022-10-16,Crypto Max-Sharpe,0.015459436316509473
2022-10-17,Crypto Max-Sharpe,0.03128580567110694
2022-10-18,Crypto Max-Sharpe,-0.018451990594859136
2022-10-19,Crypto Max-Sharpe,-0.04522768530800747
2022-10-20,Crypto Max-Sharpe,-0.030131002764380292
2022-10-21,Crypto Max-Sharpe,0.016987622088387333
2022-10-22,Crypto Max-Sharpe,0.05401079859508372
2022-10-23,Crypto Max-Sharpe,0.007369990463987675
2022-10-24,Crypto Max-Sharpe,-0.031862470282000725
2022-10-25,Crypto Max-Sharpe,0.09178607503555879
2022-10-26,Crypto Max-Sharpe,0.03049111137185334
2022-10-27,Crypto Max-Sharpe,-0.027118506618596157
2022-10-28,Crypto Max-Sharpe,0.028312266331604215
2022-10-29,Crypto Max-Sharpe,0.014211386038809781
2022-10-30,Crypto Max-Sharpe,-0.05168795496319222
2022-10-31,Crypto Max-Sharpe,-0.010367958739022963
2022-11-01,Crypto Max-Sharpe,-0.009403623757315403
2022-11-02,Crypto Max-Sharpe,-0.04642644307921406
2022-11-03,Crypto Max-Sharpe,0.04639275621103355
2022-11-04,Crypto Max-Sharpe,0.0744023821098223
2022-11-05,Crypto Max-Sharpe,0.026803739625887998
2022-11-06,Crypto Max-Sharpe,-0.06126434598614993
2022-11-07,Crypto Max-Sharpe,0.00803665681339427
2022-11-08,Crypto Max-Sharpe,-0.1276219488749901
2022-11-09,Crypto Max-Sharpe,-0.16049494344988388
2022-11-10,Crypto Max-Sharpe,0.19697191169633485
2022-11-11,Crypto Max-Sharpe,-0.022368374082366135
2022-11-12,Crypto Max-Sharpe,-0.0463907569945946
2022-11-13,Crypto Max-Sharpe,-0.02517110538213352
2022-11-14,Crypto Max-Sharpe,0.021568766870459607
2022-11-15,Crypto Max-Sharpe,0.00813331759164959
2022-11-16,Crypto Max-Sharpe,-0.03002362339682307
2022-11-17,Crypto Max-Sharpe,-0.01416742429018658
2022-11-18,Crypto Max-Sharpe,-0.004962174976228971
2022-11-19,Crypto Max-Sharpe,-0.00229182045680165
2022-11-20,Crypto Max-Sharpe,-0.06828497812593291
2022-11-21,Crypto Max-Sharpe,-0.008340457176574388
2022-11-22,Crypto Max-Sharpe,0.022542509021489462
2022-11-23,Crypto Max-Sharpe,0.10426339725678721
2022-11-24,Crypto Max-Sharpe,-0.007122601754298013
2022-11-25,Crypto Max-Sharpe,-0.006097788843771771
2022-11-26,Crypto Max-Sharpe,-0.010662635021684403
2022-11-27,Crypto Max-Sharpe,-0.0025026601020584627
2022-11-28,Crypto Max-Sharpe,-0.024878204316564505
2022-11-29,Crypto Max-Sharpe,0.009850656054265496
2022-11-30,Crypto Max-Sharpe,0.03944387135074522
2022-12-01,Crypto Max-Sharpe,-0.02763793588668883
2022-12-02,Crypto Max-Sharpe,0.006479436125589766
2022-12-03,Crypto Max-Sharpe,-0.0315153290560528
2022-12-04,Crypto Max-Sharpe,0.014542010566793714
2022-12-05,Crypto Max-Sharpe,-0.003643265189060991
2022-12-06,Crypto Max-Sharpe,0.005735792131690952
2022-12-07,Crypto Max-Sharpe,-0.04324358018132723
2022-12-08,Crypto Max-Sharpe,0.02484890139160911
2022-12-09,Crypto Max-Sharpe,-0.0013950850387053368
2022-12-10,Crypto Max-Sharpe,-0.0004741128789141896
2022-12-11,Crypto Max-Sharpe,-0.011616441250740682
2022-12-12,Crypto Max-Sharpe,-0.01952656551962261
2022-12-13,Crypto Max-Sharpe,0.0381882501410351
2022-12-14,Crypto Max-Sharpe,-0.024161857728067553
2022-12-15,Crypto Max-Sharpe,-0.03436482598910327
2022-12-16,Crypto Max-Sharpe,-0.12209162228254586
2022-12-17,Crypto Max-Sharpe,0.01666501803633524
2022-12-18,Crypto Max-Sharpe,-0.01390737408747844
2022-12-19,Crypto Max-Sharpe,-0.05038847474358708
2022-12-20,Crypto Max-Sharpe,0.051888370192686877
2022-12-21,Crypto Max-Sharpe,0.042111477265980066
2022-12-22,Crypto Max-Sharpe,-0.007907032466754498
2022-12-23,Crypto Max-Sharpe,-0.005822311241030498
2022-12-24,Crypto Max-Sharpe,0.003924943583662577
2022-12-25,Crypto Max-Sharpe,-0.016356458046188124
2022-12-26,Crypto Max-Sharpe,0.004246180940797654
2022-12-27,Crypto Max-Sharpe,-0.02534542937916273
2022-12-28,Crypto Max-Sharpe,-0.046101650398290395
2022-12-29,Crypto Max-Sharpe,0.0409951347289097
2022-12-30,Crypto Max-Sharpe,-0.012325463812564828
2022-12-31,Crypto Max-Sharpe,0.009889568115576399
2023-01-01,Crypto Max-Sharpe,0.004943423735810805
2023-01-02,Crypto Max-Sharpe,0.02161291645034891
2023-01-03,Crypto Max-Sharpe,-0.013599928123315341
2023-01-04,Crypto Max-Sharpe,0.20719556337595058
2023-01-05,Crypto Max-Sharpe,-0.050623219647585316
2023-01-06,Crypto Max-Sharpe,0.12214984105590099
2023-01-07,Crypto Max-Sharpe,-0.019883416365192086
2023-01-08,Crypto Max-Sharpe,0.014308122750075208
2023-01-09,Crypto Max-Sharpe,-0.008355099863224684
2023-01-10,Crypto Max-Sharpe,0.004772475647558228
2023-01-11,Crypto Max-Sharpe,0.013503899719821586
2023-01-12,Crypto Max-Sharpe,0.019352010697919926
2023-01-13,Crypto Max-Sharpe,0.033113460193509026
2023-01-14,Crypto Max-Sharpe,0.04267744552268505
2023-01-15,Crypto Max-Sharpe,-0.003302374157561517
2023-01-16,Crypto Max-Sharpe,-0.02653361992742176
2023-01-17,Crypto Max-Sharpe,-0.0005457074243953033
2023-01-18,Crypto Max-Sharpe,-0.06532354288795905
2023-01-19,Crypto Max-Sharpe,0.015519927034928221
2023-01-20,Crypto Max-Sharpe,0.08507978373645941
2023-01-21,Crypto Max-Sharpe,-0.030692586127461955
2023-01-22,Crypto Max-Sharpe,0.01648891173022291
2023-01-23,Crypto Max-Sharpe,0.014230481919864028
2023-01-24,Crypto Max-Sharpe,-0.05532604973850252
2023-01-25,Crypto Max-Sharpe,0.029216337966850987
2023-01-26,Crypto Max-Sharpe,0.001978672282286097
2023-01-27,Crypto Max-Sharpe,0.01502440614107779
2023-01-28,Crypto Max-Sharpe,-0.010128080449761458
2023-01-29,Crypto Max-Sharpe,0.029937657623079393
2023-01-30,Crypto Max-Sharpe,-0.043416247058031515
2023-01-31,Crypto Max-Sharpe,0.008005272966625543
2023-02-01,Crypto Max-Sharpe,0.023127960783885973
2023-02-02,Crypto Max-Sharpe,0.004461438692095318
2023-02-03,Crypto Max-Sharpe,0.02135173616104808
2023-02-04,Crypto Max-Sharpe,0.011351065203123241
2023-02-05,Crypto Max-Sharpe,-0.017818945901315993
2023-02-06,Crypto Max-Sharpe,-0.023181521262176805
2023-02-07,Crypto Max-Sharpe,0.04434486107437215
2023-02-08,Crypto Max-Sharpe,-0.004776432818177615
2023-02-09,Crypto Max-Sharpe,-0.06985505843535406
2023-02-10,Crypto Max-Sharpe,0.008949839757647324
2023-02-11,Crypto Max-Sharpe,0.014868301452211123
2023-02-12,Crypto Max-Sharpe,-0.010250820697386209
2023-02-13,Crypto Max-Sharpe,0.004805456459493623
2023-02-14,Crypto Max-Sharpe,0.021941297419795648
2023-02-15,Crypto Max-Sharpe,0.059344224134594045
2023-02-16,Crypto Max-Sharpe,-0.051572367838344596
2023-02-17,Crypto Max-Sharpe,0.05141564338665292
2023-02-18,Crypto Max-Sharpe,0.0027669144875115135
2023-02-19,Crypto Max-Sharpe,-0.002023137540474909
2023-02-20,Crypto Max-Sharpe,0.026365354959143893
2023-02-21,Crypto Max-Sharpe,-0.030395684875927143
2023-02-22,Crypto Max-Sharpe,-0.0034525703604895578
2023-02-23,Crypto Max-Sharpe,-0.0016146500566193028
2023-02-24,Crypto Max-Sharpe,-0.02957626165359638
2023-02-25,Crypto Max-Sharpe,-0.0013852107549701214
2023-02-26,Crypto Max-Sharpe,0.023755709707485674
2023-02-27,Crypto Max-Sharpe,-0.0023123524365609577
2023-02-28,Crypto Max-Sharpe,-0.010258769436510886
2023-03-01,Crypto Max-Sharpe,0.015492665687591849
2023-03-02,Crypto Max-Sharpe,-0.004492104920277028
2023-03-03,Crypto Max-Sharpe,-0.035409567472610856
2023-03-04,Crypto Max-Sharpe,-0.01005393734296493
2023-03-05,Crypto Max-Sharpe,0.004813414108230328
2023-03-06,Crypto Max-Sharpe,0.0004752102887138896
2023-03-07,Crypto Max-Sharpe,-0.018110427575977292
2023-03-08,Crypto Max-Sharpe,-0.02282729696648859
2023-03-09,Crypto Max-Sharpe,-0.09575241525257307
2023-03-10,Crypto Max-Sharpe,-0.008981657716383672
2023-03-11,Crypto Max-Sharpe,0.02351607062114868
2023-03-12,Crypto Max-Sharpe,0.0907294344396404
2023-03-13,Crypto Max-Sharpe,0.0397651566058324
2023-03-14,Crypto Max-Sharpe,0.006006819329897314
2023-03-15,Crypto Max-Sharpe,-0.04073380294762504
2023-03-16,Crypto Max-Sharpe,0.00465486065613101
2023-03-17,Crypto Max-Sharpe,0.046952495633242934
2023-03-18,Crypto Max-Sharpe,-0.017540310695129107
2023-03-19,Crypto Max-Sharpe,0.01468723270835581
2023-03-20,Crypto Max-Sharpe,-0.03551420466990051
2023-03-21,Crypto Max-Sharpe,0.04069966030562664
2023-03-22,Crypto Max-Sharpe,-0.09474159894468183
2023-03-23,Crypto Max-Sharpe,0.0899875209775062
2023-03-24,Crypto Max-Sharpe,-0.02788724682776956
2023-03-25,Crypto Max-Sharpe,0.004413414874033797
2023-03-26,Crypto Max-Sharpe,0.007736687449051427
2023-03-27,Crypto Max-Sharpe,-0.009904134227396779
2023-03-28,Crypto Max-Sharpe,0.009987387448830135
2023-03-29,Crypto Max-Sharpe,0.001962224168099696
2023-03-30,Crypto Max-Sharpe,0.00744467474159303
2023-03-31,Crypto Max-Sharpe,0.01228012482308907
2023-04-01,Crypto Max-Sharpe,0.018684475571800484
2023-04-02,Crypto Max-Sharpe,-0.022889786979284434
2023-04-03,Crypto Max-Sharpe,0.0068747213675337555
2023-04-04,Crypto Max-Sharpe,0.0003345685821407651
2023-04-05,Crypto Max-Sharpe,0.004955689869292401
2023-04-06,Crypto Max-Sharpe,-0.00016646004733457634
2023-04-07,Crypto Max-Sharpe,0.00022701851756456968
2023-04-08,Crypto Max-Sharpe,0.0006049447925895372
2023-04-09,Crypto Max-Sharpe,0.007543159882891006
2023-04-10,Crypto Max-Sharpe,0.010262265981658705
2023-04-11,Crypto Max-Sharpe,-0.013425230022953902
2023-04-12,Crypto Max-Sharpe,-0.021164485206505906
2023-04-13,Crypto Max-Sharpe,0.004352149183020984
2023-04-14,Crypto Max-Sharpe,0.01453085039220237
2023-04-15,Crypto Max-Sharpe,-0.0038787819360804753
2023-04-16,Crypto Max-Sharpe,0.008348362206530565
2023-04-17,Crypto Max-Sharpe,-0.01153982476044115
2023-04-18,Crypto Max-Sharpe,0.014866843976229846
2023-04-19,Crypto Max-Sharpe,-0.01367546796859693
2023-04-20,Crypto Max-Sharpe,-0.00662121724537492
2023-04-21,Crypto Max-Sharpe,-0.006298362200304703
2023-04-22,Crypto Max-Sharpe,0.017162737333494982
2023-04-23,Crypto Max-Sharpe,0.005394606692634214
2023-04-24,Crypto Max-Sharpe,0.00022122998086416211
2023-04-25,Crypto Max-Sharpe,0.007115862744129685
2023-04-26,Crypto Max-Sharpe,-0.017158484762844213
2023-04-27,Crypto Max-Sharpe,0.011612931678728983
2023-04-28,Crypto Max-Sharpe,0.009546582667535221
2023-04-29,Crypto Max-Sharpe,0.018003318912150523
2023-04-30,Crypto Max-Sharpe,-0.01568044121721968
2023-05-01,Crypto Max-Sharpe,0.005047834332534791
2023-05-02,Crypto Max-Sharpe,0.013133354761052388
2023-05-03,Crypto Max-Sharpe,0.0021979431158758475
2023-05-04,Crypto Max-Sharpe,0.0005705055778588367
2023-05-05,Crypto Max-Sharpe,0.016311162697527342
2023-05-06,Crypto Max-Sharpe,-0.025495300409667996
2023-05-07,Crypto Max-Sharpe,-0.009677454629810135
2023-05-08,Crypto Max-Sharpe,-0.030974789222797464
2023-05-09,Crypto Max-Sharpe,0.01530418705577075
2023-05-10,Crypto Max-Sharpe,0.0074563569566831476
2023-05-11,Crypto Max-Sharpe,-0.016669099334609406
2023-05-12,Crypto Max-Sharpe,0.01170078236582021
2023-05-13,Crypto Max-Sharpe,0.0019747952661347315
2023-05-14,Crypto Max-Sharpe,0.012921457182245015
2023-05-15,Crypto Max-Sharpe,0.022299882811613148
2023-05-16,Crypto Max-Sharpe,0.013475734138455483
2023-05-17,Crypto Max-Sharpe,0.01931410320719757
2023-05-18,Crypto Max-Sharpe,-0.01896676020455048
2023-05-19,Crypto Max-Sharpe,0.007997071149846418
2023-05-20,Crypto Max-Sharpe,0.021225442393351827
2023-05-21,Crypto Max-Sharpe,0.02264734003529253
2023-05-22,Crypto Max-Sharpe,-0.011811409196884507
2023-05-23,Crypto Max-Sharpe,0.007630394470672745
2023-05-24,Crypto Max-Sharpe,-0.0573886338026927
2023-05-25,Crypto Max-Sharpe,0.006222940309115591
2023-05-26,Crypto Max-Sharpe,0.010671511752448504
2023-05-27,Crypto Max-Sharpe,0.014797507664222685
2023-05-28,Crypto Max-Sharpe,0.03186021004388442
2023-05-29,Crypto Max-Sharpe,-0.0029784784890284893
2023-05-30,Crypto Max-Sharpe,0.019274121004095868
2023-05-31,Crypto Max-Sharpe,-0.018155026068825724
2023-06-01,Crypto Max-Sharpe,0.03143882033671318
2023-06-02,Crypto Max-Sharpe,0.017667357597775997
2023-06-03,Crypto Max-Sharpe,0.00405117806893196
2023-06-04,Crypto Max-Sharpe,-0.012136795300790962
2023-06-05,Crypto Max-Sharpe,-0.06610731986317686
2023-06-06,Crypto Max-Sharpe,0.03560849525884923
2023-06-07,Crypto Max-Sharpe,-0.022525487935159693
2023-06-08,Crypto Max-Sharpe,-0.0027429053332715765
2023-06-09,Crypto Max-Sharpe,0.010554758146270368
2023-06-10,Crypto Max-Sharpe,-0.12434054796733637
2023-06-11,Crypto Max-Sharpe,0.006876448145120499
2023-06-12,Crypto Max-Sharpe,-0.0007467540659667258
2023-06-13,Crypto Max-Sharpe,-0.0024035305492632495
2023-06-14,Crypto Max-Sharpe,-0.05768791719438654
2023-06-15,Crypto Max-Sharpe,0.016502841492432807
2023-06-16,Crypto Max-Sharpe,0.01709413465903407
2023-06-17,Crypto Max-Sharpe,0.011030341097763931
2023-06-18,Crypto Max-Sharpe,0.004898402524341648
2023-06-19,Crypto Max-Sharpe,0.004150663161331681
2023-06-20,Crypto Max-Sharpe,0.032955117186732594
2023-06-21,Crypto Max-Sharpe,0.04333943468344348
2023-06-22,Crypto Max-Sharpe,-0.004465531773048566
2023-06-23,Crypto Max-Sharpe,0.021897005066080374
2023-06-24,Crypto Max-Sharpe,-0.014186197787848406
2023-06-25,Crypto Max-Sharpe,0.0024394837588848726
2023-06-26,Crypto Max-Sharpe,-0.018965776175085554
2023-06-27,Crypto Max-Sharpe,0.011715373041265336
2023-06-28,Crypto Max-Sharpe,-0.04120333750504848
2023-06-29,Crypto Max-Sharpe,0.017751210102178436
2023-06-30,Crypto Max-Sharpe,0.09360458644728585
2023-07-01,Crypto Max-Sharpe,-0.00449839574097989
2023-07-02,Crypto Max-Sharpe,0.026038538773295834
2023-07-03,Crypto Max-Sharpe,-0.008478797033706804
2023-07-04,Crypto Max-Sharpe,-0.010701369059694108
2023-07-05,Crypto Max-Sharpe,-0.017161134420810402
2023-07-06,Crypto Max-Sharpe,-0.0418354666326098
2023-07-07,Crypto Max-Sharpe,0.015747811555644236
2023-07-08,Crypto Max-Sharpe,-0.0007312523276911001
2023-07-09,Crypto Max-Sharpe,-0.009744079256594469
2023-07-10,Crypto Max-Sharpe,0.0147355782544247
2023-07-11,Crypto Max-Sharpe,-0.001665368849516801
2023-07-12,Crypto Max-Sharpe,-0.006005772268056861
2023-07-13,Crypto Max-Sharpe,0.29047267820952843
2023-07-14,Crypto Max-Sharpe,-0.07123280288038336
2023-07-15,Crypto Max-Sharpe,-0.00550987312522425
2023-07-16,Crypto Max-Sharpe,0.00888084624175889
2023-07-17,Crypto Max-Sharpe,-0.007696340296186511
2023-07-18,Crypto Max-Sharpe,0.013204297334749319
2023-07-19,Crypto Max-Sharpe,0.01810438392320925
2023-07-20,Crypto Max-Sharpe,-0.009885180413112031
2023-07-21,Crypto Max-Sharpe,-0.006707182864860403
2023-07-22,Crypto Max-Sharpe,-0.037980710986681446
2023-07-23,Crypto Max-Sharpe,0.026711972556018825
2023-07-24,Crypto Max-Sharpe,-0.046155291988909636
2023-07-25,Crypto Max-Sharpe,0.001969376730833275
2023-07-26,Crypto Max-Sharpe,0.013901974609242793
2023-07-27,Crypto Max-Sharpe,0.00476844829288755
2023-07-28,Crypto Max-Sharpe,-0.00656961315617537
2023-07-29,Crypto Max-Sharpe,0.0017249983737770542
2023-07-30,Crypto Max-Sharpe,0.018763928664922443
2023-07-31,Crypto Max-Sharpe,-0.014466646101722158
2023-08-01,Crypto Max-Sharpe,-0.0013262767781824425
2023-08-02,Crypto Max-Sharpe,-0.04998551626312982
2023-08-03,Crypto Max-Sharpe,-0.023343869837643562
2023-08-04,Crypto Max-Sharpe,-0.014982448741807281
2023-08-05,Crypto Max-Sharpe,-0.00565338552481405
2023-08-06,Crypto Max-Sharpe,-0.013666449460564436
2023-08-07,Crypto Max-Sharpe,0.035305815833824694
2023-08-08,Crypto Max-Sharpe,0.019431262808362024
2023-08-09,Crypto Max-Sharpe,-0.0023511174458471706
2023-08-10,Crypto Max-Sharpe,-0.021535646638214438
2023-08-11,Crypto Max-Sharpe,-0.007622434567230143
2023-08-12,Crypto Max-Sharpe,-0.004084954768786608
2023-08-13,Crypto Max-Sharpe,-0.0018294427953363568
2023-08-14,Crypto Max-Sharpe,0.009916186174612453
2023-08-15,Crypto Max-Sharpe,-0.021774861615572905
2023-08-16,Crypto Max-Sharpe,-0.06495288714334316
2023-08-17,Crypto Max-Sharpe,-0.12437747378341754
2023-08-18,Crypto Max-Sharpe,0.006775130495797689
2023-08-19,Crypto Max-Sharpe,0.01086399733353619
2023-08-20,Crypto Max-Sharpe,0.021163787992149755
2023-08-21,Crypto Max-Sharpe,-0.019950980201372932
2023-08-22,Crypto Max-Sharpe,-0.007073140653384759
2023-08-23,Crypto Max-Sharpe,0.036344962229609076
2023-08-24,Crypto Max-Sharpe,-0.005799196886573071
2023-08-25,Crypto Max-Sharpe,-0.0018111442731557018
2023-08-26,Crypto Max-Sharpe,-0.00811957594623256
2023-08-27,Crypto Max-Sharpe,0.025707800958872918
2023-08-28,Crypto Max-Sharpe,-0.024048203631759118
2023-08-29,Crypto Max-Sharpe,0.12146948589385118
2023-08-30,Crypto Max-Sharpe,-0.031073067770151112
2023-08-31,Crypto Max-Sharpe,-0.03674352059694136
2023-09-01,Crypto Max-Sharpe,-0.032875458586472804
2023-09-02,Crypto Max-Sharpe,-0.01317059242509463
2023-09-03,Crypto Max-Sharpe,0.008373697039064577
2023-09-04,Crypto Max-Sharpe,-0.006041660865807319
2023-09-05,Crypto Max-Sharpe,-0.007159110611773769
2023-09-06,Crypto Max-Sharpe,0.0016628731846991779
2023-09-07,Crypto Max-Sharpe,0.002149531060598285
2023-09-08,Crypto Max-Sharpe,-0.0007598363872753883
2023-09-09,Crypto Max-Sharpe,-0.0007515684595159353
2023-09-10,Crypto Max-Sharpe,-0.01266718529899115
2023-09-11,Crypto Max-Sharpe,-0.03965061807437348
2023-09-12,Crypto Max-Sharpe,0.05506087641019929
2023-09-13,Crypto Max-Sharpe,0.00568107497606786
2023-09-14,Crypto Max-Sharpe,0.029242439590929346
2023-09-15,Crypto Max-Sharpe,0.03658704932953523
2023-09-16,Crypto Max-Sharpe,-0.006624508273065316
2023-09-17,Crypto Max-Sharpe,-0.02071688504212658
2023-09-18,Crypto Max-Sharpe,0.030399466912507854
2023-09-19,Crypto Max-Sharpe,0.009207287106038235
2023-09-20,Crypto Max-Sharpe,-0.006384694603952817
2023-09-21,Crypto Max-Sharpe,-0.025636648160878624
2023-09-22,Crypto Max-Sharpe,0.0008447244139469065
2023-09-23,Crypto Max-Sharpe,0.0007158965422545517
2023-09-24,Crypto Max-Sharpe,-0.009652347896032622
2023-09-25,Crypto Max-Sharpe,0.018531104300506588
2023-09-26,Crypto Max-Sharpe,0.00823077307611518
2023-09-27,Crypto Max-Sharpe,0.036130322533358954
2023-09-28,Crypto Max-Sharpe,0.030614638568327197
2023-09-29,Crypto Max-Sharpe,0.005694628836490384
2023-09-30,Crypto Max-Sharpe,-0.005568700884701837
2023-10-01,Crypto Max-Sharpe,0.024762859819004907
2023-10-02,Crypto Max-Sharpe,-0.004529935131034356
2023-10-03,Crypto Max-Sharpe,-0.01196306107556027
2023-10-04,Crypto Max-Sharpe,-0.0019473955392123033
2023-10-05,Crypto Max-Sharpe,-0.009916746716433314
2023-10-06,Crypto Max-Sharpe,-0.004079335615847314
2023-10-07,Crypto Max-Sharpe,0.001054967614286032
2023-10-08,Crypto Max-Sharpe,-0.006254412221542716
2023-10-09,Crypto Max-Sharpe,-0.03238195915183071
2023-10-10,Crypto Max-Sharpe,-0.014620636906287267
2023-10-11,Crypto Max-Sharpe,1.0695855411706548e-05
2023-10-12,Crypto Max-Sharpe,-0.006745119560398507
2023-10-13,Crypto Max-Sharpe,0.010928688154938596
2023-10-14,Crypto Max-Sharpe,-0.007410803964113121
2023-10-15,Crypto Max-Sharpe,0.008545405012144068
2023-10-16,Crypto Max-Sharpe,0.04945709927325548
2023-10-17,Crypto Max-Sharpe,-0.013039388813685562
2023-10-18,Crypto Max-Sharpe,0.0024947024903965503
2023-10-19,Crypto Max-Sharpe,0.00591764588723844
2023-10-20,Crypto Max-Sharpe,0.034169571053444515
2023-10-21,Crypto Max-Sharpe,0.010546453053078676
2023-10-22,Crypto Max-Sharpe,-0.005488360382466419
2023-10-23,Crypto Max-Sharpe,0.05346538350275213
2023-10-24,Crypto Max-Sharpe,-0.012072299170146461
2023-10-25,Crypto Max-Sharpe,0.011780099531872593
2023-10-26,Crypto Max-Sharpe,-0.01604180870456079
2023-10-27,Crypto Max-Sharpe,-0.012110122732034215
2023-10-28,Crypto Max-Sharpe,0.014307584693995866
2023-10-29,Crypto Max-Sharpe,0.00663605791558726
2023-10-30,Crypto Max-Sharpe,0.002677723677017815
2023-10-31,Crypto Max-Sharpe,0.005187390568060366
2023-11-01,Crypto Max-Sharpe,0.016473384882045514
2023-11-02,Crypto Max-Sharpe,-0.023526472798198708
2023-11-03,Crypto Max-Sharpe,-0.004877283537916015
2023-11-04,Crypto Max-Sharpe,0.008270048782986822
2023-11-05,Crypto Max-Sharpe,-0.0021902147623603656
2023-11-06,Crypto Max-Sharpe,0.006694344824389591
2023-11-07,Crypto Max-Sharpe,-0.0009172208508122803
2023-11-08,Crypto Max-Sharpe,0.011417167278400706
2023-11-09,Crypto Max-Sharpe,-0.005278546233252385
2023-11-10,Crypto Max-Sharpe,0.03358354053894094
2023-11-11,Crypto Max-Sharpe,-0.00018733854554502105
2023-11-12,Crypto Max-Sharpe,0.0013961678325990065
2023-11-13,Crypto Max-Sharpe,-0.01018838403330024
2023-11-14,Crypto Max-Sharpe,-0.028339854792415155
2023-11-15,Crypto Max-Sharpe,0.02831745641350994
2023-11-16,Crypto Max-Sharpe,-0.020081479660911186
2023-11-17,Crypto Max-Sharpe,-0.0027208923132333246
2023-11-18,Crypto Max-Sharpe,-0.0036878907616269847
2023-11-19,Crypto Max-Sharpe,0.013474537696894889
2023-11-20,Crypto Max-Sharpe,-0.010646204792027146
2023-11-21,Crypto Max-Sharpe,-0.045852475359463844
2023-11-22,Crypto Max-Sharpe,0.04707985542381075
2023-11-23,Crypto Max-Sharpe,0.002430637494394204
2023-11-24,Crypto Max-Sharpe,0.01744396603166599
2023-11-25,Crypto Max-Sharpe,0.01885369926443428
2023-11-26,Crypto Max-Sharpe,-0.00809381020082189
2023-11-27,Crypto Max-Sharpe,-0.028064226382253196
2023-11-28,Crypto Max-Sharpe,0.0114017747908024
2023-11-29,Crypto Max-Sharpe,0.002457742978763379
2023-11-30,Crypto Max-Sharpe,-0.0025699577128567913
2023-12-01,Crypto Max-Sharpe,0.011995867245471166
2023-12-02,Crypto Max-Sharpe,0.01108626339856554
2023-12-03,Crypto Max-Sharpe,0.006097113901801211
2023-12-04,Crypto Max-Sharpe,0.034139460002407945
2023-12-05,Crypto Max-Sharpe,0.02254215439518616
2023-12-06,Crypto Max-Sharpe,-0.0008848135761313883
2023-12-07,Crypto Max-Sharpe,-0.006446910471203937
2023-12-08,Crypto Max-Sharpe,0.022410968609660846
2023-12-09,Crypto Max-Sharpe,-0.005108907834979553
2023-12-10,Crypto Max-Sharpe,0.0047976183574359454
2023-12-11,Crypto Max-Sharpe,-0.05072106683247144
2023-12-12,Crypto Max-Sharpe,0.0022088698410254
2023-12-13,Crypto Max-Sharpe,0.020379057185469666
2023-12-14,Crypto Max-Sharpe,0.009369389209353696
2023-12-15,Crypto Max-Sharpe,-0.03429229317331925
2023-12-16,Crypto Max-Sharpe,0.009720048218806468
2023-12-17,Crypto Max-Sharpe,-0.013839296923506586
2023-12-18,Crypto Max-Sharpe,0.019036228430782016
2023-12-19,Crypto Max-Sharpe,-0.007709586064967627
2023-12-20,Crypto Max-Sharpe,0.028963342669276245
2023-12-21,Crypto Max-Sharpe,0.00982247700217762
2023-12-22,Crypto Max-Sharpe,0.0041675813815284825
2023-12-23,Crypto Max-Sharpe,-0.0018438004214217042
2023-12-24,Crypto Max-Sharpe,-0.013647296429845546
2023-12-25,Crypto Max-Sharpe,0.011050755932193195
2023-12-26,Crypto Max-Sharpe,-0.025652363312080054
2023-12-27,Crypto Max-Sharpe,0.02928526198634093
2023-12-28,Crypto Max-Sharpe,-0.013064579128269438
2023-12-29,Crypto Max-Sharpe,-0.010334062309641574
2023-12-30,Crypto Max-Sharpe,0.00503012689625781
2023-12-31,Crypto Max-Sharpe,0.002882449613585874
2021-01-04,Combined Min-Variance + Sentiment,0.0031202515199768967
2021-01-05,Combined Min-Variance + Sentiment,0.0010127588401111522
2021-01-06,Combined Min-Variance + Sentiment,0.006316417685277339
2021-01-07,Combined Min-Variance + Sentiment,0.006988060636062503
2021-01-08,Combined Min-Variance + Sentiment,-0.000714504961864924
2021-01-11,Combined Min-Variance + Sentiment,-2.6615431635216046e-05
2021-01-12,Combined Min-Variance + Sentiment,9.283498060810814e-05
2021-01-13,Combined Min-Variance + Sentiment,-0.002076569178859775
2021-01-14,Combined Min-Variance + Sentiment,0.00267214225558633
2021-01-15,Combined Min-Variance + Sentiment,-0.004392149826635647
2021-01-19,Combined Min-Variance + Sentiment,0.009562339476473395
2021-01-20,Combined Min-Variance + Sentiment,0.015409750255288537
2021-01-21,Combined Min-Variance + Sentiment,-0.00971660706495375
2021-01-22,Combined Min-Variance + Sentiment,-0.0012585053292533872
2021-01-25,Combined Min-Variance + Sentiment,0.003413106063024724
2021-01-26,Combined Min-Variance + Sentiment,-0.0021876223874750787
2021-01-27,Combined Min-Variance + Sentiment,-0.02042469106479189
2021-01-28,Combined Min-Variance + Sentiment,0.0014001916931842206
2021-01-29,Combined Min-Variance + Sentiment,-0.009645664900752587
2021-02-01,Combined Min-Variance + Sentiment,0.0012338089130135837
2021-02-02,Combined Min-Variance + Sentiment,0.007411892287277569
2021-02-03,Combined Min-Variance + Sentiment,-0.0036348857320503422
2021-02-04,Combined Min-Variance + Sentiment,0.002250716149344035
2021-02-05,Combined Min-Variance + Sentiment,0.015059934617652636
2021-02-08,Combined Min-Variance + Sentiment,0.0024426668717051356
2021-02-09,Combined Min-Variance + Sentiment,-0.0008234223426697078
2021-02-10,Combined Min-Variance + Sentiment,-0.0063808760855541295
2021-02-11,Combined Min-Variance + Sentiment,-0.004643943052472482
2021-02-12,Combined Min-Variance + Sentiment,0.00416773345137484
2021-02-16,Combined Min-Variance + Sentiment,-0.010145056366192222
2021-02-17,Combined Min-Variance + Sentiment,0.006273173567045545
2021-02-18,Combined Min-Variance + Sentiment,-0.008278506934206599
2021-02-19,Combined Min-Variance + Sentiment,-0.007762815001390948
2021-02-22,Combined Min-Variance + Sentiment,0.001147058861216306
2021-02-23,Combined Min-Variance + Sentiment,-0.006675366792052403
2021-02-24,Combined Min-Variance + Sentiment,-0.0011491270147906281
2021-02-25,Combined Min-Variance + Sentiment,-0.009021417229288837
2021-02-26,Combined Min-Variance + Sentiment,-0.01712892821385708
2021-03-01,Combined Min-Variance + Sentiment,0.009477551159077117
2021-03-02,Combined Min-Variance + Sentiment,0.0048432552571996265
2021-03-03,Combined Min-Variance + Sentiment,-0.012531965372979442
2021-03-04,Combined Min-Variance + Sentiment,-0.004430587940492313
2021-03-05,Combined Min-Variance + Sentiment,0.014749806966002683
2021-03-08,Combined Min-Variance + Sentiment,-0.004691835972737724
2021-03-09,Combined Min-Variance + Sentiment,0.006112051176708225
2021-03-10,Combined Min-Variance + Sentiment,0.008297959208151065
2021-03-11,Combined Min-Variance + Sentiment,-0.00022474116824657022
2021-03-12,Combined Min-Variance + Sentiment,0.004664946786965191
2021-03-15,Combined Min-Variance + Sentiment,0.01321402124800544
2021-03-16,Combined Min-Variance + Sentiment,0.0057043011804574426
2021-03-17,Combined Min-Variance + Sentiment,-0.007496068810847006
2021-03-18,Combined Min-Variance + Sentiment,-0.007559550446702425
2021-03-19,Combined Min-Variance + Sentiment,-0.0012655223992086358
2021-03-22,Combined Min-Variance + Sentiment,0.008913476404947357
2021-03-23,Combined Min-Variance + Sentiment,0.0004504075838181864
2021-03-24,Combined Min-Variance + Sentiment,-0.00573099832427808
2021-03-25,Combined Min-Variance + Sentiment,0.0018705709701074547
2021-03-26,Combined Min-Variance + Sentiment,0.01737813626416044
2021-03-29,Combined Min-Variance + Sentiment,0.01134608951211111
2021-03-30,Combined Min-Variance + Sentiment,-0.009290151414832316
2021-03-31,Combined Min-Variance + Sentiment,0.00019861673490729454
2021-04-01,Combined Min-Variance + Sentiment,0.01114447078095893
2021-04-05,Combined Min-Variance + Sentiment,0.008933844014354164
2021-04-06,Combined Min-Variance + Sentiment,-0.0010931142256592025
2021-04-07,Combined Min-Variance + Sentiment,-0.0023734924572830396
2021-04-08,Combined Min-Variance + Sentiment,0.0005673613378498662
2021-04-09,Combined Min-Variance + Sentiment,0.0027211302128613887
2021-04-12,Combined Min-Variance + Sentiment,0.0015618310065271973
2021-04-13,Combined Min-Variance + Sentiment,0.004214840968436672
2021-04-14,Combined Min-Variance + Sentiment,-0.002361253487788471
2021-04-15,Combined Min-Variance + Sentiment,0.009443153352445506
2021-04-16,Combined Min-Variance + Sentiment,0.0024700036985743396
2021-04-19,Combined Min-Variance + Sentiment,-0.0031640637562090805
2021-04-20,Combined Min-Variance + Sentiment,0.005784469915502827
2021-04-21,Combined Min-Variance + Sentiment,0.003654091049285502
2021-04-22,Combined Min-Variance + Sentiment,-0.0035101522863650514
2021-04-23,Combined Min-Variance + Sentiment,0.002222805045773671
2021-04-26,Combined Min-Variance + Sentiment,-0.0033961434382597535
2021-04-27,Combined Min-Variance + Sentiment,-0.004175307919047441
2021-04-28,Combined Min-Variance + Sentiment,-0.0011792645395634826
2021-04-29,Combined Min-Variance + Sentiment,0.006440979855734206
2021-04-30,Combined Min-Variance + Sentiment,0.0003147173564210156
2021-05-03,Combined Min-Variance + Sentiment,0.007514957509065834
2021-05-04,Combined Min-Variance + Sentiment,-0.006564840877636459
2021-05-05,Combined Min-Variance + Sentiment,0.0038728146539722622
2021-05-06,Combined Min-Variance + Sentiment,0.007674467116377419
2021-05-07,Combined Min-Variance + Sentiment,0.001499095968503808
2021-05-10,Combined Min-Variance + Sentiment,0.004659482606333687
2021-05-11,Combined Min-Variance + Sentiment,-0.007075161692851405
2021-05-12,Combined Min-Variance + Sentiment,-0.015914546264935048
2021-05-13,Combined Min-Variance + Sentiment,0.012902309593794816
2021-05-14,Combined Min-Variance + Sentiment,0.003620569370606893
2021-05-17,Combined Min-Variance + Sentiment,-0.0019927840759633936
2021-05-18,Combined Min-Variance + Sentiment,-0.004052989939587237
2021-05-19,Combined Min-Variance + Sentiment,-0.0042881365594967715
2021-05-20,Combined Min-Variance + Sentiment,0.012141561111976463
2021-05-21,Combined Min-Variance + Sentiment,-0.003135803004138792
2021-05-24,Combined Min-Variance + Sentiment,0.001121130702833838
2021-05-25,Combined Min-Variance + Sentiment,-0.006083857889888338
2021-05-26,Combined Min-Variance + Sentiment,0.0019787766141067037
2021-05-27,Combined Min-Variance + Sentiment,-0.00478017789482202
2021-05-28,Combined Min-Variance + Sentiment,0.00035829356633927786
2021-06-01,Combined Min-Variance + Sentiment,-0.004605276270031993
2021-06-02,Combined Min-Variance + Sentiment,0.0009310740266832132
2021-06-03,Combined Min-Variance + Sentiment,0.004868265833826909
2021-06-04,Combined Min-Variance + Sentiment,0.006166623961079538
2021-06-07,Combined Min-Variance + Sentiment,-0.003101518060748507
2021-06-08,Combined Min-Variance + Sentiment,-0.0053368646799281825
2021-06-09,Combined Min-Variance + Sentiment,0.004679973451815384
2021-06-10,Combined Min-Variance + Sentiment,0.007446597357799125
2021-06-11,Combined Min-Variance + Sentiment,0.0008717281056434224
2021-06-14,Combined Min-Variance + Sentiment,0.000713978454405251
2021-06-15,Combined Min-Variance + Sentiment,-0.004408680304478788
2021-06-16,Combined Min-Variance + Sentiment,-0.011613580418606618
2021-06-17,Combined Min-Variance + Sentiment,-0.0005749534853811475
2021-06-18,Combined Min-Variance + Sentiment,-0.011313332607753092
2021-06-21,Combined Min-Variance + Sentiment,0.01003426973578778
2021-06-22,Combined Min-Variance + Sentiment,-0.0014274368247877288
2021-06-23,Combined Min-Variance + Sentiment,-0.006796985545673738
2021-06-24,Combined Min-Variance + Sentiment,0.0061191194635936055
2021-06-25,Combined Min-Variance + Sentiment,0.012198379871385182
2021-06-28,Combined Min-Variance + Sentiment,0.0024629294101789147
2021-06-29,Combined Min-Variance + Sentiment,-0.003429460323970351
2021-06-30,Combined Min-Variance + Sentiment,0.00631600639134448
2021-07-01,Combined Min-Variance + Sentiment,0.0033478253536451032
2021-07-02,Combined Min-Variance + Sentiment,0.004331965936416903
2021-07-06,Combined Min-Variance + Sentiment,-0.001116492892321738
2021-07-07,Combined Min-Variance + Sentiment,0.0024209915237734347
2021-07-08,Combined Min-Variance + Sentiment,-0.005337870882654813
2021-07-09,Combined Min-Variance + Sentiment,0.0069272947704215465
2021-07-12,Combined Min-Variance + Sentiment,0.003010412480903586
2021-07-13,Combined Min-Variance + Sentiment,-0.0026011599657211233
2021-07-14,Combined Min-Variance + Sentiment,0.003818892483666504
2021-07-15,Combined Min-Variance + Sentiment,0.0014923378197361943
2021-07-16,Combined Min-Variance + Sentiment,-0.0017574984443261363
2021-07-19,Combined Min-Variance + Sentiment,-0.013682171589748092
2021-07-20,Combined Min-Variance + Sentiment,0.005656577764691589
2021-07-21,Combined Min-Variance + Sentiment,-0.0007048599166024301
2021-07-22,Combined Min-Variance + Sentiment,-0.00018108087887078284
2021-07-23,Combined Min-Variance + Sentiment,0.010337687537694588
2021-07-26,Combined Min-Variance + Sentiment,0.0012104799987918055
2021-07-27,Combined Min-Variance + Sentiment,0.0020941923618345145
2021-07-28,Combined Min-Variance + Sentiment,-0.0009162878264176
2021-07-29,Combined Min-Variance + Sentiment,-0.00019411268674318286
2021-07-30,Combined Min-Variance + Sentiment,-0.0033954395493103577
2021-08-02,Combined Min-Variance + Sentiment,-0.0006228321340213799
2021-08-03,Combined Min-Variance + Sentiment,0.001282152155101841
2021-08-04,Combined Min-Variance + Sentiment,-0.006907327743137722
2021-08-05,Combined Min-Variance + Sentiment,0.004330627901421092
2021-08-06,Combined Min-Variance + Sentiment,-0.0008712723785452572
2021-08-09,Combined Min-Variance + Sentiment,0.0010228616340266154
2021-08-10,Combined Min-Variance + Sentiment,0.005040029268006709
2021-08-11,Combined Min-Variance + Sentiment,0.005444953596519633
2021-08-12,Combined Min-Variance + Sentiment,0.003611723516336147
2021-08-13,Combined Min-Variance + Sentiment,0.004061750653340027
2021-08-16,Combined Min-Variance + Sentiment,0.006425757531431667
2021-08-17,Combined Min-Variance + Sentiment,0.002176119763128441
2021-08-18,Combined Min-Variance + Sentiment,-0.01096481130535883
2021-08-19,Combined Min-Variance + Sentiment,0.002254857469367932
2021-08-20,Combined Min-Variance + Sentiment,0.004552204308269131
2021-08-23,Combined Min-Variance + Sentiment,-0.0009429261480038565
2021-08-24,Combined Min-Variance + Sentiment,-0.004235436086381652
2021-08-25,Combined Min-Variance + Sentiment,-0.003024097792749346
2021-08-26,Combined Min-Variance + Sentiment,-0.006108805455982769
2021-08-27,Combined Min-Variance + Sentiment,0.002613988303824654
2021-08-30,Combined Min-Variance + Sentiment,0.0032380784886425367
2021-08-31,Combined Min-Variance + Sentiment,0.003344736051526512
2021-09-01,Combined Min-Variance + Sentiment,-0.00021697663361677593
2021-09-02,Combined Min-Variance + Sentiment,0.005596663704343327
2021-09-03,Combined Min-Variance + Sentiment,-0.0017170723510526213
2021-09-07,Combined Min-Variance + Sentiment,-0.014624515008906287
2021-09-08,Combined Min-Variance + Sentiment,0.005461497326795567
2021-09-09,Combined Min-Variance + Sentiment,-0.009778607201224102
2021-09-10,Combined Min-Variance + Sentiment,-0.006439005214933706
2021-09-13,Combined Min-Variance + Sentiment,-0.001221557739092403
2021-09-14,Combined Min-Variance + Sentiment,-0.004595435029227886
2021-09-15,Combined Min-Variance + Sentiment,0.0025357714372409674
2021-09-16,Combined Min-Variance + Sentiment,-0.005324130280168948
2021-09-17,Combined Min-Variance + Sentiment,-0.009414664266683298
2021-09-20,Combined Min-Variance + Sentiment,-0.011203041484418062
2021-09-21,Combined Min-Variance + Sentiment,-0.004408704066579059
2021-09-22,Combined Min-Variance + Sentiment,0.0014897732968516147
2021-09-23,Combined Min-Variance + Sentiment,0.003189790708591761
2021-09-24,Combined Min-Variance + Sentiment,-0.0036088143866622345
2021-09-27,Combined Min-Variance + Sentiment,-0.0036193761780014978
2021-09-28,Combined Min-Variance + Sentiment,-0.006400929195455958
2021-09-29,Combined Min-Variance + Sentiment,0.008596215006735814
2021-09-30,Combined Min-Variance + Sentiment,-0.00930650726040328
2021-10-01,Combined Min-Variance + Sentiment,0.01037530249404674
2021-10-04,Combined Min-Variance + Sentiment,0.000201114392812054
2021-10-05,Combined Min-Variance + Sentiment,0.0025648559661243424
2021-10-06,Combined Min-Variance + Sentiment,0.003381663796679474
2021-10-07,Combined Min-Variance + Sentiment,0.007929470225321833
2021-10-08,Combined Min-Variance + Sentiment,-0.003860902606107013
2021-10-11,Combined Min-Variance + Sentiment,-0.00777299340592765
2021-10-12,Combined Min-Variance + Sentiment,-0.00097812780065208
2021-10-13,Combined Min-Variance + Sentiment,0.0016833688471484304
2021-10-14,Combined Min-Variance + Sentiment,0.010653605971394222
2021-10-15,Combined Min-Variance + Sentiment,8.130693100322437e-05
2021-10-18,Combined Min-Variance + Sentiment,-0.002258874302258474
2021-10-19,Combined Min-Variance + Sentiment,0.012651709600208163
2021-10-20,Combined Min-Variance + Sentiment,0.009981212218499144
2021-10-21,Combined Min-Variance + Sentiment,0.00599469252107922
2021-10-22,Combined Min-Variance + Sentiment,0.002808189742249152
2021-10-25,Combined Min-Variance + Sentiment,0.0030760421470249814
2021-10-26,Combined Min-Variance + Sentiment,0.0009210560514372442
2021-10-27,Combined Min-Variance + Sentiment,-0.010055366389488467
2021-10-28,Combined Min-Variance + Sentiment,0.014118797776995429
2021-10-29,Combined Min-Variance + Sentiment,-0.0020477189782324035
2021-11-01,Combined Min-Variance + Sentiment,0.004770669998044173
2021-11-02,Combined Min-Variance + Sentiment,0.004119223128080374
2021-11-03,Combined Min-Variance + Sentiment,0.0018502571318236745
2021-11-04,Combined Min-Variance + Sentiment,0.0018128388603921464
2021-11-05,Combined Min-Variance + Sentiment,-0.00952677596972022
2021-11-08,Combined Min-Variance + Sentiment,0.0009955831774804478
2021-11-09,Combined Min-Variance + Sentiment,0.0008810615833390082
2021-11-10,Combined Min-Variance + Sentiment,0.0001622141034889361
2021-11-11,Combined Min-Variance + Sentiment,0.0015056162072827894
2021-11-12,Combined Min-Variance + Sentiment,0.0025228117039299705
2021-11-15,Combined Min-Variance + Sentiment,-0.002613220049705327
2021-11-16,Combined Min-Variance + Sentiment,-0.003950598598388529
2021-11-17,Combined Min-Variance + Sentiment,-0.0036798062837092808
2021-11-18,Combined Min-Variance + Sentiment,-0.0020723976135260183
2021-11-19,Combined Min-Variance + Sentiment,-0.00678123480683211
2021-11-22,Combined Min-Variance + Sentiment,0.002594129300126292
2021-11-23,Combined Min-Variance + Sentiment,0.006381371268247315
2021-11-24,Combined Min-Variance + Sentiment,-1.4583951824823581e-05
2021-11-26,Combined Min-Variance + Sentiment,-0.014567271439626946
2021-11-29,Combined Min-Variance + Sentiment,0.001196980664242157
2021-11-30,Combined Min-Variance + Sentiment,-0.021748914439866963
2021-12-01,Combined Min-Variance + Sentiment,-0.012080303116872745
2021-12-02,Combined Min-Variance + Sentiment,0.015350846289614403
2021-12-03,Combined Min-Variance + Sentiment,0.00708901459266029
2021-12-06,Combined Min-Variance + Sentiment,0.011721702321445378
2021-12-07,Combined Min-Variance + Sentiment,0.004212419127723085
2021-12-08,Combined Min-Variance + Sentiment,0.0011138635915795797
2021-12-09,Combined Min-Variance + Sentiment,-0.0035894620655594353
2021-12-10,Combined Min-Variance + Sentiment,0.00748539149859523
2021-12-13,Combined Min-Variance + Sentiment,0.005220486970129559
2021-12-14,Combined Min-Variance + Sentiment,-0.0013425722673263904
2021-12-15,Combined Min-Variance + Sentiment,0.011621727626725736
2021-12-16,Combined Min-Variance + Sentiment,0.009801195939327222
2021-12-17,Combined Min-Variance + Sentiment,-0.011903641948205895
2021-12-20,Combined Min-Variance + Sentiment,0.0001788465889808557
2021-12-21,Combined Min-Variance + Sentiment,0.003599419771790892
2021-12-22,Combined Min-Variance + Sentiment,0.00617401048678927
2021-12-23,Combined Min-Variance + Sentiment,0.0026160077552164224
2021-12-27,Combined Min-Variance + Sentiment,0.010755080574845595
2021-12-28,Combined Min-Variance + Sentiment,0.003984945927232264
2021-12-29,Combined Min-Variance + Sentiment,0.001745402441148167
2021-12-30,Combined Min-Variance + Sentiment,0.0006463976720531908
2021-12-31,Combined Min-Variance + Sentiment,-0.0012245157965401013
2022-01-03,Combined Min-Variance + Sentiment,0.0016963415358638584
2022-01-04,Combined Min-Variance + Sentiment,0.00029941243118373107
2022-01-05,Combined Min-Variance + Sentiment,-0.003720340484254389
2022-01-06,Combined Min-Variance + Sentiment,-0.004153127063736054
2022-01-07,Combined Min-Variance + Sentiment,0.004931493358741882
2022-01-10,Combined Min-Variance + Sentiment,-0.0024262243956280085
2022-01-11,Combined Min-Variance + Sentiment,0.002687857534703567
2022-01-12,Combined Min-Variance + Sentiment,0.0010589568746450888
2022-01-13,Combined Min-Variance + Sentiment,-0.0025837472665434574
2022-01-14,Combined Min-Variance + Sentiment,-0.0021964098337158766
2022-01-18,Combined Min-Variance + Sentiment,-0.008778824914579767
2022-01-19,Combined Min-Variance + Sentiment,-0.000619884780141649
2022-01-20,Combined Min-Variance + Sentiment,-0.010778490248108884
2022-01-21,Combined Min-Variance + Sentiment,-0.004602141693101082
2022-01-24,Combined Min-Variance + Sentiment,-0.003998440230521718
2022-01-25,Combined Min-Variance + Sentiment,-0.004887872577829003
2022-01-26,Combined Min-Variance + Sentiment,-0.014363713070822074
2022-01-27,Combined Min-Variance + Sentiment,9.797039540345104e-05
2022-01-28,Combined Min-Variance + Sentiment,0.01588876656284876
2022-01-31,Combined Min-Variance + Sentiment,0.010716102226152244
2022-02-01,Combined Min-Variance + Sentiment,-0.0022020119442337817
2022-02-02,Combined Min-Variance + Sentiment,0.010943810009195734
2022-02-03,Combined Min-Variance + Sentiment,-0.00636347031633043
2022-02-04,Combined Min-Variance + Sentiment,-0.003726484691658664
2022-02-07,Combined Min-Variance + Sentiment,-5.3993944661789774e-05
2022-02-08,Combined Min-Variance + Sentiment,-0.0001517354219876542
2022-02-09,Combined Min-Variance + Sentiment,0.006212170370039948
2022-02-10,Combined Min-Variance + Sentiment,-0.0165113747174628
2022-02-11,Combined Min-Variance + Sentiment,-0.005084647839284582
2022-02-14,Combined Min-Variance + Sentiment,-0.006596014754991027
2022-02-15,Combined Min-Variance + Sentiment,0.003392390619654532
2022-02-16,Combined Min-Variance + Sentiment,-0.001983976989961135
2022-02-17,Combined Min-Variance + Sentiment,-0.008365781954330277
2022-02-18,Combined Min-Variance + Sentiment,-0.0052406832372118885
2022-02-22,Combined Min-Variance + Sentiment,-0.004342702164513566
2022-02-23,Combined Min-Variance + Sentiment,-0.005126969602736306
2022-02-24,Combined Min-Variance + Sentiment,5.6279471332751265e-05
2022-02-25,Combined Min-Variance + Sentiment,0.025773082991871584
2022-02-28,Combined Min-Variance + Sentiment,-0.00533761045732402
2022-03-01,Combined Min-Variance + Sentiment,-0.0058605697579923385
2022-03-02,Combined Min-Variance + Sentiment,0.014193482974586058
2022-03-03,Combined Min-Variance + Sentiment,0.0064795416311548455
2022-03-04,Combined Min-Variance + Sentiment,0.007538273016191328
2022-03-07,Combined Min-Variance + Sentiment,-0.008304352842207086
2022-03-08,Combined Min-Variance + Sentiment,-0.013665802889221632
2022-03-09,Combined Min-Variance + Sentiment,0.006630042805069637
2022-03-10,Combined Min-Variance + Sentiment,0.0009459599720687965
2022-03-11,Combined Min-Variance + Sentiment,-0.006269460715692277
2022-03-14,Combined Min-Variance + Sentiment,-0.005289727915253011
2022-03-15,Combined Min-Variance + Sentiment,0.008855770268260685
2022-03-16,Combined Min-Variance + Sentiment,0.006971594727996834
2022-03-17,Combined Min-Variance + Sentiment,0.011436605790664574
2022-03-18,Combined Min-Variance + Sentiment,0.0027084653800194757
2022-03-21,Combined Min-Variance + Sentiment,0.002420784497804526
2022-03-22,Combined Min-Variance + Sentiment,0.004697880251118737
2022-03-23,Combined Min-Variance + Sentiment,-0.008218586514800764
2022-03-24,Combined Min-Variance + Sentiment,0.006452833116329911
2022-03-25,Combined Min-Variance + Sentiment,0.008591055449040805
2022-03-28,Combined Min-Variance + Sentiment,0.005477780713501288
2022-03-29,Combined Min-Variance + Sentiment,0.012393644140125325
2022-03-30,Combined Min-Variance + Sentiment,0.0009259623711162946
2022-03-31,Combined Min-Variance + Sentiment,-0.008860401326169588
2022-04-01,Combined Min-Variance + Sentiment,0.00915714281673166
2022-04-04,Combined Min-Variance + Sentiment,0.002230263700775824
2022-04-05,Combined Min-Variance + Sentiment,-0.004425148719647649
2022-04-06,Combined Min-Variance + Sentiment,0.011837301476595886
2022-04-07,Combined Min-Variance + Sentiment,0.0034286021339078295
2022-04-08,Combined Min-Variance + Sentiment,0.005746357364216494
2022-04-11,Combined Min-Variance + Sentiment,-0.014107744002873856
2022-04-12,Combined Min-Variance + Sentiment,0.0021101474105200886
2022-04-13,Combined Min-Variance + Sentiment,0.005470526193804171
2022-04-14,Combined Min-Variance + Sentiment,0.0011495660590241513
2022-04-18,Combined Min-Variance + Sentiment,-0.004534186462779097
2022-04-19,Combined Min-Variance + Sentiment,0.008176690688329442
2022-04-20,Combined Min-Variance + Sentiment,0.0029119215470172757
2022-04-21,Combined Min-Variance + Sentiment,-0.010360061629955414
2022-04-22,Combined Min-Variance + Sentiment,-0.01647376195626341
2022-04-25,Combined Min-Variance + Sentiment,-0.0008025576891239389
2022-04-26,Combined Min-Variance + Sentiment,-0.01428497532742893
2022-04-27,Combined Min-Variance + Sentiment,-0.0018560608990329166
2022-04-28,Combined Min-Variance + Sentiment,0.01574850462490523
2022-04-29,Combined Min-Variance + Sentiment,-0.032461700846653396
2022-05-02,Combined Min-Variance + Sentiment,0.0008416293576023275
2022-05-03,Combined Min-Variance + Sentiment,0.002866947534442691
2022-05-04,Combined Min-Variance + Sentiment,0.023946622513019974
2022-05-05,Combined Min-Variance + Sentiment,-0.01417134489603436
2022-05-06,Combined Min-Variance + Sentiment,-0.004551767273406424
2022-05-09,Combined Min-Variance + Sentiment,-0.015842226495763452
2022-05-10,Combined Min-Variance + Sentiment,-0.0070167923006935525
2022-05-11,Combined Min-Variance + Sentiment,0.005632521568091461
2022-05-12,Combined Min-Variance + Sentiment,0.006680017350824241
2022-05-13,Combined Min-Variance + Sentiment,0.009870675666056244
2022-05-16,Combined Min-Variance + Sentiment,0.006118317739395605
2022-05-17,Combined Min-Variance + Sentiment,-0.00032516172526896817
2022-05-18,Combined Min-Variance + Sentiment,-0.023465398172194753
2022-05-19,Combined Min-Variance + Sentiment,-0.0036892943716078236
2022-05-20,Combined Min-Variance + Sentiment,0.0028836389922334052
2022-05-23,Combined Min-Variance + Sentiment,0.01602965558088864
2022-05-24,Combined Min-Variance + Sentiment,0.009570786211824014
2022-05-25,Combined Min-Variance + Sentiment,0.0059059170771140704
2022-05-26,Combined Min-Variance + Sentiment,0.005636941170613051
2022-05-27,Combined Min-Variance + Sentiment,0.010922638952398374
2022-05-31,Combined Min-Variance + Sentiment,-0.009209663258287107
2022-06-01,Combined Min-Variance + Sentiment,-0.004184609279769113
2022-06-02,Combined Min-Variance + Sentiment,0.007116419578120683
2022-06-03,Combined Min-Variance + Sentiment,-0.00547048987162981
2022-06-06,Combined Min-Variance + Sentiment,-0.003115875098279617
2022-06-07,Combined Min-Variance + Sentiment,0.006974357751258884
2022-06-08,Combined Min-Variance + Sentiment,-0.0096287381517117
2022-06-09,Combined Min-Variance + Sentiment,-0.021923539742667822
2022-06-10,Combined Min-Variance + Sentiment,-0.010010493926999271
2022-06-13,Combined Min-Variance + Sentiment,-0.0340962207054709
2022-06-14,Combined Min-Variance + Sentiment,-0.0135863630252342
2022-06-15,Combined Min-Variance + Sentiment,0.0035793924865278716
2022-06-16,Combined Min-Variance + Sentiment,-0.010206813648354476
2022-06-17,Combined Min-Variance + Sentiment,-0.0022881942105140896
2022-06-21,Combined Min-Variance + Sentiment,0.022836893015520644
2022-06-22,Combined Min-Variance + Sentiment,0.002373827577414788
2022-06-23,Combined Min-Variance + Sentiment,0.013172824602894094
2022-06-24,Combined Min-Variance + Sentiment,0.014636150614645675
2022-06-27,Combined Min-Variance + Sentiment,-0.0021678947697341766
2022-06-28,Combined Min-Variance + Sentiment,-0.009378425565716036
2022-06-29,Combined Min-Variance + Sentiment,0.0003629476549102346
2022-06-30,Combined Min-Variance + Sentiment,-0.0077423422540931625
2022-07-01,Combined Min-Variance + Sentiment,0.015814736131266095
2022-07-05,Combined Min-Variance + Sentiment,-0.0030547660643346734
2022-07-06,Combined Min-Variance + Sentiment,0.001477901223555019
2022-07-07,Combined Min-Variance + Sentiment,0.002350974920107239
2022-07-08,Combined Min-Variance + Sentiment,-0.0024342018070387748
2022-07-11,Combined Min-Variance + Sentiment,-0.00040626887293154415
2022-07-12,Combined Min-Variance + Sentiment,-0.0055245490999175605
2022-07-13,Combined Min-Variance + Sentiment,-0.002285347161957773
2022-07-14,Combined Min-Variance + Sentiment,-0.003892605215786397
2022-07-15,Combined Min-Variance + Sentiment,0.01109927820821858
2022-07-18,Combined Min-Variance + Sentiment,-0.011910774350172015
2022-07-19,Combined Min-Variance + Sentiment,0.013238276296646468
2022-07-20,Combined Min-Variance + Sentiment,-0.005287102625510823
2022-07-21,Combined Min-Variance + Sentiment,0.0031625292198102397
2022-07-22,Combined Min-Variance + Sentiment,0.00036907975971917843
2022-07-25,Combined Min-Variance + Sentiment,-0.001871218022791026
2022-07-26,Combined Min-Variance + Sentiment,-0.0028702013326670885
2022-07-27,Combined Min-Variance + Sentiment,0.004599063801051529
2022-07-28,Combined Min-Variance + Sentiment,0.008639879632487812
2022-07-29,Combined Min-Variance + Sentiment,0.003098587626536701
2022-08-01,Combined Min-Variance + Sentiment,-0.004760782868008773
2022-08-02,Combined Min-Variance + Sentiment,-0.006201952172769233
2022-08-03,Combined Min-Variance + Sentiment,0.011722735717624859
2022-08-04,Combined Min-Variance + Sentiment,-0.006027667840334141
2022-08-05,Combined Min-Variance + Sentiment,-0.003865671201611699
2022-08-08,Combined Min-Variance + Sentiment,0.004254931846853351
2022-08-09,Combined Min-Variance + Sentiment,0.0026938522963160273
2022-08-10,Combined Min-Variance + Sentiment,0.011075464394792709
2022-08-11,Combined Min-Variance + Sentiment,-0.001164298580436382
2022-08-12,Combined Min-Variance + Sentiment,0.014734394218510194
2022-08-15,Combined Min-Variance + Sentiment,0.008954431371145885
2022-08-16,Combined Min-Variance + Sentiment,0.011386501291013963
2022-08-17,Combined Min-Variance + Sentiment,-0.00601345050412467
2022-08-18,Combined Min-Variance + Sentiment,-0.0019159780615256076
2022-08-19,Combined Min-Variance + Sentiment,-0.004285663005460915
2022-08-22,Combined Min-Variance + Sentiment,-0.013870288690025585
2022-08-23,Combined Min-Variance + Sentiment,-0.004667124038919199
2022-08-24,Combined Min-Variance + Sentiment,0.00014227748607311373
2022-08-25,Combined Min-Variance + Sentiment,0.006574387296297325
2022-08-26,Combined Min-Variance + Sentiment,-0.019622460321082655
2022-08-29,Combined Min-Variance + Sentiment,-0.003565279456440855
2022-08-30,Combined Min-Variance + Sentiment,-0.0086371025787652
2022-08-31,Combined Min-Variance + Sentiment,-0.003442555281872684
2022-09-01,Combined Min-Variance + Sentiment,0.010942810020473872
2022-09-02,Combined Min-Variance + Sentiment,-0.009067237681653857
2022-09-06,Combined Min-Variance + Sentiment,-0.00224775804096165
2022-09-07,Combined Min-Variance + Sentiment,0.01630997441869195
2022-09-08,Combined Min-Variance + Sentiment,0.002325010112483303
2022-09-09,Combined Min-Variance + Sentiment,0.009756110482190066
2022-09-12,Combined Min-Variance + Sentiment,0.008649595273914552
2022-09-13,Combined Min-Variance + Sentiment,-0.029915440668362502
2022-09-14,Combined Min-Variance + Sentiment,0.00535951156137178
2022-09-15,Combined Min-Variance + Sentiment,-0.011423104750310071
2022-09-16,Combined Min-Variance + Sentiment,3.650297025370911e-05
2022-09-19,Combined Min-Variance + Sentiment,0.003602045167577242
2022-09-20,Combined Min-Variance + Sentiment,-0.01303206182200585
2022-09-21,Combined Min-Variance + Sentiment,-0.012859147573850798
2022-09-22,Combined Min-Variance + Sentiment,0.001916364606002745
2022-09-23,Combined Min-Variance + Sentiment,-0.01648810581382521
2022-09-26,Combined Min-Variance + Sentiment,-0.010718221239669156
2022-09-27,Combined Min-Variance + Sentiment,-0.006867974148667862
2022-09-28,Combined Min-Variance + Sentiment,0.021576600526349212
2022-09-29,Combined Min-Variance + Sentiment,-0.016060678787088167
2022-09-30,Combined Min-Variance + Sentiment,-0.017565425161273268
2022-10-03,Combined Min-Variance + Sentiment,0.026599446753885467
2022-10-04,Combined Min-Variance + Sentiment,0.020971807916631044
2022-10-05,Combined Min-Variance + Sentiment,-0.004803375976406089
2022-10-06,Combined Min-Variance + Sentiment,-0.008752086288553187
2022-10-07,Combined Min-Variance + Sentiment,-0.014923020460708016
2022-10-10,Combined Min-Variance + Sentiment,0.001866107762936072
2022-10-11,Combined Min-Variance + Sentiment,0.014555889318762897
2022-10-12,Combined Min-Variance + Sentiment,-0.004908161455466406
2022-10-13,Combined Min-Variance + Sentiment,0.019919794312679366
2022-10-14,Combined Min-Variance + Sentiment,-0.01224060426201171
2022-10-17,Combined Min-Variance + Sentiment,0.01242649493246279
2022-10-18,Combined Min-Variance + Sentiment,0.010898121776070028
2022-10-19,Combined Min-Variance + Sentiment,-0.008134028845367193
2022-10-20,Combined Min-Variance + Sentiment,-0.003437772347644454
2022-10-21,Combined Min-Variance + Sentiment,0.02034723369862578
2022-10-24,Combined Min-Variance + Sentiment,0.016618768195553642
2022-10-25,Combined Min-Variance + Sentiment,0.009234081964606
2022-10-26,Combined Min-Variance + Sentiment,0.011585050315508112
2022-10-27,Combined Min-Variance + Sentiment,0.0013292880954472756
2022-10-28,Combined Min-Variance + Sentiment,0.022196944338202327
2022-10-31,Combined Min-Variance + Sentiment,-0.007480073580401911
2022-11-01,Combined Min-Variance + Sentiment,-2.2825931093914618e-05
2022-11-02,Combined Min-Variance + Sentiment,-0.011463742879578295
2022-11-03,Combined Min-Variance + Sentiment,-0.0034891772069430655
2022-11-04,Combined Min-Variance + Sentiment,0.01399246183969371
2022-11-07,Combined Min-Variance + Sentiment,0.012513065233396842
2022-11-08,Combined Min-Variance + Sentiment,0.009568991761307592
2022-11-09,Combined Min-Variance + Sentiment,-0.013058927803115123
2022-11-10,Combined Min-Variance + Sentiment,0.02342415947030383
2022-11-11,Combined Min-Variance + Sentiment,-0.005457903675559216
2022-11-14,Combined Min-Variance + Sentiment,-0.0013363607504751306
2022-11-15,Combined Min-Variance + Sentiment,0.007128675529317503
2022-11-16,Combined Min-Variance + Sentiment,-0.001486539125565749
2022-11-17,Combined Min-Variance + Sentiment,0.003356308966166322
2022-11-18,Combined Min-Variance + Sentiment,0.008690472374170623
2022-11-21,Combined Min-Variance + Sentiment,0.0037608692014788553
2022-11-22,Combined Min-Variance + Sentiment,0.009393816553870924
2022-11-23,Combined Min-Variance + Sentiment,0.00016238494577928278
2022-11-25,Combined Min-Variance + Sentiment,0.0012782416146193227
2022-11-28,Combined Min-Variance + Sentiment,-0.010252310415484307
2022-11-29,Combined Min-Variance + Sentiment,0.003127665492283266
2022-11-30,Combined Min-Variance + Sentiment,0.01773775375651593
2022-12-01,Combined Min-Variance + Sentiment,0.002021226898802923
2022-12-02,Combined Min-Variance + Sentiment,0.0027673153883928346
2022-12-05,Combined Min-Variance + Sentiment,-0.009273813638260336
2022-12-06,Combined Min-Variance + Sentiment,-0.00972492031935673
2022-12-07,Combined Min-Variance + Sentiment,0.002705991674811752
2022-12-08,Combined Min-Variance + Sentiment,0.004576861377684278
2022-12-09,Combined Min-Variance + Sentiment,-0.015447787131996675
2022-12-12,Combined Min-Variance + Sentiment,0.007439994132826005
2022-12-13,Combined Min-Variance + Sentiment,0.003452283143932121
2022-12-14,Combined Min-Variance + Sentiment,-0.00018451429472232265
2022-12-15,Combined Min-Variance + Sentiment,-0.015719509712950344
2022-12-16,Combined Min-Variance + Sentiment,-0.006403474838026794
2022-12-19,Combined Min-Variance + Sentiment,-0.001267630158085718
2022-12-20,Combined Min-Variance + Sentiment,0.0009129198424332401
2022-12-21,Combined Min-Variance + Sentiment,0.011639877796867312
2022-12-22,Combined Min-Variance + Sentiment,-0.004341956308948111
2022-12-23,Combined Min-Variance + Sentiment,0.004799115750764984
2022-12-27,Combined Min-Variance + Sentiment,0.0015816793227507134
2022-12-28,Combined Min-Variance + Sentiment,-0.010368929135353902
2022-12-29,Combined Min-Variance + Sentiment,0.006815199870434898
2022-12-30,Combined Min-Variance + Sentiment,-0.0004518945024039558
2023-01-03,Combined Min-Variance + Sentiment,0.0002636267679656406
2023-01-04,Combined Min-Variance + Sentiment,0.00871216481580977
2023-01-05,Combined Min-Variance + Sentiment,0.001254526653110269
2023-01-06,Combined Min-Variance + Sentiment,0.015288688669229217
2023-01-09,Combined Min-Variance + Sentiment,-0.015563585378655228
2023-01-10,Combined Min-Variance + Sentiment,0.0025687899369038186
2023-01-11,Combined Min-Variance + Sentiment,0.0027904891503954723
2023-01-12,Combined Min-Variance + Sentiment,-0.002829031374420297
2023-01-13,Combined Min-Variance + Sentiment,0.0027542521787796664
2023-01-17,Combined Min-Variance + Sentiment,-0.007210444866567731
2023-01-18,Combined Min-Variance + Sentiment,-0.017582582039250054
2023-01-19,Combined Min-Variance + Sentiment,-0.0014223118290260402
2023-01-20,Combined Min-Variance + Sentiment,0.009484646480996058
2023-01-23,Combined Min-Variance + Sentiment,0.00221014554290041
2023-01-24,Combined Min-Variance + Sentiment,-0.0022804598943650754
2023-01-25,Combined Min-Variance + Sentiment,-0.0005574946375849847
2023-01-26,Combined Min-Variance + Sentiment,0.0008424804649778372
2023-01-27,Combined Min-Variance + Sentiment,-0.005518446013187742
2023-01-30,Combined Min-Variance + Sentiment,-0.00369035312552589
2023-01-31,Combined Min-Variance + Sentiment,0.00784490039796537
2023-02-01,Combined Min-Variance + Sentiment,-0.013898182770790735
2023-02-02,Combined Min-Variance + Sentiment,-0.012714321883455266
2023-02-03,Combined Min-Variance + Sentiment,-0.008680777816255867
2023-02-06,Combined Min-Variance + Sentiment,-0.0021639887468353908
2023-02-07,Combined Min-Variance + Sentiment,0.007822199834617415
2023-02-08,Combined Min-Variance + Sentiment,-0.00741248565593534
2023-02-09,Combined Min-Variance + Sentiment,-0.0011151114807895488
2023-02-10,Combined Min-Variance + Sentiment,0.012389137727885217
2023-02-13,Combined Min-Variance + Sentiment,0.008238764698747039
2023-02-14,Combined Min-Variance + Sentiment,-0.007262058705798121
2023-02-15,Combined Min-Variance + Sentiment,-4.0898056918965025e-05
2023-02-16,Combined Min-Variance + Sentiment,-0.012801512422575075
2023-02-17,Combined Min-Variance + Sentiment,0.013167309243720143
2023-02-21,Combined Min-Variance + Sentiment,-0.004814768880905038
2023-02-22,Combined Min-Variance + Sentiment,-0.004903304805889818
2023-02-23,Combined Min-Variance + Sentiment,0.0015431892319579708
2023-02-24,Combined Min-Variance + Sentiment,-0.006400169270283727
2023-02-27,Combined Min-Variance + Sentiment,-0.000247051450027585
2023-02-28,Combined Min-Variance + Sentiment,-0.009290261043135808
2023-03-01,Combined Min-Variance + Sentiment,-0.0007681599192444177
2023-03-02,Combined Min-Variance + Sentiment,0.006337161513425852
2023-03-03,Combined Min-Variance + Sentiment,0.004662783176961391
2023-03-06,Combined Min-Variance + Sentiment,0.008434191223534981
2023-03-07,Combined Min-Variance + Sentiment,-0.01193272172409831
2023-03-08,Combined Min-Variance + Sentiment,-0.0068053480439300325
2023-03-09,Combined Min-Variance + Sentiment,-0.011606948729568476
2023-03-10,Combined Min-Variance + Sentiment,-0.002440067838019046
2023-03-13,Combined Min-Variance + Sentiment,0.007306398772424163
2023-03-14,Combined Min-Variance + Sentiment,0.006962386713042115
2023-03-15,Combined Min-Variance + Sentiment,0.003389048051002888
2023-03-16,Combined Min-Variance + Sentiment,0.002107821010936429
2023-03-17,Combined Min-Variance + Sentiment,-0.01173298119510605
2023-03-20,Combined Min-Variance + Sentiment,0.012976404602710146
2023-03-21,Combined Min-Variance + Sentiment,-0.0005886855918239654
2023-03-22,Combined Min-Variance + Sentiment,-0.014793398994906962
2023-03-23,Combined Min-Variance + Sentiment,0.0056687630113869195
2023-03-24,Combined Min-Variance + Sentiment,0.016246577139379728
2023-03-27,Combined Min-Variance + Sentiment,0.005129544069940644
2023-03-28,Combined Min-Variance + Sentiment,-0.0007056947024977832
2023-03-29,Combined Min-Variance + Sentiment,0.006818545083205634
2023-03-30,Combined Min-Variance + Sentiment,0.004374509865044892
2023-03-31,Combined Min-Variance + Sentiment,0.007439477052037444
2023-04-03,Combined Min-Variance + Sentiment,0.009876841801531509
2023-04-04,Combined Min-Variance + Sentiment,0.00590316263962007
2023-04-05,Combined Min-Variance + Sentiment,0.015128569543954268
2023-04-06,Combined Min-Variance + Sentiment,0.0006423561417900662
2023-04-10,Combined Min-Variance + Sentiment,-0.001363398421526717
2023-04-11,Combined Min-Variance + Sentiment,-0.0006146712039924676
2023-04-12,Combined Min-Variance + Sentiment,0.0008117589205703796
2023-04-13,Combined Min-Variance + Sentiment,0.008491899163571785
2023-04-14,Combined Min-Variance + Sentiment,-0.00484131316039684
2023-04-17,Combined Min-Variance + Sentiment,0.0006325054407031048
2023-04-18,Combined Min-Variance + Sentiment,-0.0025483389993315913
2023-04-19,Combined Min-Variance + Sentiment,-7.620711554993616e-06
2023-04-20,Combined Min-Variance + Sentiment,-0.006065821585858975
2023-04-21,Combined Min-Variance + Sentiment,0.005508588228549064
2023-04-24,Combined Min-Variance + Sentiment,0.0016190525006340906
2023-04-25,Combined Min-Variance + Sentiment,-0.0007933601755232681
2023-04-26,Combined Min-Variance + Sentiment,-0.01925917103755096
2023-04-27,Combined Min-Variance + Sentiment,0.0036244735137673416
2023-04-28,Combined Min-Variance + Sentiment,0.003679873799640321
2023-05-01,Combined Min-Variance + Sentiment,0.0005759266014612822
2023-05-02,Combined Min-Variance + Sentiment,-0.00794294785709411
2023-05-03,Combined Min-Variance + Sentiment,-0.008268796097942694
2023-05-04,Combined Min-Variance + Sentiment,0.00021944748691568637
2023-05-05,Combined Min-Variance + Sentiment,0.01074168895880368
2023-05-08,Combined Min-Variance + Sentiment,-0.0002543375646233484
2023-05-09,Combined Min-Variance + Sentiment,-0.004905237490137263
2023-05-10,Combined Min-Variance + Sentiment,-0.000628234554048741
2023-05-11,Combined Min-Variance + Sentiment,-0.0019967774702133794
2023-05-12,Combined Min-Variance + Sentiment,0.0015417199822044098
2023-05-15,Combined Min-Variance + Sentiment,-0.0030650973652052924
2023-05-16,Combined Min-Variance + Sentiment,-0.0157411154929988
2023-05-17,Combined Min-Variance + Sentiment,-0.0008238594779299207
2023-05-18,Combined Min-Variance + Sentiment,-6.820876003744133e-05
2023-05-19,Combined Min-Variance + Sentiment,0.00040809280176242976
2023-05-22,Combined Min-Variance + Sentiment,-0.004768935482937211
2023-05-23,Combined Min-Variance + Sentiment,-0.004003999899583335
2023-05-24,Combined Min-Variance + Sentiment,-0.006720327902239798
2023-05-25,Combined Min-Variance + Sentiment,-0.012892413054561055
2023-05-26,Combined Min-Variance + Sentiment,-0.0005307006000900172
2023-05-30,Combined Min-Variance + Sentiment,-0.0037738075362234625
2023-05-31,Combined Min-Variance + Sentiment,0.0073748233472152435
2023-06-01,Combined Min-Variance + Sentiment,-0.005239398137163329
2023-06-02,Combined Min-Variance + Sentiment,0.01031318515070409
2023-06-05,Combined Min-Variance + Sentiment,0.003672871842435637
2023-06-06,Combined Min-Variance + Sentiment,-0.0064140976761427465
2023-06-07,Combined Min-Variance + Sentiment,0.0010571854223539723
2023-06-08,Combined Min-Variance + Sentiment,0.006721200835422556
2023-06-09,Combined Min-Variance + Sentiment,0.00031841013923908726
2023-06-12,Combined Min-Variance + Sentiment,-0.002239748894272314
2023-06-13,Combined Min-Variance + Sentiment,0.005882836559783024
2023-06-14,Combined Min-Variance + Sentiment,0.0011109627271124354
2023-06-15,Combined Min-Variance + Sentiment,0.010084812485648478
2023-06-16,Combined Min-Variance + Sentiment,6.348655006976855e-05
2023-06-20,Combined Min-Variance + Sentiment,-0.007703615099742447
2023-06-21,Combined Min-Variance + Sentiment,-0.0019256493444673004
2023-06-22,Combined Min-Variance + Sentiment,0.0076110997754874
2023-06-23,Combined Min-Variance + Sentiment,-0.005356527839625756
2023-06-26,Combined Min-Variance + Sentiment,0.001630017450960644
2023-06-27,Combined Min-Variance + Sentiment,0.003214405344269963
2023-06-28,Combined Min-Variance + Sentiment,-0.003097876516654297
2023-06-29,Combined Min-Variance + Sentiment,0.00016571442778735133
2023-06-30,Combined Min-Variance + Sentiment,0.0070672898237237256
2023-07-03,Combined Min-Variance + Sentiment,0.004618183752951929
2023-07-05,Combined Min-Variance + Sentiment,0.0014590376213166568
2023-07-06,Combined Min-Variance + Sentiment,-0.008319128190148972
2023-07-07,Combined Min-Variance + Sentiment,-0.012731263290461273
2023-07-10,Combined Min-Variance + Sentiment,0.0016434268215466505
2023-07-11,Combined Min-Variance + Sentiment,0.009591203744771994
2023-07-12,Combined Min-Variance + Sentiment,-0.0019505674403297024
2023-07-13,Combined Min-Variance + Sentiment,0.001997509233698832
2023-07-14,Combined Min-Variance + Sentiment,0.001917025600330138
2023-07-17,Combined Min-Variance + Sentiment,-0.005114415167403565
2023-07-18,Combined Min-Variance + Sentiment,0.0011425762848708396
2023-07-19,Combined Min-Variance + Sentiment,0.00708417486337644
2023-07-20,Combined Min-Variance + Sentiment,0.014729905327212049
2023-07-21,Combined Min-Variance + Sentiment,0.006003575399976647
2023-07-24,Combined Min-Variance + Sentiment,0.0013536249576868902
2023-07-25,Combined Min-Variance + Sentiment,-0.002610856392384792
2023-07-26,Combined Min-Variance + Sentiment,0.0030445405500394112
2023-07-27,Combined Min-Variance + Sentiment,-0.006617753129043912
2023-07-28,Combined Min-Variance + Sentiment,0.003804893172721358
2023-07-31,Combined Min-Variance + Sentiment,-0.004102954358789004
2023-08-01,Combined Min-Variance + Sentiment,-0.005601377078513176
2023-08-02,Combined Min-Variance + Sentiment,-0.009824774329793935
2023-08-03,Combined Min-Variance + Sentiment,-0.007109772134443736
2023-08-04,Combined Min-Variance + Sentiment,-0.0041190360974034685
2023-08-07,Combined Min-Variance + Sentiment,0.012356862388706182
2023-08-08,Combined Min-Variance + Sentiment,-0.0023724900422340454
2023-08-09,Combined Min-Variance + Sentiment,0.002317044731298865
2023-08-10,Combined Min-Variance + Sentiment,-0.0011195123398377747
2023-08-11,Combined Min-Variance + Sentiment,0.006167789440807564
2023-08-14,Combined Min-Variance + Sentiment,-0.00046627592107166375
2023-08-15,Combined Min-Variance + Sentiment,-0.00626560793327474
2023-08-16,Combined Min-Variance + Sentiment,-0.003391111018209524
2023-08-17,Combined Min-Variance + Sentiment,-0.006319321759376814
2023-08-18,Combined Min-Variance + Sentiment,0.0032299798252564843
2023-08-21,Combined Min-Variance + Sentiment,-0.002649141557983432
2023-08-22,Combined Min-Variance + Sentiment,-0.005264507825311295
2023-08-23,Combined Min-Variance + Sentiment,0.010776538452101697
2023-08-24,Combined Min-Variance + Sentiment,-0.009634257178871338
2023-08-25,Combined Min-Variance + Sentiment,0.0029115532992717258
2023-08-28,Combined Min-Variance + Sentiment,0.002431867173707306
2023-08-29,Combined Min-Variance + Sentiment,0.006097563894808161
2023-08-30,Combined Min-Variance + Sentiment,0.0012104130430387783
2023-08-31,Combined Min-Variance + Sentiment,-0.004407077693246855
2023-09-01,Combined Min-Variance + Sentiment,0.0014324994975661524
2023-09-05,Combined Min-Variance + Sentiment,-0.009242691793561894
2023-09-06,Combined Min-Variance + Sentiment,-0.0021608904047892043
2023-09-07,Combined Min-Variance + Sentiment,0.007567095612374287
2023-09-08,Combined Min-Variance + Sentiment,0.0034171848503898048
2023-09-11,Combined Min-Variance + Sentiment,0.0030556227089142667
2023-09-12,Combined Min-Variance + Sentiment,1.528055180543761e-05
2023-09-13,Combined Min-Variance + Sentiment,0.0007976959582465229
2023-09-14,Combined Min-Variance + Sentiment,0.009342658481840798
2023-09-15,Combined Min-Variance + Sentiment,-0.008268973111767176
2023-09-18,Combined Min-Variance + Sentiment,0.0009522379820802392
2023-09-19,Combined Min-Variance + Sentiment,0.000845636240788248
2023-09-20,Combined Min-Variance + Sentiment,0.0013784464666547062
2023-09-21,Combined Min-Variance + Sentiment,-0.01477732509699244
2023-09-22,Combined Min-Variance + Sentiment,-0.0020765631979649413
2023-09-25,Combined Min-Variance + Sentiment,-0.0003854394236618039
2023-09-26,Combined Min-Variance + Sentiment,-0.0059929937861136215
2023-09-27,Combined Min-Variance + Sentiment,-0.005606329636791434
2023-09-28,Combined Min-Variance + Sentiment,0.002684888741079156
2023-09-29,Combined Min-Variance + Sentiment,-0.003721012455001775
2023-10-02,Combined Min-Variance + Sentiment,-0.007574265093417728
2023-10-03,Combined Min-Variance + Sentiment,-0.006306392904350582
2023-10-04,Combined Min-Variance + Sentiment,0.005508610745379528
2023-10-05,Combined Min-Variance + Sentiment,-0.007176745166430242
2023-10-06,Combined Min-Variance + Sentiment,0.0028152440627549286
2023-10-09,Combined Min-Variance + Sentiment,0.004958841668815734
2023-10-10,Combined Min-Variance + Sentiment,0.007766227034185284
2023-10-11,Combined Min-Variance + Sentiment,0.001379626573932446
2023-10-12,Combined Min-Variance + Sentiment,-0.004041865492138125
2023-10-13,Combined Min-Variance + Sentiment,0.0033013526691905116
2023-10-16,Combined Min-Variance + Sentiment,0.0056106379560738155
2023-10-17,Combined Min-Variance + Sentiment,0.005077694251486043
2023-10-18,Combined Min-Variance + Sentiment,-0.006683401307444222
2023-10-19,Combined Min-Variance + Sentiment,-0.006118143153325185
2023-10-20,Combined Min-Variance + Sentiment,2.7531467548301546e-05
2023-10-23,Combined Min-Variance + Sentiment,-0.003939177035515138
2023-10-24,Combined Min-Variance + Sentiment,0.013535162770782089
2023-10-25,Combined Min-Variance + Sentiment,-0.002915443668984319
2023-10-26,Combined Min-Variance + Sentiment,-0.00360854981360309
2023-10-27,Combined Min-Variance + Sentiment,-0.018565227690977723
2023-10-30,Combined Min-Variance + Sentiment,0.005588889818528198
2023-10-31,Combined Min-Variance + Sentiment,0.006975108092058455
2023-11-01,Combined Min-Variance + Sentiment,0.00579984329750761
2023-11-02,Combined Min-Variance + Sentiment,0.01469120806533486
2023-11-03,Combined Min-Variance + Sentiment,0.0018456843498593902
2023-11-06,Combined Min-Variance + Sentiment,0.00021433172953706005
2023-11-07,Combined Min-Variance + Sentiment,0.0006115225134559516
2023-11-08,Combined Min-Variance + Sentiment,-0.0007901508714150367
2023-11-09,Combined Min-Variance + Sentiment,-0.0094856494595513
2023-11-10,Combined Min-Variance + Sentiment,0.006021387957251042
2023-11-13,Combined Min-Variance + Sentiment,0.002526644017939216
2023-11-14,Combined Min-Variance + Sentiment,0.006759880479255398
2023-11-15,Combined Min-Variance + Sentiment,0.0028972069200450578
2023-11-16,Combined Min-Variance + Sentiment,-0.010936321920762212
2023-11-17,Combined Min-Variance + Sentiment,0.0002866200285342341
2023-11-20,Combined Min-Variance + Sentiment,0.003408996794029192
2023-11-21,Combined Min-Variance + Sentiment,0.0019392725045219684
2023-11-22,Combined Min-Variance + Sentiment,0.00028264984871957124
2023-11-24,Combined Min-Variance + Sentiment,0.004223372223480381
2023-11-27,Combined Min-Variance + Sentiment,-0.00032055975289654
2023-11-28,Combined Min-Variance + Sentiment,-0.0008478594796193635
2023-11-29,Combined Min-Variance + Sentiment,-0.0004953165389106356
2023-11-30,Combined Min-Variance + Sentiment,0.009688523911827018
2023-12-01,Combined Min-Variance + Sentiment,0.00459306252095139
2023-12-04,Combined Min-Variance + Sentiment,0.002463975487861905
2023-12-05,Combined Min-Variance + Sentiment,0.0029808574326269585
2023-12-06,Combined Min-Variance + Sentiment,-0.0014488799982493806
2023-12-07,Combined Min-Variance + Sentiment,0.0008362210332196243
2023-12-08,Combined Min-Variance + Sentiment,-0.0005563838847848035
2023-12-11,Combined Min-Variance + Sentiment,0.0051833836694193
2023-12-12,Combined Min-Variance + Sentiment,0.0038700534220589902
2023-12-13,Combined Min-Variance + Sentiment,0.014592141183689155
2023-12-14,Combined Min-Variance + Sentiment,-0.0015536764385038141
2023-12-15,Combined Min-Variance + Sentiment,-0.0059742644755654255
2023-12-18,Combined Min-Variance + Sentiment,0.003889232463715764
2023-12-19,Combined Min-Variance + Sentiment,0.003323186232264171
2023-12-20,Combined Min-Variance + Sentiment,-0.011851146261960484
2023-12-21,Combined Min-Variance + Sentiment,0.007693008701446973
2023-12-22,Combined Min-Variance + Sentiment,0.005930542673539358
2023-12-26,Combined Min-Variance + Sentiment,0.002043173996538001
2023-12-27,Combined Min-Variance + Sentiment,0.0036505181129567878
2023-12-28,Combined Min-Variance + Sentiment,0.002033524437043538
2023-12-29,Combined Min-Variance + Sentiment,-9.189311147985595e-05
2021-01-04,Combined Max-Sharpe + Sentiment,0.0015439370758067582
2021-01-05,Combined Max-Sharpe + Sentiment,0.05065903866836026
2021-01-06,Combined Max-Sharpe + Sentiment,0.09706650879370438
2021-01-07,Combined Max-Sharpe + Sentiment,0.0399223754397934
2021-01-08,Combined Max-Sharpe + Sentiment,0.015376608494735858
2021-01-11,Combined Max-Sharpe + Sentiment,-0.043901213724777635
2021-01-12,Combined Max-Sharpe + Sentiment,-0.025106938315146578
2021-01-13,Combined Max-Sharpe + Sentiment,0.06202579973205414
2021-01-14,Combined Max-Sharpe + Sentiment,0.025769150556558883
2021-01-15,Combined Max-Sharpe + Sentiment,-0.04440606500931603
2021-01-19,Combined Max-Sharpe + Sentiment,-0.00917972494163143
2021-01-20,Combined Max-Sharpe + Sentiment,0.001453353584842628
2021-01-21,Combined Max-Sharpe + Sentiment,-0.08255114297355247
2021-01-22,Combined Max-Sharpe + Sentiment,0.040614626871684704
2021-01-25,Combined Max-Sharpe + Sentiment,-7.651489716795226e-06
2021-01-26,Combined Max-Sharpe + Sentiment,-0.00032017193547101744
2021-01-27,Combined Max-Sharpe + Sentiment,-0.054382668111142396
2021-01-28,Combined Max-Sharpe + Sentiment,0.07590274063020096
2021-01-29,Combined Max-Sharpe + Sentiment,0.012757845940714017
2021-02-01,Combined Max-Sharpe + Sentiment,0.014257220795354807
2021-02-02,Combined Max-Sharpe + Sentiment,0.04369613999505207
2021-02-03,Combined Max-Sharpe + Sentiment,0.021930297191687476
2021-02-04,Combined Max-Sharpe + Sentiment,-0.008689719252814298
2021-02-05,Combined Max-Sharpe + Sentiment,0.02732676085795705
2021-02-08,Combined Max-Sharpe + Sentiment,0.0944266628385994
2021-02-09,Combined Max-Sharpe + Sentiment,0.0022512911512519943
2021-02-10,Combined Max-Sharpe + Sentiment,-0.0023875881904929673
2021-02-11,Combined Max-Sharpe + Sentiment,0.043049869100740656
2021-02-12,Combined Max-Sharpe + Sentiment,0.020384101400826724
2021-02-16,Combined Max-Sharpe + Sentiment,0.010011710440214946
2021-02-17,Combined Max-Sharpe + Sentiment,0.021778683409790507
2021-02-18,Combined Max-Sharpe + Sentiment,-0.0031801537311285993
2021-02-19,Combined Max-Sharpe + Sentiment,0.03894971556280057
2021-02-22,Combined Max-Sharpe + Sentiment,-0.040392313234743495
2021-02-23,Combined Max-Sharpe + Sentiment,-0.07093172367896378
2021-02-24,Combined Max-Sharpe + Sentiment,0.020106500415874667
2021-02-25,Combined Max-Sharpe + Sentiment,-0.05323317547749381
2021-02-26,Combined Max-Sharpe + Sentiment,0.007178136263548001
2021-03-01,Combined Max-Sharpe + Sentiment,0.05511463888570891
2021-03-02,Combined Max-Sharpe + Sentiment,-0.02031936171140056
2021-03-03,Combined Max-Sharpe + Sentiment,0.007327721802721587
2021-03-04,Combined Max-Sharpe + Sentiment,-0.028891312071881555
2021-03-05,Combined Max-Sharpe + Sentiment,0.01719602436893777
2021-03-08,Combined Max-Sharpe + Sentiment,0.0017293051926671244
2021-03-09,Combined Max-Sharpe + Sentiment,0.03518119385522659
2021-03-10,Combined Max-Sharpe + Sentiment,0.006128795991576029
2021-03-11,Combined Max-Sharpe + Sentiment,0.017469281808210023
2021-03-12,Combined Max-Sharpe + Sentiment,-0.011122055775706798
2021-03-15,Combined Max-Sharpe + Sentiment,-0.03877125907965677
2021-03-16,Combined Max-Sharpe + Sentiment,0.024428038318921215
2021-03-17,Combined Max-Sharpe + Sentiment,0.022698466381957966
2021-03-18,Combined Max-Sharpe + Sentiment,-0.018553386192275822
2021-03-19,Combined Max-Sharpe + Sentiment,0.006562346759268486
2021-03-22,Combined Max-Sharpe + Sentiment,-0.028368417991901075
2021-03-23,Combined Max-Sharpe + Sentiment,-0.00010686941980932375
2021-03-24,Combined Max-Sharpe + Sentiment,-0.025465706497610468
2021-03-25,Combined Max-Sharpe + Sentiment,-0.0002538999562777363
2021-03-26,Combined Max-Sharpe + Sentiment,0.054135771515882655
2021-03-29,Combined Max-Sharpe + Sentiment,0.016933154016016503
2021-03-30,Combined Max-Sharpe + Sentiment,0.00976455152380916
2021-03-31,Combined Max-Sharpe + Sentiment,0.002510387027862349
2021-04-01,Combined Max-Sharpe + Sentiment,0.007776534104355384
2021-04-05,Combined Max-Sharpe + Sentiment,0.02268494389630331
2021-04-06,Combined Max-Sharpe + Sentiment,-0.002980684801045922
2021-04-07,Combined Max-Sharpe + Sentiment,-0.02061378150455071
2021-04-08,Combined Max-Sharpe + Sentiment,0.019524671840396704
2021-04-09,Combined Max-Sharpe + Sentiment,0.0005826281750705375
2021-04-12,Combined Max-Sharpe + Sentiment,0.007182691165616698
2021-04-13,Combined Max-Sharpe + Sentiment,0.022323935159127645
2021-04-14,Combined Max-Sharpe + Sentiment,-0.001831392359569155
2021-04-15,Combined Max-Sharpe + Sentiment,0.0160511324432273
2021-04-16,Combined Max-Sharpe + Sentiment,-0.008427902784550497
2021-04-19,Combined Max-Sharpe + Sentiment,-0.00893919133373497
2021-04-20,Combined Max-Sharpe + Sentiment,0.0003656175779207869
2021-04-21,Combined Max-Sharpe + Sentiment,-0.00613691443597734
2021-04-22,Combined Max-Sharpe + Sentiment,-0.019870001818368996
2021-04-23,Combined Max-Sharpe + Sentiment,0.007656001468831481
2021-04-26,Combined Max-Sharpe + Sentiment,0.032960212225455504
2021-04-27,Combined Max-Sharpe + Sentiment,0.019864617128245717
2021-04-28,Combined Max-Sharpe + Sentiment,0.0026299536437304908
2021-04-29,Combined Max-Sharpe + Sentiment,0.0021098074822742674
2021-04-30,Combined Max-Sharpe + Sentiment,0.015769346891009228
2021-05-03,Combined Max-Sharpe + Sentiment,0.0117088308404512
2021-05-04,Combined Max-Sharpe + Sentiment,-0.021673791714868693
2021-05-05,Combined Max-Sharpe + Sentiment,0.03166151562754319
2021-05-06,Combined Max-Sharpe + Sentiment,0.015770604036375573
2021-05-07,Combined Max-Sharpe + Sentiment,0.007322631043286854
2021-05-10,Combined Max-Sharpe + Sentiment,-0.013834358630912941
2021-05-11,Combined Max-Sharpe + Sentiment,-0.0013155874483403226
2021-05-12,Combined Max-Sharpe + Sentiment,-0.04103190060814068
2021-05-13,Combined Max-Sharpe + Sentiment,0.025873009681208467
2021-05-14,Combined Max-Sharpe + Sentiment,0.012163868279585755
2021-05-17,Combined Max-Sharpe + Sentiment,-0.011591928036947164
2021-05-18,Combined Max-Sharpe + Sentiment,-0.00938052363592333
2021-05-19,Combined Max-Sharpe + Sentiment,-0.04411210376256645
2021-05-20,Combined Max-Sharpe + Sentiment,0.032378978771401966
2021-05-21,Combined Max-Sharpe + Sentiment,-0.020109527185095726
2021-05-24,Combined Max-Sharpe + Sentiment,0.0387256726993292
2021-05-25,Combined Max-Sharpe + Sentiment,-0.003934179749432738
2021-05-26,Combined Max-Sharpe + Sentiment,0.014319445179951212
2021-05-27,Combined Max-Sharpe + Sentiment,-0.0076798891121348505
2021-05-28,Combined Max-Sharpe + Sentiment,-0.011661834194461705
2021-06-01,Combined Max-Sharpe + Sentiment,-0.0017434470224641236
2021-06-02,Combined Max-Sharpe + Sentiment,0.00531516083419901
2021-06-03,Combined Max-Sharpe + Sentiment,0.011282665643791857
2021-06-04,Combined Max-Sharpe + Sentiment,-0.001821840970853822
2021-06-07,Combined Max-Sharpe + Sentiment,-0.008254666229415925
2021-06-08,Combined Max-Sharpe + Sentiment,-0.00042549468547279734
2021-06-09,Combined Max-Sharpe + Sentiment,-0.0035894599264918226
2021-06-10,Combined Max-Sharpe + Sentiment,-0.008892435096770481
2021-06-11,Combined Max-Sharpe + Sentiment,-0.0015327749348232485
2021-06-14,Combined Max-Sharpe + Sentiment,-0.0059023410077726855
2021-06-15,Combined Max-Sharpe + Sentiment,-0.003278267975958224
2021-06-16,Combined Max-Sharpe + Sentiment,-0.01609631548717827
2021-06-17,Combined Max-Sharpe + Sentiment,-0.011859533869422387
2021-06-18,Combined Max-Sharpe + Sentiment,-0.012687165004207955
2021-06-21,Combined Max-Sharpe + Sentiment,-0.00015588027227178994
2021-06-22,Combined Max-Sharpe + Sentiment,-0.0002916907688885753
2021-06-23,Combined Max-Sharpe + Sentiment,0.008846929813083479
2021-06-24,Combined Max-Sharpe + Sentiment,0.015717399484091975
2021-06-25,Combined Max-Sharpe + Sentiment,-0.01012192027268134
2021-06-28,Combined Max-Sharpe + Sentiment,0.0029396314262586033
2021-06-29,Combined Max-Sharpe + Sentiment,0.018640423328321897
2021-06-30,Combined Max-Sharpe + Sentiment,0.004764654466927434
2021-07-01,Combined Max-Sharpe + Sentiment,-0.0024013851959669608
2021-07-02,Combined Max-Sharpe + Sentiment,0.004857702240684858
2021-07-06,Combined Max-Sharpe + Sentiment,-0.0017341172018321038
2021-07-07,Combined Max-Sharpe + Sentiment,0.00012668091564642576
2021-07-08,Combined Max-Sharpe + Sentiment,-0.012448233551350567
2021-07-09,Combined Max-Sharpe + Sentiment,0.017536034916343972
2021-07-12,Combined Max-Sharpe + Sentiment,0.0065640623135535476
2021-07-13,Combined Max-Sharpe + Sentiment,-0.011822078562517959
2021-07-14,Combined Max-Sharpe + Sentiment,-0.0015991257879754157
2021-07-15,Combined Max-Sharpe + Sentiment,-0.005785606552698058
2021-07-16,Combined Max-Sharpe + Sentiment,-0.015115298468853235
2021-07-19,Combined Max-Sharpe + Sentiment,-0.01398604909311131
2021-07-20,Combined Max-Sharpe + Sentiment,0.01358756930625867
2021-07-21,Combined Max-Sharpe + Sentiment,0.016276819128531995
2021-07-22,Combined Max-Sharpe + Sentiment,0.0024855618070673143
2021-07-23,Combined Max-Sharpe + Sentiment,0.00786883014968564
2021-07-26,Combined Max-Sharpe + Sentiment,0.005121898510592504
2021-07-27,Combined Max-Sharpe + Sentiment,-0.00333509240187043
2021-07-28,Combined Max-Sharpe + Sentiment,0.0030839363653568483
2021-07-29,Combined Max-Sharpe + Sentiment,0.008942764206437213
2021-07-30,Combined Max-Sharpe + Sentiment,-0.0003304126065469365
2021-08-02,Combined Max-Sharpe + Sentiment,-0.0006740891970276653
2021-08-03,Combined Max-Sharpe + Sentiment,0.00792121467283986
2021-08-04,Combined Max-Sharpe + Sentiment,-0.001083205023509511
2021-08-05,Combined Max-Sharpe + Sentiment,0.006378763546739466
2021-08-06,Combined Max-Sharpe + Sentiment,0.0031694303828140435
2021-08-09,Combined Max-Sharpe + Sentiment,0.009582712143548855
2021-08-10,Combined Max-Sharpe + Sentiment,0.014508909956436151
2021-08-11,Combined Max-Sharpe + Sentiment,0.007639545612868423
2021-08-12,Combined Max-Sharpe + Sentiment,0.005243741835938962
2021-08-13,Combined Max-Sharpe + Sentiment,0.004393479008227942
2021-08-16,Combined Max-Sharpe + Sentiment,-0.0007379480436171186
2021-08-17,Combined Max-Sharpe + Sentiment,-0.010696652611040332
2021-08-18,Combined Max-Sharpe + Sentiment,-0.0038637955305882692
2021-08-19,Combined Max-Sharpe + Sentiment,-0.0009837636009864445
2021-08-20,Combined Max-Sharpe + Sentiment,0.010373027561397019
2021-08-23,Combined Max-Sharpe + Sentiment,0.007697724669461901
2021-08-24,Combined Max-Sharpe + Sentiment,0.0012161047419259373
2021-08-25,Combined Max-Sharpe + Sentiment,0.0014881580432681654
2021-08-26,Combined Max-Sharpe + Sentiment,-0.008586570400796079
2021-08-27,Combined Max-Sharpe + Sentiment,0.013249541066828751
2021-08-30,Combined Max-Sharpe + Sentiment,7.074172890979691e-05
2021-08-31,Combined Max-Sharpe + Sentiment,-0.002009770605090887
2021-09-01,Combined Max-Sharpe + Sentiment,0.005615491248581849
2021-09-02,Combined Max-Sharpe + Sentiment,0.004294430550206448
2021-09-03,Combined Max-Sharpe + Sentiment,-0.0022879376770805213
2021-09-07,Combined Max-Sharpe + Sentiment,-0.018466726955185975
2021-09-08,Combined Max-Sharpe + Sentiment,-0.000327752601240671
2021-09-09,Combined Max-Sharpe + Sentiment,-0.005220285797149062
2021-09-10,Combined Max-Sharpe + Sentiment,-0.007063137093028807
2021-09-13,Combined Max-Sharpe + Sentiment,-0.005667596344221924
2021-09-14,Combined Max-Sharpe + Sentiment,-0.009972672800673824
2021-09-15,Combined Max-Sharpe + Sentiment,0.009082414473446392
2021-09-16,Combined Max-Sharpe + Sentiment,-0.007073236671259819
2021-09-17,Combined Max-Sharpe + Sentiment,-0.01769509411209979
2021-09-20,Combined Max-Sharpe + Sentiment,-0.023992331048512786
2021-09-21,Combined Max-Sharpe + Sentiment,-0.007364062345536942
2021-09-22,Combined Max-Sharpe + Sentiment,0.01432942583423794
2021-09-23,Combined Max-Sharpe + Sentiment,0.00825282201605728
2021-09-24,Combined Max-Sharpe + Sentiment,-0.00877002710366989
2021-09-27,Combined Max-Sharpe + Sentiment,-0.004489096204817826
2021-09-28,Combined Max-Sharpe + Sentiment,-0.009083564063419019
2021-09-29,Combined Max-Sharpe + Sentiment,0.0011610374322840158
2021-09-30,Combined Max-Sharpe + Sentiment,-0.010777902932866755
2021-10-01,Combined Max-Sharpe + Sentiment,0.010876644432480797
2021-10-04,Combined Max-Sharpe + Sentiment,-0.007131887705084849
2021-10-05,Combined Max-Sharpe + Sentiment,0.011569903351251068
2021-10-06,Combined Max-Sharpe + Sentiment,0.0068583650578122445
2021-10-07,Combined Max-Sharpe + Sentiment,0.005147637817374133
2021-10-08,Combined Max-Sharpe + Sentiment,-0.0009049233455622097
2021-10-11,Combined Max-Sharpe + Sentiment,-0.003035521836955423
2021-10-12,Combined Max-Sharpe + Sentiment,0.00615505960483503
2021-10-13,Combined Max-Sharpe + Sentiment,0.008919028019869801
2021-10-14,Combined Max-Sharpe + Sentiment,0.01734017293094028
2021-10-15,Combined Max-Sharpe + Sentiment,0.004770236899672627
2021-10-18,Combined Max-Sharpe + Sentiment,0.006390711181884572
2021-10-19,Combined Max-Sharpe + Sentiment,0.001603093871006287
2021-10-20,Combined Max-Sharpe + Sentiment,0.0061475885551897
2021-10-21,Combined Max-Sharpe + Sentiment,-0.004361527698790008
2021-10-22,Combined Max-Sharpe + Sentiment,0.009500032862790421
2021-10-25,Combined Max-Sharpe + Sentiment,0.010785061640493008
2021-10-26,Combined Max-Sharpe + Sentiment,0.008490041515765382
2021-10-27,Combined Max-Sharpe + Sentiment,-0.02413252468521607
2021-10-28,Combined Max-Sharpe + Sentiment,0.022089997480389947
2021-10-29,Combined Max-Sharpe + Sentiment,0.004207853227565868
2021-11-01,Combined Max-Sharpe + Sentiment,0.004684160173457839
2021-11-02,Combined Max-Sharpe + Sentiment,0.008752218802281319
2021-11-03,Combined Max-Sharpe + Sentiment,-0.001694946138333817
2021-11-04,Combined Max-Sharpe + Sentiment,0.005754383611747694
2021-11-05,Combined Max-Sharpe + Sentiment,-0.01363549442622272
2021-11-08,Combined Max-Sharpe + Sentiment,0.013546061452841783
2021-11-09,Combined Max-Sharpe + Sentiment,0.0004996333018446957
2021-11-10,Combined Max-Sharpe + Sentiment,-0.009532765813540565
2021-11-11,Combined Max-Sharpe + Sentiment,0.00732443637028633
2021-11-12,Combined Max-Sharpe + Sentiment,0.002548905125159234
2021-11-15,Combined Max-Sharpe + Sentiment,0.0015658090534324599
2021-11-16,Combined Max-Sharpe + Sentiment,-0.00557728978276714
2021-11-17,Combined Max-Sharpe + Sentiment,-0.008562455768301438
2021-11-18,Combined Max-Sharpe + Sentiment,0.006274835522845621
2021-11-19,Combined Max-Sharpe + Sentiment,-0.007992286624749259
2021-11-22,Combined Max-Sharpe + Sentiment,0.001778898472397612
2021-11-23,Combined Max-Sharpe + Sentiment,0.011478856211869504
2021-11-24,Combined Max-Sharpe + Sentiment,0.006138697611816881
2021-11-26,Combined Max-Sharpe + Sentiment,-0.03179296078617487
2021-11-29,Combined Max-Sharpe + Sentiment,0.013555247414259113
2021-11-30,Combined Max-Sharpe + Sentiment,-0.017249785170938326
2021-12-01,Combined Max-Sharpe + Sentiment,-0.009162287841315814
2021-12-02,Combined Max-Sharpe + Sentiment,0.027654459887576675
2021-12-03,Combined Max-Sharpe + Sentiment,-0.00986077084628455
2021-12-06,Combined Max-Sharpe + Sentiment,0.007644658200406331
2021-12-07,Combined Max-Sharpe + Sentiment,0.021735468252266795
2021-12-08,Combined Max-Sharpe + Sentiment,-0.002335727869778958
2021-12-09,Combined Max-Sharpe + Sentiment,-0.011078523888492628
2021-12-10,Combined Max-Sharpe + Sentiment,0.004047242812645259
2021-12-13,Combined Max-Sharpe + Sentiment,-0.009865411960058882
2021-12-14,Combined Max-Sharpe + Sentiment,0.0002653312909182431
2021-12-15,Combined Max-Sharpe + Sentiment,0.020182845492009927
2021-12-16,Combined Max-Sharpe + Sentiment,-0.0021973327403120952
2021-12-17,Combined Max-Sharpe + Sentiment,-0.015479830987447492
2021-12-20,Combined Max-Sharpe + Sentiment,-0.005152588627075803
2021-12-21,Combined Max-Sharpe + Sentiment,0.009336489711891405
2021-12-22,Combined Max-Sharpe + Sentiment,0.01017439863089
2021-12-23,Combined Max-Sharpe + Sentiment,0.004151419835450682
2021-12-27,Combined Max-Sharpe + Sentiment,0.021222020693738478
2021-12-28,Combined Max-Sharpe + Sentiment,-0.005710597686453282
2021-12-29,Combined Max-Sharpe + Sentiment,0.00035941609751241393
2021-12-30,Combined Max-Sharpe + Sentiment,-0.002930185650859117
2021-12-31,Combined Max-Sharpe + Sentiment,-0.0009946797089682696
2022-01-03,Combined Max-Sharpe + Sentiment,-0.008175801562421368
2022-01-04,Combined Max-Sharpe + Sentiment,-0.000991542431230177
2022-01-05,Combined Max-Sharpe + Sentiment,-0.010149974045548418
2022-01-06,Combined Max-Sharpe + Sentiment,0.0024331107495744785
2022-01-07,Combined Max-Sharpe + Sentiment,-0.014879566977006313
2022-01-10,Combined Max-Sharpe + Sentiment,0.001074160242992521
2022-01-11,Combined Max-Sharpe + Sentiment,0.00771408686309295
2022-01-12,Combined Max-Sharpe + Sentiment,0.009595151335628683
2022-01-13,Combined Max-Sharpe + Sentiment,-0.014741845008429896
2022-01-14,Combined Max-Sharpe + Sentiment,0.0007929214412458231
2022-01-18,Combined Max-Sharpe + Sentiment,-0.012259732882713821
2022-01-19,Combined Max-Sharpe + Sentiment,-0.012624368181896278
2022-01-20,Combined Max-Sharpe + Sentiment,-0.01660668631602469
2022-01-21,Combined Max-Sharpe + Sentiment,-0.013488418225422613
2022-01-24,Combined Max-Sharpe + Sentiment,-0.001889344124495886
2022-01-25,Combined Max-Sharpe + Sentiment,-0.0005567424362478206
2022-01-26,Combined Max-Sharpe + Sentiment,-0.008300257442122405
2022-01-27,Combined Max-Sharpe + Sentiment,-0.0034775145697385408
2022-01-28,Combined Max-Sharpe + Sentiment,0.03213815284478736
2022-01-31,Combined Max-Sharpe + Sentiment,0.008871494596153603
2022-02-01,Combined Max-Sharpe + Sentiment,0.003782552694983105
2022-02-02,Combined Max-Sharpe + Sentiment,0.02448026271972549
2022-02-03,Combined Max-Sharpe + Sentiment,-0.007191643592280416
2022-02-04,Combined Max-Sharpe + Sentiment,-0.0014120585168560104
2022-02-07,Combined Max-Sharpe + Sentiment,0.006217865043853027
2022-02-08,Combined Max-Sharpe + Sentiment,0.001822810423575001
2022-02-09,Combined Max-Sharpe + Sentiment,0.019197672102802037
2022-02-10,Combined Max-Sharpe + Sentiment,-0.016556586117245156
2022-02-11,Combined Max-Sharpe + Sentiment,-0.007675648521086233
2022-02-14,Combined Max-Sharpe + Sentiment,-0.007473983645987709
2022-02-15,Combined Max-Sharpe + Sentiment,0.003275880053455857
2022-02-16,Combined Max-Sharpe + Sentiment,0.00017629461287804458
2022-02-17,Combined Max-Sharpe + Sentiment,-0.01445955791640259
2022-02-18,Combined Max-Sharpe + Sentiment,-0.00829820342928402
2022-02-22,Combined Max-Sharpe + Sentiment,-0.005407735345219601
2022-02-23,Combined Max-Sharpe + Sentiment,0.00479306546668421
2022-02-24,Combined Max-Sharpe + Sentiment,0.0025574978231952044
2022-02-25,Combined Max-Sharpe + Sentiment,0.03506767564176746
2022-02-28,Combined Max-Sharpe + Sentiment,0.0005449273473692481
2022-03-01,Combined Max-Sharpe + Sentiment,0.0008873217589100598
2022-03-02,Combined Max-Sharpe + Sentiment,0.019755487539775903
2022-03-03,Combined Max-Sharpe + Sentiment,0.005544751331602762
2022-03-04,Combined Max-Sharpe + Sentiment,0.008040869874245673
2022-03-07,Combined Max-Sharpe + Sentiment,-0.009038581678987127
2022-03-08,Combined Max-Sharpe + Sentiment,-0.017085953570860783
2022-03-09,Combined Max-Sharpe + Sentiment,0.010969888281926377
2022-03-10,Combined Max-Sharpe + Sentiment,0.007758096379659476
2022-03-11,Combined Max-Sharpe + Sentiment,-0.0073739289480776295
2022-03-14,Combined Max-Sharpe + Sentiment,-0.008522118787921109
2022-03-15,Combined Max-Sharpe + Sentiment,0.008875032205592992
2022-03-16,Combined Max-Sharpe + Sentiment,0.008055942508753427
2022-03-17,Combined Max-Sharpe + Sentiment,0.017130377969622725
2022-03-18,Combined Max-Sharpe + Sentiment,0.01008318723007112
2022-03-21,Combined Max-Sharpe + Sentiment,0.01285395197137441
2022-03-22,Combined Max-Sharpe + Sentiment,0.005405625507090823
2022-03-23,Combined Max-Sharpe + Sentiment,0.0002716788671272553
2022-03-24,Combined Max-Sharpe + Sentiment,0.016760787162694957
2022-03-25,Combined Max-Sharpe + Sentiment,0.010359945130363079
2022-03-28,Combined Max-Sharpe + Sentiment,0.0014520061184935286
2022-03-29,Combined Max-Sharpe + Sentiment,0.009408218212333466
2022-03-30,Combined Max-Sharpe + Sentiment,0.0005083981889477621
2022-03-31,Combined Max-Sharpe + Sentiment,-0.01207515253545138
2022-04-01,Combined Max-Sharpe + Sentiment,0.010412587299635793
2022-04-04,Combined Max-Sharpe + Sentiment,-0.004302555237776729
2022-04-05,Combined Max-Sharpe + Sentiment,-0.004187387896199822
2022-04-06,Combined Max-Sharpe + Sentiment,0.014320666788070126
2022-04-07,Combined Max-Sharpe + Sentiment,0.014442117498448202
2022-04-08,Combined Max-Sharpe + Sentiment,0.005895081883378206
2022-04-11,Combined Max-Sharpe + Sentiment,-0.0285745583647534
2022-04-12,Combined Max-Sharpe + Sentiment,0.005183693015022147
2022-04-13,Combined Max-Sharpe + Sentiment,-0.004789626739608988
2022-04-14,Combined Max-Sharpe + Sentiment,0.004153596734693525
2022-04-18,Combined Max-Sharpe + Sentiment,0.0032718258785874674
2022-04-19,Combined Max-Sharpe + Sentiment,-0.002144176196828082
2022-04-20,Combined Max-Sharpe + Sentiment,0.004876925722939263
2022-04-21,Combined Max-Sharpe + Sentiment,-0.017052029025156203
2022-04-22,Combined Max-Sharpe + Sentiment,-0.02493946983261197
2022-04-25,Combined Max-Sharpe + Sentiment,-0.007896103534200567
2022-04-26,Combined Max-Sharpe + Sentiment,-0.010836051708473408
2022-04-27,Combined Max-Sharpe + Sentiment,0.003709235273464214
2022-04-28,Combined Max-Sharpe + Sentiment,0.02080643623949775
2022-04-29,Combined Max-Sharpe + Sentiment,-0.05338049714381559
2022-05-02,Combined Max-Sharpe + Sentiment,-0.006016345930764876
2022-05-03,Combined Max-Sharpe + Sentiment,0.00528797775194887
2022-05-04,Combined Max-Sharpe + Sentiment,0.020432906235554146
2022-05-05,Combined Max-Sharpe + Sentiment,-0.018423899391434254
2022-05-06,Combined Max-Sharpe + Sentiment,0.004623871606631518
2022-05-09,Combined Max-Sharpe + Sentiment,-0.05599321705550473
2022-05-10,Combined Max-Sharpe + Sentiment,-0.0012179840406711306
2022-05-11,Combined Max-Sharpe + Sentiment,-0.0014608818663043488
2022-05-12,Combined Max-Sharpe + Sentiment,0.004445489683506698
2022-05-13,Combined Max-Sharpe + Sentiment,0.020774896119091918
2022-05-16,Combined Max-Sharpe + Sentiment,0.00787835023111791
2022-05-17,Combined Max-Sharpe + Sentiment,0.007519550720625004
2022-05-18,Combined Max-Sharpe + Sentiment,-0.034209829151987135
2022-05-19,Combined Max-Sharpe + Sentiment,-0.00030415045329766285
2022-05-20,Combined Max-Sharpe + Sentiment,0.0010962979828256373
2022-05-23,Combined Max-Sharpe + Sentiment,0.017553055265378495
2022-05-24,Combined Max-Sharpe + Sentiment,0.002347277574586656
2022-05-25,Combined Max-Sharpe + Sentiment,0.012310950212294176
2022-05-26,Combined Max-Sharpe + Sentiment,0.011488043691172503
2022-05-27,Combined Max-Sharpe + Sentiment,0.01721558641377497
2022-05-31,Combined Max-Sharpe + Sentiment,-0.0161761061604989
2022-06-01,Combined Max-Sharpe + Sentiment,-0.000439956306491866
2022-06-02,Combined Max-Sharpe + Sentiment,0.006812681552218595
2022-06-03,Combined Max-Sharpe + Sentiment,0.0032232991509335914
2022-06-06,Combined Max-Sharpe + Sentiment,-0.003338277044930059
2022-06-07,Combined Max-Sharpe + Sentiment,0.01515786915527556
2022-06-08,Combined Max-Sharpe + Sentiment,-0.007705050838795292
2022-06-09,Combined Max-Sharpe + Sentiment,-0.025059946272758725
2022-06-10,Combined Max-Sharpe + Sentiment,-0.013202188722310486
2022-06-13,Combined Max-Sharpe + Sentiment,-0.043973555948655374
2022-06-14,Combined Max-Sharpe + Sentiment,-0.007697017951871125
2022-06-15,Combined Max-Sharpe + Sentiment,-0.00574013294710557
2022-06-16,Combined Max-Sharpe + Sentiment,-0.02669306734878167
2022-06-17,Combined Max-Sharpe + Sentiment,-0.02181792963276851
2022-06-21,Combined Max-Sharpe + Sentiment,0.03678147707109482
2022-06-22,Combined Max-Sharpe + Sentiment,-0.007542146862298411
2022-06-23,Combined Max-Sharpe + Sentiment,8.672062723590075e-05
2022-06-24,Combined Max-Sharpe + Sentiment,0.0200231532163319
2022-06-27,Combined Max-Sharpe + Sentiment,0.011682158387073179
2022-06-28,Combined Max-Sharpe + Sentiment,0.0015917195347739386
2022-06-29,Combined Max-Sharpe + Sentiment,-0.009896742958164177
2022-06-30,Combined Max-Sharpe + Sentiment,-0.007182690468248836
2022-07-01,Combined Max-Sharpe + Sentiment,0.011112256734536531
2022-07-05,Combined Max-Sharpe + Sentiment,-0.021940701239204927
2022-07-06,Combined Max-Sharpe + Sentiment,-0.0026439650586915255
2022-07-07,Combined Max-Sharpe + Sentiment,0.004812008515179541
2022-07-08,Combined Max-Sharpe + Sentiment,-0.00044532686186476837
2022-07-11,Combined Max-Sharpe + Sentiment,0.00030975096705152785
2022-07-12,Combined Max-Sharpe + Sentiment,-0.009137380778840529
2022-07-13,Combined Max-Sharpe + Sentiment,-0.0021519982881312897
2022-07-14,Combined Max-Sharpe + Sentiment,-0.003083957539856208
2022-07-15,Combined Max-Sharpe + Sentiment,0.015588244079253293
2022-07-18,Combined Max-Sharpe + Sentiment,-0.011098253775120751
2022-07-19,Combined Max-Sharpe + Sentiment,0.013449290630033136
2022-07-20,Combined Max-Sharpe + Sentiment,-0.007736793392979062
2022-07-21,Combined Max-Sharpe + Sentiment,-0.003799348402077871
2022-07-22,Combined Max-Sharpe + Sentiment,0.0017731309487222407
2022-07-25,Combined Max-Sharpe + Sentiment,0.018324440949979398
2022-07-26,Combined Max-Sharpe + Sentiment,-0.0006466938997209342
2022-07-27,Combined Max-Sharpe + Sentiment,0.002662683961840822
2022-07-28,Combined Max-Sharpe + Sentiment,0.0034985885616008517
2022-07-29,Combined Max-Sharpe + Sentiment,0.0015059844542803168
2022-08-01,Combined Max-Sharpe + Sentiment,-0.013137363740623997
2022-08-02,Combined Max-Sharpe + Sentiment,-0.0047159508698731015
2022-08-03,Combined Max-Sharpe + Sentiment,-0.004617035129361628
2022-08-04,Combined Max-Sharpe + Sentiment,-0.01821398604329766
2022-08-05,Combined Max-Sharpe + Sentiment,0.0041661553000779195
2022-08-08,Combined Max-Sharpe + Sentiment,0.007809655146877351
2022-08-09,Combined Max-Sharpe + Sentiment,0.015046135824768976
2022-08-10,Combined Max-Sharpe + Sentiment,0.0035032373198953144
2022-08-11,Combined Max-Sharpe + Sentiment,0.012506438002407036
2022-08-12,Combined Max-Sharpe + Sentiment,0.006362324693997587
2022-08-15,Combined Max-Sharpe + Sentiment,-0.006622807643270329
2022-08-16,Combined Max-Sharpe + Sentiment,0.0004674459356338439
2022-08-17,Combined Max-Sharpe + Sentiment,-0.0012540957383252384
2022-08-18,Combined Max-Sharpe + Sentiment,0.011623758278251671
2022-08-19,Combined Max-Sharpe + Sentiment,0.018415220547411206
2022-08-22,Combined Max-Sharpe + Sentiment,-0.014632815813550118
2022-08-23,Combined Max-Sharpe + Sentiment,0.014334394163307809
2022-08-24,Combined Max-Sharpe + Sentiment,0.002329340750061292
2022-08-25,Combined Max-Sharpe + Sentiment,0.004490584680936717
2022-08-26,Combined Max-Sharpe + Sentiment,-0.013751951533630806
2022-08-29,Combined Max-Sharpe + Sentiment,0.0056515409857916836
2022-08-30,Combined Max-Sharpe + Sentiment,-0.018133584001377396
2022-08-31,Combined Max-Sharpe + Sentiment,-0.010459905715833676
2022-09-01,Combined Max-Sharpe + Sentiment,0.0031355698046142636
2022-09-02,Combined Max-Sharpe + Sentiment,-0.0016796847171975766
2022-09-06,Combined Max-Sharpe + Sentiment,-0.004899753561101872
2022-09-07,Combined Max-Sharpe + Sentiment,0.0023242734670260116
2022-09-08,Combined Max-Sharpe + Sentiment,0.0026450560586359
2022-09-09,Combined Max-Sharpe + Sentiment,0.012792399182326098
2022-09-12,Combined Max-Sharpe + Sentiment,0.008728410714144055
2022-09-13,Combined Max-Sharpe + Sentiment,-0.024255694464427303
2022-09-14,Combined Max-Sharpe + Sentiment,0.02010274292606336
2022-09-15,Combined Max-Sharpe + Sentiment,-0.012704526145629358
2022-09-16,Combined Max-Sharpe + Sentiment,-0.0044009898941725495
2022-09-19,Combined Max-Sharpe + Sentiment,0.0009871687542590884
2022-09-20,Combined Max-Sharpe + Sentiment,-0.008167530863508595
2022-09-21,Combined Max-Sharpe + Sentiment,-0.014408600268107016
2022-09-22,Combined Max-Sharpe + Sentiment,0.00166130406527294
2022-09-23,Combined Max-Sharpe + Sentiment,-0.02922699464633353
2022-09-26,Combined Max-Sharpe + Sentiment,-0.01669977563146715
2022-09-27,Combined Max-Sharpe + Sentiment,-0.0012069885969351018
2022-09-28,Combined Max-Sharpe + Sentiment,0.027715916094706118
2022-09-29,Combined Max-Sharpe + Sentiment,-0.009959369402419488
2022-09-30,Combined Max-Sharpe + Sentiment,-0.026356959965564475
2022-10-03,Combined Max-Sharpe + Sentiment,0.03923597602511993
2022-10-04,Combined Max-Sharpe + Sentiment,0.029462750211746106
2022-10-05,Combined Max-Sharpe + Sentiment,0.010443698668933162
2022-10-06,Combined Max-Sharpe + Sentiment,0.0005567738140060351
2022-10-07,Combined Max-Sharpe + Sentiment,-0.01161666997427101
2022-10-10,Combined Max-Sharpe + Sentiment,-0.01845628252148861
2022-10-11,Combined Max-Sharpe + Sentiment,0.006620690261742882
2022-10-12,Combined Max-Sharpe + Sentiment,-0.003953339384347897
2022-10-13,Combined Max-Sharpe + Sentiment,0.03810363483632736
2022-10-14,Combined Max-Sharpe + Sentiment,-0.013001578398120332
2022-10-17,Combined Max-Sharpe + Sentiment,0.01037356770753966
2022-10-18,Combined Max-Sharpe + Sentiment,0.00483331337962891
2022-10-19,Combined Max-Sharpe + Sentiment,0.0026212624005497918
2022-10-20,Combined Max-Sharpe + Sentiment,0.0004733781432081822
2022-10-21,Combined Max-Sharpe + Sentiment,0.02812167853784054
2022-10-24,Combined Max-Sharpe + Sentiment,0.011944033168362561
2022-10-25,Combined Max-Sharpe + Sentiment,0.0004998980242318171
2022-10-26,Combined Max-Sharpe + Sentiment,0.015047761269325447
2022-10-27,Combined Max-Sharpe + Sentiment,0.0017988340530841604
2022-10-28,Combined Max-Sharpe + Sentiment,-0.012867546433902297
2022-10-31,Combined Max-Sharpe + Sentiment,-0.0017730507403627912
2022-11-01,Combined Max-Sharpe + Sentiment,0.00688607070084808
2022-11-02,Combined Max-Sharpe + Sentiment,-0.01795088527188164
2022-11-03,Combined Max-Sharpe + Sentiment,0.003870307478181513
2022-11-04,Combined Max-Sharpe + Sentiment,0.010981494555978858
2022-11-07,Combined Max-Sharpe + Sentiment,0.021674866183602103
2022-11-08,Combined Max-Sharpe + Sentiment,0.01663800198188907
2022-11-09,Combined Max-Sharpe + Sentiment,-0.028727168630994577
2022-11-10,Combined Max-Sharpe + Sentiment,0.012477186745055767
2022-11-11,Combined Max-Sharpe + Sentiment,0.005584994197597782
2022-11-14,Combined Max-Sharpe + Sentiment,0.0025860036814804336
2022-11-15,Combined Max-Sharpe + Sentiment,0.003697468521906468
2022-11-16,Combined Max-Sharpe + Sentiment,-0.006947698906345023
2022-11-17,Combined Max-Sharpe + Sentiment,0.005100085131160713
2022-11-18,Combined Max-Sharpe + Sentiment,0.0011543477560071332
2022-11-21,Combined Max-Sharpe + Sentiment,-0.00023784418727344222
2022-11-22,Combined Max-Sharpe + Sentiment,0.015042121349730483
2022-11-23,Combined Max-Sharpe + Sentiment,-0.00869056484811641
2022-11-25,Combined Max-Sharpe + Sentiment,-0.0007836596411398645
2022-11-28,Combined Max-Sharpe + Sentiment,-0.01518960794338739
2022-11-29,Combined Max-Sharpe + Sentiment,0.003126289517601221
2022-11-30,Combined Max-Sharpe + Sentiment,0.014377374896155704
2022-12-01,Combined Max-Sharpe + Sentiment,-0.0022403091084887907
2022-12-02,Combined Max-Sharpe + Sentiment,-0.0005781461410871449
2022-12-05,Combined Max-Sharpe + Sentiment,-0.00952273978448206
2022-12-06,Combined Max-Sharpe + Sentiment,-0.013414837162532587
2022-12-07,Combined Max-Sharpe + Sentiment,0.0055381003881384136
2022-12-08,Combined Max-Sharpe + Sentiment,0.0013251312707950396
2022-12-09,Combined Max-Sharpe + Sentiment,-0.01734902070324978
2022-12-12,Combined Max-Sharpe + Sentiment,0.0068136944620402606
2022-12-13,Combined Max-Sharpe + Sentiment,0.0036308752115946944
2022-12-14,Combined Max-Sharpe + Sentiment,0.0017575218656705172
2022-12-15,Combined Max-Sharpe + Sentiment,-0.014937735705686015
2022-12-16,Combined Max-Sharpe + Sentiment,-0.003016282242062008
2022-12-19,Combined Max-Sharpe + Sentiment,0.0001489538628530058
2022-12-20,Combined Max-Sharpe + Sentiment,0.0012014980592598983
2022-12-21,Combined Max-Sharpe + Sentiment,0.011559524138863256
2022-12-22,Combined Max-Sharpe + Sentiment,-0.006695206865050007
2022-12-23,Combined Max-Sharpe + Sentiment,0.009351015678574312
2022-12-27,Combined Max-Sharpe + Sentiment,0.0037856359935193387
2022-12-28,Combined Max-Sharpe + Sentiment,-0.012774099673109348
2022-12-29,Combined Max-Sharpe + Sentiment,0.002596176275172985
2022-12-30,Combined Max-Sharpe + Sentiment,0.002013428103649241
2023-01-03,Combined Max-Sharpe + Sentiment,-0.009375464740562712
2023-01-04,Combined Max-Sharpe + Sentiment,0.0062865978093421945
2023-01-05,Combined Max-Sharpe + Sentiment,0.01572414089035974
2023-01-06,Combined Max-Sharpe + Sentiment,0.014422364431615415
2023-01-09,Combined Max-Sharpe + Sentiment,-0.027408901574348013
2023-01-10,Combined Max-Sharpe + Sentiment,0.007154687253827007
2023-01-11,Combined Max-Sharpe + Sentiment,0.0034054847981750294
2023-01-12,Combined Max-Sharpe + Sentiment,0.008977434864623685
2023-01-13,Combined Max-Sharpe + Sentiment,0.0021043224613364665
2023-01-17,Combined Max-Sharpe + Sentiment,-0.01148172246911984
2023-01-18,Combined Max-Sharpe + Sentiment,-0.015512596930488051
2023-01-19,Combined Max-Sharpe + Sentiment,0.008854125435562446
2023-01-20,Combined Max-Sharpe + Sentiment,0.007608984358868206
2023-01-23,Combined Max-Sharpe + Sentiment,-0.002807626713055027
2023-01-24,Combined Max-Sharpe + Sentiment,-0.008676493781705237
2023-01-25,Combined Max-Sharpe + Sentiment,-0.0014335894207547929
2023-01-26,Combined Max-Sharpe + Sentiment,0.006216906930594191
2023-01-27,Combined Max-Sharpe + Sentiment,-0.01319204767667098
2023-01-30,Combined Max-Sharpe + Sentiment,-0.004912591680860128
2023-01-31,Combined Max-Sharpe + Sentiment,0.013413843502571982
2023-02-01,Combined Max-Sharpe + Sentiment,-0.008701487836447658
2023-02-02,Combined Max-Sharpe + Sentiment,-0.028477771773318963
2023-02-03,Combined Max-Sharpe + Sentiment,-0.001958066761632467
2023-02-06,Combined Max-Sharpe + Sentiment,-0.004391665905475463
2023-02-07,Combined Max-Sharpe + Sentiment,0.012284790693784228
2023-02-08,Combined Max-Sharpe + Sentiment,0.001714137747758448
2023-02-09,Combined Max-Sharpe + Sentiment,-0.004391250200788598
2023-02-10,Combined Max-Sharpe + Sentiment,0.017373397232988638
2023-02-13,Combined Max-Sharpe + Sentiment,0.00895147644905696
2023-02-14,Combined Max-Sharpe + Sentiment,0.001573526275128079
2023-02-15,Combined Max-Sharpe + Sentiment,-0.011403470256295525
2023-02-16,Combined Max-Sharpe + Sentiment,-0.007868709471863435
2023-02-17,Combined Max-Sharpe + Sentiment,0.006888007381671318
2023-02-21,Combined Max-Sharpe + Sentiment,-0.01044579067828765
2023-02-22,Combined Max-Sharpe + Sentiment,-0.004057395666832436
2023-02-23,Combined Max-Sharpe + Sentiment,0.0028080087744465224
2023-02-24,Combined Max-Sharpe + Sentiment,-0.005777991064504547
2023-02-27,Combined Max-Sharpe + Sentiment,-0.00015525804257166142
2023-02-28,Combined Max-Sharpe + Sentiment,-0.010513880881769109
2023-03-01,Combined Max-Sharpe + Sentiment,0.007128186224279682
2023-03-02,Combined Max-Sharpe + Sentiment,0.008384073773933179
2023-03-03,Combined Max-Sharpe + Sentiment,0.007477087999255774
2023-03-06,Combined Max-Sharpe + Sentiment,0.017685419149844936
2023-03-07,Combined Max-Sharpe + Sentiment,-0.006256374952418679
2023-03-08,Combined Max-Sharpe + Sentiment,-0.017635451007404348
2023-03-09,Combined Max-Sharpe + Sentiment,-0.010373611818464521
2023-03-10,Combined Max-Sharpe + Sentiment,-0.0034780075349020185
2023-03-13,Combined Max-Sharpe + Sentiment,-0.014523026307166348
2023-03-14,Combined Max-Sharpe + Sentiment,0.01438201328643424
2023-03-15,Combined Max-Sharpe + Sentiment,-0.012223955205483437
2023-03-16,Combined Max-Sharpe + Sentiment,-0.0009762939067197695
2023-03-17,Combined Max-Sharpe + Sentiment,-0.026914539562408572
2023-03-20,Combined Max-Sharpe + Sentiment,0.021346743228730442
2023-03-21,Combined Max-Sharpe + Sentiment,0.009231270523911048
2023-03-22,Combined Max-Sharpe + Sentiment,-0.014712484692382876
2023-03-23,Combined Max-Sharpe + Sentiment,-0.0021466269104660515
2023-03-24,Combined Max-Sharpe + Sentiment,0.0057752812533064255
2023-03-27,Combined Max-Sharpe + Sentiment,0.016238427352148473
2023-03-28,Combined Max-Sharpe + Sentiment,-0.0018868689775087175
2023-03-29,Combined Max-Sharpe + Sentiment,0.0012732390402623982
2023-03-30,Combined Max-Sharpe + Sentiment,0.0071775005491894785
2023-03-31,Combined Max-Sharpe + Sentiment,0.007681571849149139
2023-04-03,Combined Max-Sharpe + Sentiment,0.025580888828857347
2023-04-04,Combined Max-Sharpe + Sentiment,-0.00886665174597527
2023-04-05,Combined Max-Sharpe + Sentiment,0.01978819356486811
2023-04-06,Combined Max-Sharpe + Sentiment,-0.0038813015696935156
2023-04-10,Combined Max-Sharpe + Sentiment,-0.002322831588093296
2023-04-11,Combined Max-Sharpe + Sentiment,0.00044262621134644143
2023-04-12,Combined Max-Sharpe + Sentiment,0.0026058001903416996
2023-04-13,Combined Max-Sharpe + Sentiment,0.011652927617803156
2023-04-14,Combined Max-Sharpe + Sentiment,0.00018255936070669156
2023-04-17,Combined Max-Sharpe + Sentiment,-0.00013959404571919695
2023-04-18,Combined Max-Sharpe + Sentiment,0.005313953262951514
2023-04-19,Combined Max-Sharpe + Sentiment,-0.0011324965522782173
2023-04-20,Combined Max-Sharpe + Sentiment,0.0012101819210490726
2023-04-21,Combined Max-Sharpe + Sentiment,0.012122855986755044
2023-04-24,Combined Max-Sharpe + Sentiment,0.006794671847386216
2023-04-25,Combined Max-Sharpe + Sentiment,-0.006531045245101701
2023-04-26,Combined Max-Sharpe + Sentiment,-0.021057356430330233
2023-04-27,Combined Max-Sharpe + Sentiment,0.009244444551609563
2023-04-28,Combined Max-Sharpe + Sentiment,-0.0005722685568946912
2023-05-01,Combined Max-Sharpe + Sentiment,-0.0057315466446728755
2023-05-02,Combined Max-Sharpe + Sentiment,-0.006682288339069494
2023-05-03,Combined Max-Sharpe + Sentiment,-0.006923601010327761
2023-05-04,Combined Max-Sharpe + Sentiment,-0.012459960675408152
2023-05-05,Combined Max-Sharpe + Sentiment,0.008216282349247598
2023-05-08,Combined Max-Sharpe + Sentiment,0.0030878862524647286
2023-05-09,Combined Max-Sharpe + Sentiment,-0.0035914681068299967
2023-05-10,Combined Max-Sharpe + Sentiment,-0.004079897761667238
2023-05-11,Combined Max-Sharpe + Sentiment,-0.0012371529748908098
2023-05-12,Combined Max-Sharpe + Sentiment,-0.00432051311534875
2023-05-15,Combined Max-Sharpe + Sentiment,0.008536578050208127
2023-05-16,Combined Max-Sharpe + Sentiment,-0.005251421095204488
2023-05-17,Combined Max-Sharpe + Sentiment,0.004040529418299067
2023-05-18,Combined Max-Sharpe + Sentiment,-0.0003286971441896842
2023-05-19,Combined Max-Sharpe + Sentiment,0.006155314771309794
2023-05-22,Combined Max-Sharpe + Sentiment,-0.005554106516280963
2023-05-23,Combined Max-Sharpe + Sentiment,-0.017015229942438644
2023-05-24,Combined Max-Sharpe + Sentiment,-0.0009976032382403208
2023-05-25,Combined Max-Sharpe + Sentiment,-0.00612669245652779
2023-05-26,Combined Max-Sharpe + Sentiment,-0.0013781076538053193
2023-05-30,Combined Max-Sharpe + Sentiment,-0.010756402531331427
2023-05-31,Combined Max-Sharpe + Sentiment,0.0034031089256084733
2023-06-01,Combined Max-Sharpe + Sentiment,0.011344955706000843
2023-06-02,Combined Max-Sharpe + Sentiment,0.014395595834872913
2023-06-05,Combined Max-Sharpe + Sentiment,-0.003370418624260329
2023-06-06,Combined Max-Sharpe + Sentiment,-0.004375754718822791
2023-06-07,Combined Max-Sharpe + Sentiment,-0.007250132376988082
2023-06-08,Combined Max-Sharpe + Sentiment,0.01182718874653777
2023-06-09,Combined Max-Sharpe + Sentiment,0.005027781156302251
2023-06-12,Combined Max-Sharpe + Sentiment,2.5144938478805683e-06
2023-06-13,Combined Max-Sharpe + Sentiment,0.006002411133055425
2023-06-14,Combined Max-Sharpe + Sentiment,-0.008927355270038538
2023-06-15,Combined Max-Sharpe + Sentiment,0.004897062803359422
2023-06-16,Combined Max-Sharpe + Sentiment,0.0011655909387701569
2023-06-20,Combined Max-Sharpe + Sentiment,-0.0022326765943341347
2023-06-21,Combined Max-Sharpe + Sentiment,0.006215921290993514
2023-06-22,Combined Max-Sharpe + Sentiment,0.009014672403628353
2023-06-23,Combined Max-Sharpe + Sentiment,-0.0020729217610663286
2023-06-26,Combined Max-Sharpe + Sentiment,-0.010179499251227164
2023-06-27,Combined Max-Sharpe + Sentiment,0.005989185847618499
2023-06-28,Combined Max-Sharpe + Sentiment,-0.0021897436545918925
2023-06-29,Combined Max-Sharpe + Sentiment,0.006607989667473781
2023-06-30,Combined Max-Sharpe + Sentiment,0.017718235886162517
2023-07-03,Combined Max-Sharpe + Sentiment,-0.007029180572551464
2023-07-05,Combined Max-Sharpe + Sentiment,-0.0027284344352475993
2023-07-06,Combined Max-Sharpe + Sentiment,-0.014682202333149109
2023-07-07,Combined Max-Sharpe + Sentiment,-0.0033562648678445214
2023-07-10,Combined Max-Sharpe + Sentiment,0.014511808896743849
2023-07-11,Combined Max-Sharpe + Sentiment,0.00030341987738115707
2023-07-12,Combined Max-Sharpe + Sentiment,0.004010049743054155
2023-07-13,Combined Max-Sharpe + Sentiment,0.02037343418175222
2023-07-14,Combined Max-Sharpe + Sentiment,-0.008707805249080745
2023-07-17,Combined Max-Sharpe + Sentiment,-0.0002505074471204343
2023-07-18,Combined Max-Sharpe + Sentiment,0.005513358651128135
2023-07-19,Combined Max-Sharpe + Sentiment,-0.004811597542278827
2023-07-20,Combined Max-Sharpe + Sentiment,0.007402097785576735
2023-07-21,Combined Max-Sharpe + Sentiment,-0.0023718854791135325
2023-07-24,Combined Max-Sharpe + Sentiment,-0.007050172480900388
2023-07-25,Combined Max-Sharpe + Sentiment,0.031987305718740984
2023-07-26,Combined Max-Sharpe + Sentiment,-0.009985533673728461
2023-07-27,Combined Max-Sharpe + Sentiment,0.0002763672799123154
2023-07-28,Combined Max-Sharpe + Sentiment,-5.0372400329034345e-05
2023-07-31,Combined Max-Sharpe + Sentiment,-0.0016331988839534718
2023-08-01,Combined Max-Sharpe + Sentiment,-0.00893691834559509
2023-08-02,Combined Max-Sharpe + Sentiment,-0.014898159289909061
2023-08-03,Combined Max-Sharpe + Sentiment,0.0003428409405322097
2023-08-04,Combined Max-Sharpe + Sentiment,0.0007645666254480232
2023-08-07,Combined Max-Sharpe + Sentiment,0.014990573670629009
2023-08-08,Combined Max-Sharpe + Sentiment,-0.002560301119352618
2023-08-09,Combined Max-Sharpe + Sentiment,-0.009142512554063236
2023-08-10,Combined Max-Sharpe + Sentiment,0.0005891615728636528
2023-08-11,Combined Max-Sharpe + Sentiment,0.0046360734258029095
2023-08-14,Combined Max-Sharpe + Sentiment,0.015451835860118257
2023-08-15,Combined Max-Sharpe + Sentiment,-0.009943165851419949
2023-08-16,Combined Max-Sharpe + Sentiment,-0.009138682847972911
2023-08-17,Combined Max-Sharpe + Sentiment,-0.02383248927069552
2023-08-18,Combined Max-Sharpe + Sentiment,0.0036710396381777876
2023-08-21,Combined Max-Sharpe + Sentiment,0.009697860113690272
2023-08-22,Combined Max-Sharpe + Sentiment,-0.010926454716642562
2023-08-23,Combined Max-Sharpe + Sentiment,0.023605837309652156
2023-08-24,Combined Max-Sharpe + Sentiment,-0.015468424759456041
2023-08-25,Combined Max-Sharpe + Sentiment,0.003029723400445992
2023-08-28,Combined Max-Sharpe + Sentiment,0.006495615441790594
2023-08-29,Combined Max-Sharpe + Sentiment,0.022576107267036537
2023-08-30,Combined Max-Sharpe + Sentiment,-0.0038943597706462925
2023-08-31,Combined Max-Sharpe + Sentiment,-0.0063959046687458495
2023-09-01,Combined Max-Sharpe + Sentiment,-0.002442898145513907
2023-09-05,Combined Max-Sharpe + Sentiment,-0.011026745012817982
2023-09-06,Combined Max-Sharpe + Sentiment,-0.009530559622568345
2023-09-07,Combined Max-Sharpe + Sentiment,-0.0024811791848921576
2023-09-08,Combined Max-Sharpe + Sentiment,-0.0019954284560160795
2023-09-11,Combined Max-Sharpe + Sentiment,0.002954603928914698
2023-09-12,Combined Max-Sharpe + Sentiment,0.005690973513908305
2023-09-13,Combined Max-Sharpe + Sentiment,-0.005872260698873468
2023-09-14,Combined Max-Sharpe + Sentiment,0.012205273446727685
2023-09-15,Combined Max-Sharpe + Sentiment,-0.010261659531509211
2023-09-18,Combined Max-Sharpe + Sentiment,0.00708800645789
2023-09-19,Combined Max-Sharpe + Sentiment,-0.004511772777711576
2023-09-20,Combined Max-Sharpe + Sentiment,-0.011737420753984176
2023-09-21,Combined Max-Sharpe + Sentiment,-0.01696909155764928
2023-09-22,Combined Max-Sharpe + Sentiment,-0.0031361198919919787
2023-09-25,Combined Max-Sharpe + Sentiment,0.006064336643395858
2023-09-26,Combined Max-Sharpe + Sentiment,-0.009470502497633098
2023-09-27,Combined Max-Sharpe + Sentiment,0.005276179675206121
2023-09-28,Combined Max-Sharpe + Sentiment,0.011164599725754822
2023-09-29,Combined Max-Sharpe + Sentiment,-0.010510022236086066
2023-10-02,Combined Max-Sharpe + Sentiment,-0.0015762401500627205
2023-10-03,Combined Max-Sharpe + Sentiment,-0.011683567244833945
2023-10-04,Combined Max-Sharpe + Sentiment,0.004090452797227457
2023-10-05,Combined Max-Sharpe + Sentiment,0.0034495681800187626
2023-10-06,Combined Max-Sharpe + Sentiment,0.01875104439569925
2023-10-09,Combined Max-Sharpe + Sentiment,-0.005597591829061865
2023-10-10,Combined Max-Sharpe + Sentiment,0.004434585582938633
2023-10-11,Combined Max-Sharpe + Sentiment,0.016355109978801532
2023-10-12,Combined Max-Sharpe + Sentiment,-0.007513583078776886
2023-10-13,Combined Max-Sharpe + Sentiment,-0.01328226231136054
2023-10-16,Combined Max-Sharpe + Sentiment,0.007016056914738512
2023-10-17,Combined Max-Sharpe + Sentiment,-0.00741232080981845
2023-10-18,Combined Max-Sharpe + Sentiment,-0.02229147115899742
2023-10-19,Combined Max-Sharpe + Sentiment,-0.007165942809754978
2023-10-20,Combined Max-Sharpe + Sentiment,-0.001754787157168052
2023-10-23,Combined Max-Sharpe + Sentiment,0.01262242272804258
2023-10-24,Combined Max-Sharpe + Sentiment,0.03424956971786575
2023-10-25,Combined Max-Sharpe + Sentiment,-0.01956153791305077
2023-10-26,Combined Max-Sharpe + Sentiment,-0.017265698544874426
2023-10-27,Combined Max-Sharpe + Sentiment,-0.01891687322916694
2023-10-30,Combined Max-Sharpe + Sentiment,0.018393920933967307
2023-10-31,Combined Max-Sharpe + Sentiment,-0.011509506786278654
2023-11-01,Combined Max-Sharpe + Sentiment,0.003912888774311286
2023-11-02,Combined Max-Sharpe + Sentiment,0.0091463994803584
2023-11-03,Combined Max-Sharpe + Sentiment,0.014275569390636561
2023-11-06,Combined Max-Sharpe + Sentiment,0.015858960831234094
2023-11-07,Combined Max-Sharpe + Sentiment,0.001325781970032253
2023-11-08,Combined Max-Sharpe + Sentiment,0.009640313778580266
2023-11-09,Combined Max-Sharpe + Sentiment,-0.005565993865716868
2023-11-10,Combined Max-Sharpe + Sentiment,0.01733897114383968
2023-11-13,Combined Max-Sharpe + Sentiment,0.003320457938608893
2023-11-14,Combined Max-Sharpe + Sentiment,0.010054217243889845
2023-11-15,Combined Max-Sharpe + Sentiment,-0.0034749660812245352
2023-11-16,Combined Max-Sharpe + Sentiment,0.0001374023523149764
2023-11-17,Combined Max-Sharpe + Sentiment,0.0002684310972297949
2023-11-20,Combined Max-Sharpe + Sentiment,0.005862057869854499
2023-11-21,Combined Max-Sharpe + Sentiment,-0.007118755709616764
2023-11-22,Combined Max-Sharpe + Sentiment,-0.006137988865998139
2023-11-24,Combined Max-Sharpe + Sentiment,-0.0017643380179825786
2023-11-27,Combined Max-Sharpe + Sentiment,0.00103918579216035
2023-11-28,Combined Max-Sharpe + Sentiment,-0.0053414754796353575
2023-11-29,Combined Max-Sharpe + Sentiment,0.00016752191303102777
2023-11-30,Combined Max-Sharpe + Sentiment,0.0018471839237340618
2023-12-01,Combined Max-Sharpe + Sentiment,0.003970473624482878
2023-12-04,Combined Max-Sharpe + Sentiment,-0.00025644462503922777
2023-12-05,Combined Max-Sharpe + Sentiment,0.004831501274979959
2023-12-06,Combined Max-Sharpe + Sentiment,-0.009128962201344824
2023-12-07,Combined Max-Sharpe + Sentiment,0.004751737504687652
2023-12-08,Combined Max-Sharpe + Sentiment,0.012685237231500276
2023-12-11,Combined Max-Sharpe + Sentiment,-0.01409110212864543
2023-12-12,Combined Max-Sharpe + Sentiment,0.013264166501991841
2023-12-13,Combined Max-Sharpe + Sentiment,0.0030482820559670568
2023-12-14,Combined Max-Sharpe + Sentiment,-0.0035709536904259937
2023-12-15,Combined Max-Sharpe + Sentiment,0.0027351934536872786
2023-12-18,Combined Max-Sharpe + Sentiment,0.012473287038367132
2023-12-19,Combined Max-Sharpe + Sentiment,0.006686831492100706
2023-12-20,Combined Max-Sharpe + Sentiment,-0.012449413378230155
2023-12-21,Combined Max-Sharpe + Sentiment,0.019827591307511112
2023-12-22,Combined Max-Sharpe + Sentiment,0.0005726173365841267
2023-12-26,Combined Max-Sharpe + Sentiment,0.0008830539734014023
2023-12-27,Combined Max-Sharpe + Sentiment,0.014581367041379405
2023-12-28,Combined Max-Sharpe + Sentiment,-0.0015683994474743252
2023-12-29,Combined Max-Sharpe + Sentiment,-0.00593283619663397
