date,sector,sentiment
2020-01-02,Comm,
2020-01-03,Comm,0.10897499999999999
2020-01-06,Comm,0.135575
2020-01-07,Comm,0.20029305555555554
2020-01-08,Comm,0.33276666666666666
2020-01-09,Comm,0.22404875000000002
2020-01-10,Comm,0.08382
2020-01-13,Comm,0.03584583333333334
2020-01-14,Comm,0.047104166666666676
2020-01-15,Comm,0.0863
2020-01-16,Comm,0.0006972222222222194
2020-01-17,Comm,0.1636125
2020-01-21,Comm,0.0634
2020-01-22,Comm,0.04364285714285715
2020-01-23,Comm,0.18275
2020-01-24,Comm,0.28959685714285716
2020-01-27,Comm,0.12556507575757575
2020-01-28,Comm,-0.03477954545454546
2020-01-29,Comm,0.04588500000000001
2020-01-30,Comm,0.38805125
2020-01-31,Comm,-0.013312499999999998
2020-02-03,Comm,-0.225825
2020-02-04,Comm,0.1068625
2020-02-05,Comm,0.1291065
2020-02-06,Comm,-0.008172916666666662
2020-02-07,Comm,0.10149428571428572
2020-02-10,Comm,0.04096999999999999
2020-02-11,Comm,0.07411875
2020-02-12,Comm,-0.010393823529411747
2020-02-13,Comm,0.16301888888888888
2020-02-14,Comm,0.1201245238095238
2020-02-18,Comm,0.6249
2020-02-19,Comm,0.03086833333333334
2020-02-20,Comm,0.18420416666666664
2020-02-21,Comm,0.06464166666666667
2020-02-24,Comm,-0.044972222222222226
2020-02-25,Comm,0.04713888888888889
2020-02-26,Comm,0.20084444444444446
2020-02-27,Comm,0.15698333333333334
2020-02-28,Comm,0.164925
2020-03-02,Comm,-0.08795857142857141
2020-03-03,Comm,0.1772875
2020-03-04,Comm,0.06708499999999999
2020-03-05,Comm,0.12637083333333332
2020-03-06,Comm,0.20370166666666667
2020-03-09,Comm,0.1845625
2020-03-10,Comm,0.0138625
2020-03-11,Comm,-0.061939999999999995
2020-03-12,Comm,-0.09157499999999999
2020-03-13,Comm,-0.08209999999999999
2020-03-16,Comm,0.060345
2020-03-17,Comm,-0.08564124999999999
2020-03-18,Comm,0.07967416666666666
2020-03-19,Comm,0.147345
2020-03-20,Comm,0.05435833333333333
2020-03-23,Comm,-0.008524999999999996
2020-03-24,Comm,0.16042920779220776
2020-03-25,Comm,0.2699409523809524
2020-03-26,Comm,0.2209026666666667
2020-03-27,Comm,0.12920166666666666
2020-03-30,Comm,0.21216222222222225
2020-03-31,Comm,0.2864925
2020-04-01,Comm,0.2708055555555556
2020-04-02,Comm,0.093525
2020-04-03,Comm,-0.09556
2020-04-06,Comm,0.2131947619047619
2020-04-07,Comm,0.3880041666666667
2020-04-08,Comm,0.20305340909090908
2020-04-09,Comm,0.16489666666666666
2020-04-13,Comm,-0.0018883333333333308
2020-04-14,Comm,-0.15928444444444445
2020-04-15,Comm,0.27127309523809523
2020-04-16,Comm,0.1547541666666667
2020-04-17,Comm,0.28709375000000004
2020-04-20,Comm,0.07999916666666666
2020-04-21,Comm,0.08840624999999999
2020-04-22,Comm,0.11483333333333334
2020-04-23,Comm,0.257825
2020-04-24,Comm,0.14000277777777778
2020-04-27,Comm,0.01891136363636364
2020-04-28,Comm,0.08147666666666667
2020-04-29,Comm,0.1860182828282828
2020-04-30,Comm,0.13907777777777777
2020-05-01,Comm,0.0762109375
2020-05-04,Comm,-0.12954791666666665
2020-05-05,Comm,0.12881185185185184
2020-05-06,Comm,0.12856
2020-05-07,Comm,-0.03402583333333334
2020-05-08,Comm,0.13782583333333334
2020-05-11,Comm,0.3100133333333333
2020-05-12,Comm,0.12894285714285716
2020-05-13,Comm,0.08502099999999999
2020-05-14,Comm,0.02526666666666666
2020-05-15,Comm,0.1712533333333333
2020-05-18,Comm,0.17463
2020-05-19,Comm,0.14646866666666666
2020-05-20,Comm,0.11324733333333334
2020-05-21,Comm,0.02862866666666667
2020-05-22,Comm,0.096352
2020-05-26,Comm,0.015080000000000005
2020-05-27,Comm,0.16769333333333333
2020-05-28,Comm,0.18075000000000002
2020-05-29,Comm,0.09534436363636364
2020-06-01,Comm,0.12601250000000003
2020-06-02,Comm,0.15972342857142857
2020-06-03,Comm,0.28929444444444447
2020-06-04,Comm,-0.07269666666666666
2020-06-05,Comm,0.141095
2020-06-08,Comm,0.11103666666666664
2020-06-09,Comm,-0.1130925
2020-06-10,Comm,-0.04635000000000001
2020-06-11,Comm,0.011962500000000015
2020-06-12,Comm,-0.0021876190476190467
2020-06-15,Comm,0.11055555555555556
2020-06-16,Comm,0.022516666666666657
2020-06-17,Comm,0.09305
2020-06-18,Comm,0.12398500000000001
2020-06-19,Comm,0.01951625
2020-06-22,Comm,0.15536666666666665
2020-06-23,Comm,0.17502083333333332
2020-06-24,Comm,0.1977888888888889
2020-06-25,Comm,0.15915353535353535
2020-06-26,Comm,0.11716444444444445
2020-06-29,Comm,0.36275
2020-06-30,Comm,0.020961025641025643
2020-07-01,Comm,0.1538904761904762
2020-07-02,Comm,-0.0343
2020-07-06,Comm,-0.014825
2020-07-07,Comm,0.2043583333333333
2020-07-08,Comm,0.08076000000000001
2020-07-09,Comm,-0.123225
2020-07-10,Comm,0.1639125
2020-07-13,Comm,0.0
2020-07-14,Comm,0.07103333333333334
2020-07-15,Comm,0.04039642857142857
2020-07-16,Comm,0.10915833333333333
2020-07-17,Comm,0.19680833333333334
2020-07-20,Comm,-0.46715
2020-07-21,Comm,0.06828333333333332
2020-07-22,Comm,0.24298000000000003
2020-07-23,Comm,0.09405
2020-07-24,Comm,-0.17747083333333333
2020-07-27,Comm,0.124290625
2020-07-28,Comm,0.1796
2020-07-29,Comm,0.22201500000000002
2020-07-30,Comm,0.024543750000000003
2020-07-31,Comm,0.09788833333333333
2020-08-03,Comm,0.20481666666666665
2020-08-04,Comm,0.24238400000000002
2020-08-05,Comm,0.14336
2020-08-06,Comm,0.3156458333333333
2020-08-07,Comm,0.2948809523809524
2020-08-10,Comm,0.11467179487179487
2020-08-11,Comm,0.26528333333333337
2020-08-12,Comm,0.1579111111111111
2020-08-13,Comm,0.13904999999999998
2020-08-14,Comm,0.074
2020-08-17,Comm,-0.07955
2020-08-18,Comm,0.12658666666666668
2020-08-19,Comm,0.12132666666666667
2020-08-20,Comm,0.0
2020-08-21,Comm,0.129875
2020-08-24,Comm,0.05934444444444444
2020-08-25,Comm,-0.03465000000000001
2020-08-26,Comm,0.041666666666666664
2020-08-27,Comm,0.12346499999999999
2020-08-28,Comm,0.10115
2020-08-31,Comm,0.23409583333333334
2020-09-01,Comm,0.1672111111111111
2020-09-02,Comm,0.14038333333333333
2020-09-03,Comm,0.2509888888888889
2020-09-04,Comm,0.09808095238095238
2020-09-08,Comm,0.2715916666666667
2020-09-09,Comm,0.27995000000000003
2020-09-10,Comm,0.19863333333333333
2020-09-11,Comm,0.011675000000000019
2020-09-14,Comm,-0.007366666666666667
2020-09-15,Comm,0.03878611111111112
2020-09-16,Comm,0.047488888888888886
2020-09-17,Comm,0.08045
2020-09-18,Comm,0.2514111111111111
2020-09-21,Comm,0.03440625
2020-09-22,Comm,0.098096875
2020-09-23,Comm,0.30411666666666665
2020-09-24,Comm,0.187175
2020-09-25,Comm,0.19109500000000001
2020-09-28,Comm,-0.145725
2020-09-29,Comm,0.192781875
2020-09-30,Comm,0.0593
2020-10-01,Comm,0.22197499999999998
2020-10-02,Comm,0.01236111111111112
2020-10-05,Comm,-0.16215
2020-10-06,Comm,0.12076250000000001
2020-10-07,Comm,0.09443750000000001
2020-10-08,Comm,0.3819
2020-10-09,Comm,-0.14352333333333334
2020-10-12,Comm,0.17659107142857144
2020-10-13,Comm,-0.03122020202020202
2020-10-14,Comm,-0.15122857142857143
2020-10-15,Comm,0.22808200000000003
2020-10-16,Comm,0.36173333333333335
2020-10-19,Comm,0.016958333333333315
2020-10-20,Comm,0.2748366666666667
2020-10-21,Comm,0.0
2020-10-22,Comm,0.05586666666666666
2020-10-23,Comm,0.02915833333333333
2020-10-26,Comm,0.37055625
2020-10-27,Comm,0.21149057142857144
2020-10-28,Comm,0.0
2020-10-29,Comm,0.12582333333333331
2020-10-30,Comm,0.18925799999999998
2020-11-02,Comm,0.18485
2020-11-03,Comm,0.06413833333333332
2020-11-04,Comm,-0.06955933333333333
2020-11-05,Comm,0.11277666666666665
2020-11-06,Comm,0.010704333333333326
2020-11-09,Comm,0.08484982843137254
2020-11-10,Comm,0.22620761904761905
2020-11-11,Comm,0.02692500000000001
2020-11-12,Comm,-0.12654375
2020-11-13,Comm,0.18617499999999998
2020-11-16,Comm,0.14494166666666666
2020-11-17,Comm,0.125346
2020-11-18,Comm,0.14484
2020-11-19,Comm,0.008979999999999998
2020-11-20,Comm,0.34
2020-11-23,Comm,-0.07943
2020-11-24,Comm,0.057544444444444454
2020-11-25,Comm,0.12386666666666668
2020-11-27,Comm,0.10638
2020-11-30,Comm,0.2934333333333333
2020-12-01,Comm,0.10057777777777778
2020-12-02,Comm,0.1101
2020-12-03,Comm,-0.24695
2020-12-04,Comm,0.030850000000000013
2020-12-07,Comm,0.15112142857142857
2020-12-08,Comm,0.0659037037037037
2020-12-09,Comm,0.11583939393939395
2020-12-10,Comm,0.38145625
2020-12-11,Comm,0.19042187500000002
2020-12-14,Comm,0.06066428571428571
2020-12-15,Comm,0.07256205357142857
2020-12-16,Comm,0.2356892857142857
2020-12-17,Comm,0.0
2020-12-18,Comm,0.1568375
2020-12-21,Comm,0.00801
2020-12-22,Comm,0.08946166666666668
2020-12-23,Comm,-0.007149999999999994
2020-12-24,Comm,0.0677875
2020-12-28,Comm,0.08195000000000001
2020-12-29,Comm,0.1602785714285714
2020-12-30,Comm,0.16933333333333334
2020-12-31,Comm,0.1531
2021-01-04,Comm,0.10063174603174603
2021-01-05,Comm,0.028
2021-01-06,Comm,0.06041166666666666
2021-01-07,Comm,0.18533619047619046
2021-01-08,Comm,0.16188
2021-01-11,Comm,0.0
2021-01-12,Comm,0.27421249999999997
2021-01-13,Comm,-0.08344166666666668
2021-01-14,Comm,-0.05616249999999999
2021-01-15,Comm,0.05734
2021-01-19,Comm,0.22091666666666665
2021-01-20,Comm,0.14229999999999998
2021-01-21,Comm,-0.25
2021-01-22,Comm,-0.05456833333333334
2021-01-25,Comm,0.13025833333333334
2021-01-26,Comm,0.0754752380952381
2021-01-27,Comm,0.08176904761904763
2021-01-28,Comm,0.05935499999999999
2021-01-29,Comm,0.258078125
2021-02-01,Comm,0.058776666666666665
2021-02-02,Comm,0.41345333333333334
2021-02-03,Comm,0.12638333333333335
2021-02-04,Comm,0.08353333333333335
2021-02-05,Comm,0.05733541666666665
2021-02-08,Comm,0.068705
2021-02-09,Comm,-0.021148333333333335
2021-02-10,Comm,0.03428035714285715
2021-02-11,Comm,-0.039642222222222225
2021-02-12,Comm,0.10321500000000002
2021-02-16,Comm,0.3825
2021-02-17,Comm,-0.04780666666666668
2021-02-18,Comm,-0.012877777777777774
2021-02-19,Comm,0.19733333333333333
2021-02-22,Comm,0.159
2021-02-23,Comm,0.18444
2021-02-24,Comm,0.24614444444444442
2021-02-25,Comm,-0.023973214285714278
2021-02-26,Comm,-0.047411111111111105
2021-03-01,Comm,0.11541666666666665
2021-03-02,Comm,0.021162500000000004
2021-03-03,Comm,0.2687
2021-03-04,Comm,0.0707825
2021-03-05,Comm,0.1925
2021-03-08,Comm,0.09378133333333333
2021-03-09,Comm,-0.068966
2021-03-10,Comm,0.193225
2021-03-11,Comm,0.12676874999999999
2021-03-12,Comm,0.17532666666666666
2021-03-15,Comm,0.1957607142857143
2021-03-16,Comm,0.10842291666666667
2021-03-17,Comm,0.06454666666666667
2021-03-18,Comm,0.09657333333333333
2021-03-19,Comm,-0.00976666666666666
2021-03-22,Comm,0.11760666666666668
2021-03-23,Comm,-0.004141666666666666
2021-03-24,Comm,0.055409999999999994
2021-03-25,Comm,0.2311875
2021-03-26,Comm,-0.003094999999999998
2021-03-29,Comm,0.1821125
2021-03-30,Comm,0.1491208333333333
2021-03-31,Comm,0.12904583333333333
2021-04-01,Comm,-0.03777777777777778
2021-04-05,Comm,0.0979925
2021-04-06,Comm,0.2439291666666667
2021-04-07,Comm,0.15662380952380953
2021-04-08,Comm,0.04215
2021-04-09,Comm,0.19178
2021-04-12,Comm,0.0750825
2021-04-13,Comm,-0.18526666666666666
2021-04-14,Comm,0.32824000000000003
2021-04-15,Comm,0.16172
2021-04-16,Comm,0.027225
2021-04-19,Comm,0.2452
2021-04-20,Comm,-0.03251875
2021-04-21,Comm,0.006192857142857141
2021-04-22,Comm,-0.021542592592592575
2021-04-23,Comm,0.1499131313131313
2021-04-26,Comm,0.22706833333333334
2021-04-27,Comm,-0.03200416666666667
2021-04-28,Comm,0.05184074074074074
2021-04-29,Comm,0.26963333333333334
2021-04-30,Comm,0.19604625
2021-05-03,Comm,0.17981111111111112
2021-05-04,Comm,0.16592333333333334
2021-05-05,Comm,0.31026750000000003
2021-05-06,Comm,0.21804500000000002
2021-05-07,Comm,-0.07325
2021-05-10,Comm,0.10294166666666665
2021-05-11,Comm,-0.11144033333333334
2021-05-12,Comm,0.18919999999999998
2021-05-13,Comm,0.07767333333333334
2021-05-14,Comm,0.0
2021-05-17,Comm,0.0
2021-05-18,Comm,0.04368264957264957
2021-05-19,Comm,0.007784666666666662
2021-05-20,Comm,0.18881
2021-05-21,Comm,0.109577
2021-05-24,Comm,0.3443428571428572
2021-05-25,Comm,-0.022450000000000005
2021-05-26,Comm,0.3031625
2021-05-27,Comm,0.06474761904761905
2021-05-28,Comm,0.14305600000000002
2021-06-01,Comm,0.40890366666666667
2021-06-02,Comm,0.18815
2021-06-03,Comm,0.12601
2021-06-04,Comm,0.17678333333333335
2021-06-07,Comm,0.295435
2021-06-08,Comm,0.20183
2021-06-09,Comm,0.3534083333333333
2021-06-10,Comm,0.0
2021-06-11,Comm,0.06415371428571429
2021-06-14,Comm,0.3897083333333334
2021-06-15,Comm,0.12615833333333334
2021-06-16,Comm,0.09738
2021-06-17,Comm,0.280775
2021-06-18,Comm,0.39725000000000005
2021-06-21,Comm,0.0
2021-06-22,Comm,0.2879
2021-06-23,Comm,-0.26925
2021-06-24,Comm,-0.004465833333333332
2021-06-25,Comm,-0.14797916666666666
2021-06-28,Comm,0.12828333333333333
2021-06-29,Comm,0.241345
2021-06-30,Comm,0.2202
2021-07-01,Comm,0.2895378787878788
2021-07-02,Comm,0.2745375
2021-07-06,Comm,0.0216
2021-07-07,Comm,0.05084444444444444
2021-07-08,Comm,0.07976000000000001
2021-07-09,Comm,0.205775
2021-07-12,Comm,0.3075888888888889
2021-07-13,Comm,0.09792500000000001
2021-07-14,Comm,0.018480000000000007
2021-07-15,Comm,0.028333333333333335
2021-07-16,Comm,-0.08576666666666666
2021-07-19,Comm,0.04277666666666667
2021-07-20,Comm,0.27175666666666665
2021-07-21,Comm,0.19018000000000002
2021-07-22,Comm,-0.027524999999999994
2021-07-23,Comm,0.215278125
2021-07-26,Comm,0.12430972222222222
2021-07-27,Comm,0.09193000000000001
2021-07-28,Comm,0.10033333333333334
2021-07-29,Comm,0.06511666666666667
2021-07-30,Comm,0.217265873015873
2021-08-02,Comm,0.03771666666666667
2021-08-03,Comm,0.020129166666666663
2021-08-04,Comm,0.13180583333333334
2021-08-05,Comm,0.1047625
2021-08-06,Comm,0.03972916666666667
2021-08-09,Comm,0.1497875
2021-08-10,Comm,0.14785666666666666
2021-08-11,Comm,0.08585833333333334
2021-08-12,Comm,-0.059833333333333315
2021-08-13,Comm,0.29905333333333334
2021-08-16,Comm,0.23151666666666668
2021-08-17,Comm,0.055074107142857154
2021-08-18,Comm,0.159375
2021-08-19,Comm,0.009604464285714279
2021-08-20,Comm,0.082035
2021-08-23,Comm,0.034716666666666667
2021-08-24,Comm,0.21510166666666666
2021-08-25,Comm,0.34207777777777776
2021-08-26,Comm,0.33525
2021-08-27,Comm,0.23911666666666664
2021-08-30,Comm,0.4492125
2021-08-31,Comm,0.14634750000000002
2021-09-01,Comm,0.08131666666666666
2021-09-02,Comm,0.08131666666666666
2021-09-03,Comm,0.05425
2021-09-07,Comm,0.31587777777777776
2021-09-08,Comm,0.3721733333333333
2021-09-09,Comm,0.16150208333333332
2021-09-10,Comm,-0.10777657142857144
2021-09-13,Comm,0.052357499999999994
2021-09-14,Comm,0.24411571428571427
2021-09-15,Comm,0.12943541666666666
2021-09-16,Comm,0.007855000000000001
2021-09-17,Comm,0.041041666666666664
2021-09-20,Comm,0.06530428571428572
2021-09-21,Comm,0.3034075757575757
2021-09-22,Comm,0.10283333333333333
2021-09-23,Comm,0.08342400000000001
2021-09-24,Comm,0.08484
2021-09-27,Comm,-0.04069999999999999
2021-09-28,Comm,0.19863750000000002
2021-09-29,Comm,0.14769300000000002
2021-09-30,Comm,-0.06775
2021-10-01,Comm,0.09168666666666665
2021-10-04,Comm,0.20576250000000001
2021-10-05,Comm,0.018139999999999996
2021-10-06,Comm,-0.005649999999999999
2021-10-07,Comm,0.026670833333333335
2021-10-08,Comm,0.23674166666666668
2021-10-11,Comm,0.0718375
2021-10-12,Comm,0.18658333333333332
2021-10-13,Comm,0.3031833333333333
2021-10-14,Comm,-0.1746777777777778
2021-10-15,Comm,-0.0017416666666666598
2021-10-18,Comm,0.40364999999999995
2021-10-19,Comm,0.28504999999999997
2021-10-20,Comm,0.08238333333333334
2021-10-21,Comm,0.10126666666666667
2021-10-22,Comm,0.021990000000000006
2021-10-25,Comm,0.22868333333333335
2021-10-26,Comm,0.46004500000000004
2021-10-27,Comm,0.2707571428571428
2021-10-28,Comm,0.28475
2021-10-29,Comm,0.11359166666666666
2021-11-01,Comm,0.230325
2021-11-02,Comm,0.12747500000000003
2021-11-03,Comm,0.2225516666666667
2021-11-04,Comm,0.1482205
2021-11-05,Comm,0.13950533333333331
2021-11-08,Comm,0.22353333333333333
2021-11-09,Comm,-0.17852
2021-11-10,Comm,0.06804166666666667
2021-11-11,Comm,0.01097777777777779
2021-11-12,Comm,0.13193333333333335
2021-11-15,Comm,0.11730833333333332
2021-11-16,Comm,0.129412
2021-11-17,Comm,0.025374999999999998
2021-11-18,Comm,-0.003999999999999999
2021-11-19,Comm,0.09115
2021-11-22,Comm,0.0540625
2021-11-23,Comm,0.16104583333333333
2021-11-24,Comm,0.13581400000000002
2021-11-26,Comm,0.14984375
2021-11-29,Comm,-0.15699999999999997
2021-11-30,Comm,-0.14930000000000002
2021-12-01,Comm,0.10285
2021-12-02,Comm,0.24037916666666667
2021-12-03,Comm,-0.064
2021-12-06,Comm,-0.022783333333333336
2021-12-07,Comm,0.07473611111111111
2021-12-08,Comm,0.23801666666666668
2021-12-09,Comm,0.2553625
2021-12-10,Comm,0.020958333333333332
2021-12-13,Comm,0.15510666666666667
2021-12-14,Comm,0.040465
2021-12-15,Comm,0.07332222222222222
2021-12-16,Comm,0.12249
2021-12-17,Comm,0.22269250000000002
2021-12-20,Comm,-0.08777499999999999
2021-12-21,Comm,0.25796
2021-12-22,Comm,0.07462812499999999
2021-12-23,Comm,0.37911666666666666
2021-12-27,Comm,0.13687555555555556
2021-12-28,Comm,0.3391571428571428
2021-12-29,Comm,0.07275
2021-12-30,Comm,0.033716666666666666
2021-12-31,Comm,0.1517133333333333
2022-01-03,Comm,-0.01471111111111112
2022-01-04,Comm,0.20416153846153845
2022-01-05,Comm,0.26890000000000003
2022-01-06,Comm,0.20563125
2022-01-07,Comm,0.261374
2022-01-10,Comm,0.133331
2022-01-11,Comm,0.11858732142857142
2022-01-12,Comm,0.080425
2022-01-13,Comm,0.09495733333333334
2022-01-14,Comm,0.16246333333333335
2022-01-18,Comm,0.07372666666666668
2022-01-19,Comm,-0.312655
2022-01-20,Comm,0.07857666666666667
2022-01-21,Comm,0.47561919191919194
2022-01-24,Comm,0.2774
2022-01-25,Comm,0.13357222222222223
2022-01-26,Comm,-0.0034541666666666644
2022-01-27,Comm,0.34299176470588233
2022-01-28,Comm,0.17112559523809523
2022-01-31,Comm,-0.142852
2022-02-01,Comm,0.138474
2022-02-02,Comm,0.031966666666666664
2022-02-03,Comm,0.14427571428571428
2022-02-04,Comm,0.16845142857142859
2022-02-07,Comm,0.041616
2022-02-08,Comm,0.21352466666666667
2022-02-09,Comm,0.10097833333333335
2022-02-10,Comm,0.256076
2022-02-11,Comm,0.5354958333333334
2022-02-14,Comm,0.014603333333333334
2022-02-15,Comm,0.18856933333333334
2022-02-16,Comm,0.25224500000000005
2022-02-17,Comm,0.10115
2022-02-18,Comm,0.21689285714285714
2022-02-22,Comm,0.10606666666666666
2022-02-23,Comm,-0.11299999999999999
2022-02-24,Comm,-0.164925
2022-02-25,Comm,0.20576666666666665
2022-02-28,Comm,0.1356
2022-03-01,Comm,0.24214861111111113
2022-03-02,Comm,0.05462499999999999
2022-03-03,Comm,0.21821
2022-03-04,Comm,0.0028320000000000125
2022-03-07,Comm,0.08629999999999999
2022-03-08,Comm,0.06970416666666666
2022-03-09,Comm,0.07745555555555554
2022-03-10,Comm,0.117402
2022-03-11,Comm,0.09800833333333334
2022-03-14,Comm,0.06465833333333333
2022-03-15,Comm,0.163575
2022-03-16,Comm,0.1897825
2022-03-17,Comm,0.0683
2022-03-18,Comm,-0.11934166666666665
2022-03-21,Comm,0.28582
2022-03-22,Comm,0.11884750000000001
2022-03-23,Comm,-0.22262777777777776
2022-03-24,Comm,0.13975625
2022-03-25,Comm,0.2101125
2022-03-28,Comm,-0.4215
2022-03-29,Comm,0.23035166666666665
2022-03-30,Comm,0.06619166666666668
2022-03-31,Comm,0.10206666666666668
2022-04-01,Comm,0.181775
2022-04-04,Comm,0.05093333333333334
2022-04-05,Comm,0.18476875
2022-04-06,Comm,-0.069578
2022-04-07,Comm,0.021333333333333333
2022-04-08,Comm,0.002922916666666664
2022-04-11,Comm,0.0839
2022-04-12,Comm,0.0748892156862745
2022-04-13,Comm,0.3672380952380952
2022-04-14,Comm,0.2653770833333333
2022-04-18,Comm,-0.09251999999999999
2022-04-19,Comm,0.07100866666666668
2022-04-20,Comm,-0.03867466666666666
2022-04-21,Comm,0.2603666666666667
2022-04-22,Comm,0.21618776315789476
2022-04-25,Comm,0.048340476190476184
2022-04-26,Comm,0.10140333333333333
2022-04-27,Comm,0.3665425
2022-04-28,Comm,0.11913482142857143
2022-04-29,Comm,0.11127666666666666
2022-05-02,Comm,0.14281375
2022-05-03,Comm,0.121806
2022-05-04,Comm,-0.02558333333333333
2022-05-05,Comm,-0.013600000000000001
2022-05-06,Comm,-0.012974999999999987
2022-05-09,Comm,0.21596366666666666
2022-05-10,Comm,-0.11281
2022-05-11,Comm,0.05671607142857142
2022-05-12,Comm,0.08407666666666669
2022-05-13,Comm,0.044885
2022-05-16,Comm,0.24063333333333334
2022-05-17,Comm,0.07973333333333334
2022-05-18,Comm,0.03013933333333333
2022-05-19,Comm,-0.021075
2022-05-20,Comm,0.07331666666666668
2022-05-23,Comm,0.19921000000000003
2022-05-24,Comm,0.030655
2022-05-25,Comm,0.039262
2022-05-26,Comm,0.20104285714285713
2022-05-27,Comm,0.21776
2022-05-31,Comm,0.10616041666666666
2022-06-01,Comm,0.18744444444444444
2022-06-02,Comm,0.36860000000000004
2022-06-03,Comm,-0.07633000000000001
2022-06-06,Comm,0.05561083333333334
2022-06-07,Comm,0.02796333333333333
2022-06-08,Comm,0.2667
2022-06-09,Comm,0.31982
2022-06-10,Comm,0.08032133333333333
2022-06-13,Comm,-0.031369999999999995
2022-06-14,Comm,0.09076999999999999
2022-06-15,Comm,0.269084375
2022-06-16,Comm,0.040440000000000004
2022-06-17,Comm,0.022036666666666666
2022-06-21,Comm,0.1711825
2022-06-22,Comm,-0.020066666666666667
2022-06-23,Comm,0.137575
2022-06-24,Comm,0.04513555555555556
2022-06-27,Comm,-0.03716
2022-06-28,Comm,0.12203750000000001
2022-06-29,Comm,0.1445875
2022-06-30,Comm,0.013112499999999997
2022-07-01,Comm,0.1959216666666667
2022-07-05,Comm,0.39085000000000003
2022-07-06,Comm,0.07589666666666665
2022-07-07,Comm,-0.224075
2022-07-08,Comm,0.0
2022-07-11,Comm,0.07390833333333334
2022-07-12,Comm,0.15953333333333333
2022-07-13,Comm,0.16039333333333333
2022-07-14,Comm,-0.07145000000000001
2022-07-15,Comm,0.06961666666666667
2022-07-18,Comm,-0.2511333333333333
2022-07-19,Comm,0.06507455357142858
2022-07-20,Comm,0.2507375
2022-07-21,Comm,-0.08917291666666666
2022-07-22,Comm,0.16504833333333332
2022-07-25,Comm,0.08944500000000001
2022-07-26,Comm,-0.022425
2022-07-27,Comm,0.09194999999999999
2022-07-28,Comm,0.09933333333333333
2022-07-29,Comm,-0.023025925925925922
2022-08-01,Comm,0.180675
2022-08-02,Comm,0.08586805555555556
2022-08-03,Comm,0.08440625
2022-08-04,Comm,0.030709999999999987
2022-08-05,Comm,0.12567916666666665
2022-08-08,Comm,0.20050416666666665
2022-08-09,Comm,-0.23792999999999997
2022-08-10,Comm,0.1256625
2022-08-11,Comm,0.17748999999999998
2022-08-12,Comm,0.06849000000000001
2022-08-15,Comm,0.11583333333333334
2022-08-16,Comm,0.08424833333333334
2022-08-17,Comm,0.12108055555555557
2022-08-18,Comm,-0.061241666666666666
2022-08-19,Comm,0.005662499999999999
2022-08-22,Comm,-0.23604375
2022-08-23,Comm,0.21372
2022-08-24,Comm,0.224125
2022-08-25,Comm,0.13018666666666664
2022-08-26,Comm,0.04749722222222222
2022-08-29,Comm,-0.09628083333333334
2022-08-30,Comm,0.157895
2022-08-31,Comm,-0.26335
2022-09-01,Comm,0.16837
2022-09-02,Comm,0.04765833333333333
2022-09-06,Comm,0.159225
2022-09-07,Comm,0.29141666666666666
2022-09-08,Comm,0.10048690476190479
2022-09-09,Comm,0.24255104761904764
2022-09-12,Comm,-0.028329999999999987
2022-09-13,Comm,0.08731071428571428
2022-09-14,Comm,0.018545000000000002
2022-09-15,Comm,0.106495
2022-09-16,Comm,0.12904166666666667
2022-09-19,Comm,0.17531944444444444
2022-09-20,Comm,0.03347340909090909
2022-09-21,Comm,0.09224375000000001
2022-09-22,Comm,0.14043199999999997
2022-09-23,Comm,0.06901
2022-09-26,Comm,0.16743999999999998
2022-09-27,Comm,0.10272333333333335
2022-09-28,Comm,0.20731875
2022-09-29,Comm,0.31695035714285713
2022-09-30,Comm,-0.004770833333333335
2022-10-03,Comm,0.025491666666666666
2022-10-04,Comm,0.24489099999999997
2022-10-05,Comm,0.16323
2022-10-06,Comm,0.313
2022-10-07,Comm,0.12395000000000002
2022-10-10,Comm,0.15904444444444446
2022-10-11,Comm,0.0
2022-10-12,Comm,0.1541011111111111
2022-10-13,Comm,0.13851
2022-10-14,Comm,-0.14465625
2022-10-17,Comm,0.08231666666666666
2022-10-18,Comm,0.27431
2022-10-19,Comm,0.15986
2022-10-20,Comm,-0.059144791666666655
2022-10-21,Comm,0.0094037037037037
2022-10-24,Comm,0.13246666666666668
2022-10-25,Comm,0.18386875
2022-10-26,Comm,0.04393111111111112
2022-10-27,Comm,0.02545
2022-10-28,Comm,0.32061249999999997
2022-10-31,Comm,0.182875
2022-11-01,Comm,0.39508
2022-11-02,Comm,0.153028125
2022-11-03,Comm,0.0271375
2022-11-04,Comm,0.04232
2022-11-07,Comm,0.017556249999999995
2022-11-08,Comm,-0.11038666666666666
2022-11-09,Comm,0.09685192307692309
2022-11-10,Comm,0.05432499999999999
2022-11-11,Comm,0.04046
2022-11-14,Comm,0.07224
2022-11-15,Comm,0.352572619047619
2022-11-16,Comm,-0.077225
2022-11-17,Comm,0.2467555555555556
2022-11-18,Comm,-0.012758333333333335
2022-11-21,Comm,0.0
2022-11-22,Comm,0.2596625
2022-11-23,Comm,0.49960000000000004
2022-11-25,Comm,0.00645
2022-11-28,Comm,0.18700000000000003
2022-11-29,Comm,0.3620833333333333
2022-11-30,Comm,0.27205555555555555
2022-12-01,Comm,0.18233333333333332
2022-12-02,Comm,0.10304666666666666
2022-12-05,Comm,0.25708000000000003
2022-12-06,Comm,0.09267285714285714
2022-12-07,Comm,0.149445
2022-12-08,Comm,0.044425000000000006
2022-12-09,Comm,0.14072222222222222
2022-12-12,Comm,-0.15739999999999998
2022-12-13,Comm,0.06526666666666667
2022-12-14,Comm,-0.21001333333333336
2022-12-15,Comm,0.21880555555555556
2022-12-16,Comm,0.07540100000000001
2022-12-19,Comm,-0.136945
2022-12-20,Comm,0.08298125000000002
2022-12-21,Comm,0.3638333333333334
2022-12-22,Comm,-0.06918333333333333
2022-12-23,Comm,0.025533333333333314
2022-12-27,Comm,0.30825
2022-12-28,Comm,0.3779966666666667
2022-12-29,Comm,0.12911166666666668
2022-12-30,Comm,-0.007550000000000001
2023-01-03,Comm,0.004053333333333335
2023-01-04,Comm,0.05666666666666667
2023-01-05,Comm,0.04757777777777781
2023-01-06,Comm,0.13931333333333332
2023-01-09,Comm,0.24178666666666668
2023-01-10,Comm,0.33028749999999996
2023-01-11,Comm,0.3496722222222222
2023-01-12,Comm,0.10322083333333334
2023-01-13,Comm,0.14229916666666667
2023-01-17,Comm,0.43955
2023-01-18,Comm,0.21031666666666668
2023-01-19,Comm,0.0
2023-01-20,Comm,0.10089722222222224
2023-01-23,Comm,0.08000793650793651
2023-01-24,Comm,0.10135833333333333
2023-01-25,Comm,0.022580000000000006
2023-01-26,Comm,0.005321904761904761
2023-01-27,Comm,0.31014526515151514
2023-01-30,Comm,0.09685466666666664
2023-01-31,Comm,0.10398333333333332
2023-02-01,Comm,-0.009893333333333334
2023-02-02,Comm,-0.00861515151515151
2023-02-03,Comm,0.14170533333333332
2023-02-06,Comm,0.18137
2023-02-07,Comm,-0.013977499999999999
2023-02-08,Comm,0.126257
2023-02-09,Comm,0.0737375
2023-02-10,Comm,0.23644166666666666
2023-02-13,Comm,0.03928749999999999
2023-02-14,Comm,0.03994
2023-02-15,Comm,-0.05666666666666667
2023-02-16,Comm,0.28295666666666663
2023-02-17,Comm,0.02366
2023-02-21,Comm,0.44631666666666664
2023-02-22,Comm,0.1556
2023-02-23,Comm,0.25524722222222224
2023-02-24,Comm,0.071305
2023-02-27,Comm,-0.02054166666666667
2023-02-28,Comm,0.13425555555555557
2023-03-01,Comm,0.1230375
2023-03-02,Comm,-0.022387500000000005
2023-03-03,Comm,0.22028666666666666
2023-03-06,Comm,0.02495
2023-03-07,Comm,0.02023
2023-03-08,Comm,0.19317499999999999
2023-03-09,Comm,-0.079075
2023-03-10,Comm,-0.030216666666666663
2023-03-13,Comm,0.04284666666666667
2023-03-14,Comm,0.10773222222222223
2023-03-15,Comm,0.0
2023-03-16,Comm,0.22643333333333335
2023-03-17,Comm,0.11239785714285716
2023-03-20,Comm,0.10115
2023-03-21,Comm,0.183634
2023-03-22,Comm,0.045262
2023-03-23,Comm,0.23682777777777778
2023-03-24,Comm,0.2340375
2023-03-27,Comm,0.31845
2023-03-28,Comm,0.1894380952380952
2023-03-29,Comm,0.21742916666666665
2023-03-30,Comm,0.10665833333333334
2023-03-31,Comm,0.20591666666666666
2023-04-03,Comm,0.3276422222222222
2023-04-04,Comm,0.16664107142857143
2023-04-05,Comm,0.059763
2023-04-06,Comm,0.088225
2023-04-10,Comm,0.20582000000000003
2023-04-11,Comm,0.05295
2023-04-12,Comm,0.05065
2023-04-13,Comm,0.08976
2023-04-14,Comm,0.0014371428571428578
2023-04-17,Comm,0.029833333333333333
2023-04-18,Comm,0.014846666666666666
2023-04-19,Comm,0.06569107142857145
2023-04-20,Comm,0.1355011111111111
2023-04-21,Comm,-0.020981623931623932
2023-04-24,Comm,0.20748954545454543
2023-04-25,Comm,-0.014160119047619052
2023-04-26,Comm,-0.019941666666666667
2023-04-27,Comm,0.06733944444444444
2023-04-28,Comm,0.1321595238095238
2023-05-01,Comm,0.03699907407407407
2023-05-02,Comm,-0.108365
2023-05-03,Comm,0.04260166666666667
2023-05-04,Comm,0.07369583333333335
2023-05-05,Comm,0.014380000000000004
2023-05-08,Comm,0.4123666666666666
2023-05-09,Comm,0.10041333333333333
2023-05-10,Comm,0.11112333333333332
2023-05-11,Comm,0.09673777777777778
2023-05-12,Comm,0.31411428571428573
2023-05-15,Comm,0.22378125000000001
2023-05-16,Comm,0.05061566666666667
2023-05-17,Comm,0.07770833333333334
2023-05-18,Comm,0.03775520833333333
2023-05-19,Comm,0.04249666666666667
2023-05-22,Comm,0.25138666666666665
2023-05-23,Comm,9.000000000000674e-05
2023-05-24,Comm,0.04056875
2023-05-25,Comm,0.08068333333333334
2023-05-26,Comm,0.16760000000000003
2023-05-30,Comm,0.2987266666666667
2023-05-31,Comm,-0.047725
2023-06-01,Comm,0.12067499999999999
2023-06-02,Comm,0.13070833333333334
2023-06-05,Comm,-0.04628701923076922
2023-06-06,Comm,0.10338833333333333
2023-06-07,Comm,0.1694425
2023-06-08,Comm,0.25762833333333335
2023-06-09,Comm,-0.04713055555555556
2023-06-12,Comm,0.24594583333333336
2023-06-13,Comm,0.048961111111111115
2023-06-14,Comm,0.09105208333333334
2023-06-15,Comm,0.2643833333333333
2023-06-16,Comm,0.09067833333333335
2023-06-20,Comm,0.17273666666666665
2023-06-21,Comm,0.15752000000000002
2023-06-22,Comm,0.24639999999999998
2023-06-23,Comm,0.2476
2023-06-26,Comm,0.07922499999999999
2023-06-27,Comm,0.12835722222222223
2023-06-28,Comm,0.176568
2023-06-29,Comm,0.03368750000000001
2023-06-30,Comm,0.05051666666666666
2023-07-03,Comm,-0.05664444444444444
2023-07-05,Comm,0.14625333333333332
2023-07-06,Comm,0.35970416666666666
2023-07-07,Comm,0.14747333333333335
2023-07-10,Comm,0.14504083333333334
2023-07-11,Comm,0.13771250000000002
2023-07-12,Comm,0.066375
2023-07-13,Comm,0.09218933333333333
2023-07-14,Comm,0.10935833333333334
2023-07-17,Comm,0.13920392156862746
2023-07-18,Comm,-0.08757042735042735
2023-07-19,Comm,0.16383393939393937
2023-07-20,Comm,0.2277186274509804
2023-07-21,Comm,0.015775000000000004
2023-07-24,Comm,0.08492761904761904
2023-07-25,Comm,0.073175
2023-07-26,Comm,-0.04078466666666668
2023-07-27,Comm,0.21180300000000002
2023-07-28,Comm,0.13017499999999999
2023-07-31,Comm,0.26956458333333333
2023-08-01,Comm,0.15463278409090908
2023-08-02,Comm,0.3311751428571429
2023-08-03,Comm,0.1569833333333333
2023-08-04,Comm,0.05863476190476191
2023-08-07,Comm,0.053954999999999996
2023-08-08,Comm,0.152736
2023-08-09,Comm,0.19585277777777776
2023-08-10,Comm,0.047058333333333334
2023-08-11,Comm,-0.0229375
2023-08-14,Comm,0.1665333333333333
2023-08-15,Comm,0.09028958333333334
2023-08-16,Comm,0.14220416666666666
2023-08-17,Comm,0.14273
2023-08-18,Comm,0.06904
2023-08-21,Comm,0.19780625
2023-08-22,Comm,0.06127523809523809
2023-08-23,Comm,-0.007084999999999994
2023-08-24,Comm,0.12911574074074075
2023-08-25,Comm,0.11438555555555556
2023-08-28,Comm,-0.03360833333333334
2023-08-29,Comm,0.12119
2023-08-30,Comm,0.20351041666666667
2023-08-31,Comm,0.10524555555555555
2023-09-01,Comm,0.11901666666666669
2023-09-05,Comm,0.023975
2023-09-06,Comm,0.0593
2023-09-07,Comm,0.20095333333333337
2023-09-08,Comm,0.06851416666666667
2023-09-11,Comm,0.15918666666666667
2023-09-12,Comm,0.11399791666666667
2023-09-13,Comm,0.046933333333333334
2023-09-14,Comm,0.02595625
2023-09-15,Comm,0.17886666666666665
2023-09-18,Comm,-0.0720625
2023-09-19,Comm,0.11529166666666667
2023-09-20,Comm,0.1097
2023-09-21,Comm,0.19751666666666665
2023-09-22,Comm,0.027776666666666665
2023-09-25,Comm,0.02184
2023-09-26,Comm,-0.05392875000000002
2023-09-27,Comm,0.15773333333333334
2023-09-28,Comm,0.10606666666666666
2023-09-29,Comm,0.10689892857142858
2023-10-02,Comm,0.4074125
2023-10-03,Comm,0.264206
2023-10-04,Comm,0.03751666666666668
2023-10-05,Comm,0.21861428571428573
2023-10-06,Comm,0.15725833333333333
2023-10-09,Comm,0.13080000000000003
2023-10-10,Comm,0.16567333333333334
2023-10-11,Comm,0.2714525
2023-10-12,Comm,0.2968375
2023-10-13,Comm,0.006033333333333324
2023-10-16,Comm,0.130325
2023-10-17,Comm,0.020191666666666663
2023-10-18,Comm,-0.10629999999999999
2023-10-19,Comm,0.07049444444444444
2023-10-20,Comm,0.25195
2023-10-23,Comm,0.08024848484848483
2023-10-24,Comm,-0.016149999999999998
2023-10-25,Comm,0.1102468253968254
2023-10-26,Comm,0.2295650476190476
2023-10-27,Comm,0.20492799145299145
2023-10-30,Comm,-0.09498222222222223
2023-10-31,Comm,0.20561333333333334
2023-11-01,Comm,0.128244
2023-11-02,Comm,0.09042666666666668
2023-11-03,Comm,0.07828166666666667
2023-11-06,Comm,0.17583333333333337
2023-11-07,Comm,0.035412
2023-11-08,Comm,0.18705
2023-11-09,Comm,0.15424533333333332
2023-11-10,Comm,0.29245333333333334
2023-11-13,Comm,0.11834
2023-11-14,Comm,0.16025
2023-11-15,Comm,0.060200000000000004
2023-11-16,Comm,0.10672499999999999
2023-11-17,Comm,0.007422222222222225
2023-11-20,Comm,0.0
2023-11-21,Comm,0.25677500000000003
2023-11-22,Comm,0.09509166666666669
2023-11-24,Comm,-0.030606666666666657
2023-11-27,Comm,0.10552333333333333
2023-11-28,Comm,0.11505416666666667
2023-11-29,Comm,0.12607666666666664
2023-11-30,Comm,0.038913333333333334
2023-12-01,Comm,0.2526583333333333
2023-12-04,Comm,0.108025
2023-12-05,Comm,0.11295916666666667
2023-12-06,Comm,0.11436019230769232
2023-12-07,Comm,0.131275
2023-12-08,Comm,0.07924833333333334
2023-12-11,Comm,0.06278999999999998
2023-12-12,Comm,0.08932571428571429
2023-12-13,Comm,0.21568730158730162
2023-12-14,Comm,0.2296225
2023-12-15,Comm,0.3404055555555556
2023-12-18,Comm,-0.012758333333333335
2023-12-19,Comm,0.2766974285714286
2023-12-20,Comm,0.2766974285714286
2023-12-21,Comm,0.2766974285714286
2023-12-22,Comm,0.2766974285714286
2023-12-26,Comm,0.2766974285714286
2023-12-27,Comm,0.2766974285714286
2023-12-28,Comm,0.2766974285714286
2023-12-29,Comm,0.2766974285714286
2020-01-02,Consumer,
2020-01-03,Consumer,-0.047556
2020-01-06,Consumer,-0.10019166666666666
2020-01-07,Consumer,0.1258190931372549
2020-01-08,Consumer,0.158516
2020-01-09,Consumer,0.0717625
2020-01-10,Consumer,0.3587476984126984
2020-01-13,Consumer,0.004144000000000004
2020-01-14,Consumer,0.08349100000000001
2020-01-15,Consumer,0.09291
2020-01-16,Consumer,0.12445380952380952
2020-01-17,Consumer,0.20788357142857145
2020-01-21,Consumer,0.08010533333333332
2020-01-22,Consumer,0.060065
2020-01-23,Consumer,0.15688476190476192
2020-01-24,Consumer,0.12958566666666668
2020-01-27,Consumer,0.08728115384615384
2020-01-28,Consumer,0.03501888888888889
2020-01-29,Consumer,0.06969642857142858
2020-01-30,Consumer,-0.003792238095238097
2020-01-31,Consumer,0.047062047619047614
2020-02-03,Consumer,0.035254040404040406
2020-02-04,Consumer,0.21519311688311688
2020-02-05,Consumer,0.1910568181818182
2020-02-06,Consumer,0.03320115740740741
2020-02-07,Consumer,0.16325416666666664
2020-02-10,Consumer,0.2069
2020-02-11,Consumer,-0.051552619047619055
2020-02-12,Consumer,0.04885116666666666
2020-02-13,Consumer,-0.007097352941176474
2020-02-14,Consumer,-0.008171656862745107
2020-02-18,Consumer,-0.05277816666666666
2020-02-19,Consumer,0.18423918181818183
2020-02-20,Consumer,0.1882265714285714
2020-02-21,Consumer,0.06387014285714285
2020-02-24,Consumer,0.08548472222222223
2020-02-25,Consumer,0.002592857142857141
2020-02-26,Consumer,0.16376858974358974
2020-02-27,Consumer,0.0956052380952381
2020-02-28,Consumer,0.07091511111111111
2020-03-02,Consumer,-0.14492071428571426
2020-03-03,Consumer,0.08640025641025642
2020-03-04,Consumer,0.16741166666666665
2020-03-05,Consumer,0.1439311111111111
2020-03-06,Consumer,0.07540322077922078
2020-03-09,Consumer,-0.04364773351648352
2020-03-10,Consumer,-0.004525769230769222
2020-03-11,Consumer,-0.011386262626262623
2020-03-12,Consumer,-0.03527178571428572
2020-03-13,Consumer,0.002058022222222222
2020-03-16,Consumer,0.09899351851851851
2020-03-17,Consumer,-0.17934490942028986
2020-03-18,Consumer,0.0897497142857143
2020-03-19,Consumer,0.0037498845598845634
2020-03-20,Consumer,0.032078249999999996
2020-03-23,Consumer,0.050810396103896115
2020-03-24,Consumer,0.034694478266831204
2020-03-25,Consumer,0.22512829670329673
2020-03-26,Consumer,0.19541657142857144
2020-03-27,Consumer,0.12147380952380953
2020-03-30,Consumer,0.07979089743589744
2020-03-31,Consumer,0.07942422807017543
2020-04-01,Consumer,-0.023837333333333356
2020-04-02,Consumer,0.175184
2020-04-03,Consumer,0.022667499999999993
2020-04-06,Consumer,0.004656770833333334
2020-04-07,Consumer,0.2144675930735931
2020-04-08,Consumer,0.22827890909090912
2020-04-09,Consumer,-0.036582414473684204
2020-04-13,Consumer,0.2036947619047619
2020-04-14,Consumer,-0.025654508021390375
2020-04-15,Consumer,0.23889950000000004
2020-04-16,Consumer,0.09083093939393941
2020-04-17,Consumer,0.1446106884057971
2020-04-20,Consumer,0.23801066666666668
2020-04-21,Consumer,0.061373587301587304
2020-04-22,Consumer,-0.012295189189189185
2020-04-23,Consumer,0.1152010588235294
2020-04-24,Consumer,0.07093727272727272
2020-04-27,Consumer,0.005810666666666667
2020-04-28,Consumer,0.11092177777777779
2020-04-29,Consumer,0.11481312937062937
2020-04-30,Consumer,0.11260396336996337
2020-05-01,Consumer,0.004515166666666665
2020-05-04,Consumer,0.23844483333333333
2020-05-05,Consumer,0.1383116043956044
2020-05-06,Consumer,0.2017125238095238
2020-05-07,Consumer,0.10893720588235294
2020-05-08,Consumer,0.10146166666666664
2020-05-11,Consumer,0.07852855844155845
2020-05-12,Consumer,0.06768170833333334
2020-05-13,Consumer,0.13439425
2020-05-14,Consumer,0.08027495238095238
2020-05-15,Consumer,0.13765859803921568
2020-05-18,Consumer,0.07636918518518518
2020-05-19,Consumer,0.20851866666666669
2020-05-20,Consumer,-0.05774697435897438
2020-05-21,Consumer,-0.020338088235294104
2020-05-22,Consumer,0.02307963636363636
2020-05-26,Consumer,0.0013577777777777726
2020-05-27,Consumer,0.20673958333333337
2020-05-28,Consumer,0.16093136363636365
2020-05-29,Consumer,0.08015516666666667
2020-06-01,Consumer,0.09525542857142857
2020-06-02,Consumer,0.11495048484848484
2020-06-03,Consumer,-0.10755333333333332
2020-06-04,Consumer,0.19752571428571428
2020-06-05,Consumer,0.20981249999999999
2020-06-08,Consumer,0.24833111111111109
2020-06-09,Consumer,0.19068666666666667
2020-06-10,Consumer,0.02179396825396826
2020-06-11,Consumer,0.016984454545454546
2020-06-12,Consumer,-0.03185729437229438
2020-06-15,Consumer,0.15303361904761906
2020-06-16,Consumer,-0.0010290909090909072
2020-06-17,Consumer,0.21815
2020-06-18,Consumer,0.17534283333333334
2020-06-19,Consumer,0.07968919047619047
2020-06-22,Consumer,0.018777111111111116
2020-06-23,Consumer,0.03808333333333334
2020-06-24,Consumer,0.20495000000000002
2020-06-25,Consumer,-0.019095499999999994
2020-06-26,Consumer,0.07705406666666667
2020-06-29,Consumer,0.17213941176470587
2020-06-30,Consumer,0.04655276923076923
2020-07-01,Consumer,0.07231666666666667
2020-07-02,Consumer,-0.07043840259740258
2020-07-06,Consumer,0.17830600000000002
2020-07-07,Consumer,0.027802619047619048
2020-07-08,Consumer,0.16611272727272727
2020-07-09,Consumer,0.09709666666666668
2020-07-10,Consumer,0.08616750000000001
2020-07-13,Consumer,0.007357142857142847
2020-07-14,Consumer,0.15716866666666665
2020-07-15,Consumer,0.0929845238095238
2020-07-16,Consumer,0.12762828571428572
2020-07-17,Consumer,0.1939511904761905
2020-07-20,Consumer,0.09900722222222222
2020-07-21,Consumer,0.06176612554112554
2020-07-22,Consumer,0.22745540372670808
2020-07-23,Consumer,0.08968499999999999
2020-07-24,Consumer,0.07819352564102564
2020-07-27,Consumer,-0.005165833333333335
2020-07-28,Consumer,0.1389423611111111
2020-07-29,Consumer,0.13050371428571428
2020-07-30,Consumer,0.0494163888888889
2020-07-31,Consumer,0.12089800000000002
2020-08-03,Consumer,0.036588857142857145
2020-08-04,Consumer,0.06556760784313725
2020-08-05,Consumer,0.21858717171717174
2020-08-06,Consumer,0.029646470588235295
2020-08-07,Consumer,0.087864
2020-08-10,Consumer,0.162665
2020-08-11,Consumer,0.1074652813852814
2020-08-12,Consumer,0.06640854166666668
2020-08-13,Consumer,0.023320833333333332
2020-08-14,Consumer,0.053421666666666645
2020-08-17,Consumer,0.051803125
2020-08-18,Consumer,0.20231814814814814
2020-08-19,Consumer,0.09790848214285715
2020-08-20,Consumer,0.15591939393939397
2020-08-21,Consumer,0.2034605
2020-08-24,Consumer,0.26049466666666665
2020-08-25,Consumer,0.0889757142857143
2020-08-26,Consumer,0.14037083333333333
2020-08-27,Consumer,0.08245238095238096
2020-08-28,Consumer,-0.016109473684210517
2020-08-31,Consumer,-0.045258119658119655
2020-09-01,Consumer,0.035840000000000004
2020-09-02,Consumer,0.12475833333333333
2020-09-03,Consumer,0.2
2020-09-04,Consumer,0.22211250000000002
2020-09-08,Consumer,0.052898
2020-09-09,Consumer,0.1634711111111111
2020-09-10,Consumer,0.1361318181818182
2020-09-11,Consumer,0.213934375
2020-09-14,Consumer,0.15411041666666667
2020-09-15,Consumer,0.07831914285714286
2020-09-16,Consumer,0.1706672619047619
2020-09-17,Consumer,0.13781944444444444
2020-09-18,Consumer,0.21775166666666668
2020-09-21,Consumer,-0.0017925324675324733
2020-09-22,Consumer,0.16808933333333334
2020-09-23,Consumer,0.20056200854700856
2020-09-24,Consumer,0.18731083333333334
2020-09-25,Consumer,0.10082202380952382
2020-09-28,Consumer,0.04794166666666666
2020-09-29,Consumer,0.06900727272727272
2020-09-30,Consumer,0.21098349206349204
2020-10-01,Consumer,0.20692770562770563
2020-10-02,Consumer,0.08223666666666667
2020-10-05,Consumer,0.08105238095238096
2020-10-06,Consumer,0.1310875238095238
2020-10-07,Consumer,0.17313444444444442
2020-10-08,Consumer,0.09941732142857143
2020-10-09,Consumer,0.10740821428571427
2020-10-12,Consumer,0.08654571428571427
2020-10-13,Consumer,0.27188425641025643
2020-10-14,Consumer,-0.0804872807017544
2020-10-15,Consumer,0.13136919642857142
2020-10-16,Consumer,0.14480636363636362
2020-10-19,Consumer,0.29176944444444447
2020-10-20,Consumer,0.24128
2020-10-21,Consumer,0.23553125
2020-10-22,Consumer,0.2267122619047619
2020-10-23,Consumer,0.06750077511961723
2020-10-26,Consumer,0.29677166666666666
2020-10-27,Consumer,0.052156222222222215
2020-10-28,Consumer,0.06558499999999999
2020-10-29,Consumer,0.10562833333333335
2020-10-30,Consumer,0.1413727380952381
2020-11-02,Consumer,0.18147655555555556
2020-11-03,Consumer,0.1794838888888889
2020-11-04,Consumer,0.16419866666666666
2020-11-05,Consumer,0.04240190476190475
2020-11-06,Consumer,0.15840928571428572
2020-11-09,Consumer,0.07980357142857143
2020-11-10,Consumer,0.04481285714285714
2020-11-11,Consumer,0.12741166666666665
2020-11-12,Consumer,0.11122833333333335
2020-11-13,Consumer,0.15634872294372293
2020-11-16,Consumer,0.2519993788819876
2020-11-17,Consumer,0.18804255555555555
2020-11-18,Consumer,0.32959736842105264
2020-11-19,Consumer,0.12799444444444444
2020-11-20,Consumer,-0.02505666666666666
2020-11-23,Consumer,0.09796889880952381
2020-11-24,Consumer,0.17166674725274725
2020-11-25,Consumer,0.04016875
2020-11-27,Consumer,0.19735833333333333
2020-11-30,Consumer,0.04511
2020-12-01,Consumer,0.14
2020-12-02,Consumer,0.24098333333333333
2020-12-03,Consumer,0.024231333333333334
2020-12-04,Consumer,0.10868
2020-12-07,Consumer,0.12432916666666667
2020-12-08,Consumer,0.10284123809523808
2020-12-09,Consumer,0.047602222222222226
2020-12-10,Consumer,0.017158939393939397
2020-12-11,Consumer,0.21859968253968254
2020-12-14,Consumer,0.157128
2020-12-15,Consumer,0.06749799999999999
2020-12-16,Consumer,0.1853752380952381
2020-12-17,Consumer,0.27887399999999996
2020-12-18,Consumer,0.287692
2020-12-21,Consumer,0.29308333333333336
2020-12-22,Consumer,0.1493449264069264
2020-12-23,Consumer,0.086088
2020-12-24,Consumer,0.14829183333333334
2020-12-28,Consumer,0.24358892857142858
2020-12-29,Consumer,0.12667177777777777
2020-12-30,Consumer,0.16145777777777778
2020-12-31,Consumer,0.4743
2021-01-04,Consumer,0.3413648888888889
2021-01-05,Consumer,0.08666347619047618
2021-01-06,Consumer,0.09015666666666668
2021-01-07,Consumer,0.09268000000000001
2021-01-08,Consumer,0.118021
2021-01-11,Consumer,0.13858900000000002
2021-01-12,Consumer,0.2089895238095238
2021-01-13,Consumer,0.16575416666666667
2021-01-14,Consumer,0.1289875
2021-01-15,Consumer,0.06798000000000001
2021-01-19,Consumer,0.14532916666666668
2021-01-20,Consumer,-0.01837799999999999
2021-01-21,Consumer,-0.10841125000000001
2021-01-22,Consumer,-0.06347125
2021-01-25,Consumer,0.045184375
2021-01-26,Consumer,0.0846675
2021-01-27,Consumer,0.20506361111111113
2021-01-28,Consumer,-0.01734892857142857
2021-01-29,Consumer,0.16329742857142857
2021-02-01,Consumer,0.15471041666666668
2021-02-02,Consumer,0.09249083333333333
2021-02-03,Consumer,0.19279333333333332
2021-02-04,Consumer,0.004577777777777787
2021-02-05,Consumer,0.22293733333333332
2021-02-08,Consumer,-0.1766583333333333
2021-02-09,Consumer,0.11579780952380951
2021-02-10,Consumer,0.05041428571428571
2021-02-11,Consumer,0.22213125
2021-02-12,Consumer,0.10583666666666666
2021-02-16,Consumer,0.045377
2021-02-17,Consumer,0.008844857142857144
2021-02-18,Consumer,0.08458166666666667
2021-02-19,Consumer,0.22498933333333335
2021-02-22,Consumer,0.18490555555555555
2021-02-23,Consumer,0.04723833333333334
2021-02-24,Consumer,0.11324107142857143
2021-02-25,Consumer,0.047046875
2021-02-26,Consumer,0.08672261904761905
2021-03-01,Consumer,0.1685105
2021-03-02,Consumer,0.22644791666666667
2021-03-03,Consumer,0.0463125
2021-03-04,Consumer,0.04591214285714286
2021-03-05,Consumer,-0.09451875
2021-03-08,Consumer,0.20877083333333335
2021-03-09,Consumer,0.12687569444444444
2021-03-10,Consumer,0.11675333333333335
2021-03-11,Consumer,0.1945474805194805
2021-03-12,Consumer,0.08000071428571429
2021-03-15,Consumer,0.21276285714285711
2021-03-16,Consumer,0.24858873015873018
2021-03-17,Consumer,0.23092450000000003
2021-03-18,Consumer,0.080735
2021-03-19,Consumer,0.20092
2021-03-22,Consumer,0.058439523809523816
2021-03-23,Consumer,0.079492
2021-03-24,Consumer,0.2612933333333333
2021-03-25,Consumer,0.19719583333333335
2021-03-26,Consumer,0.14016085714285714
2021-03-29,Consumer,-0.04496279761904762
2021-03-30,Consumer,0.24147142857142861
2021-03-31,Consumer,0.105048
2021-04-01,Consumer,0.125685
2021-04-05,Consumer,0.023636666666666667
2021-04-06,Consumer,0.12949583333333334
2021-04-07,Consumer,0.17661083333333333
2021-04-08,Consumer,-0.07609066666666667
2021-04-09,Consumer,0.2870984285714286
2021-04-12,Consumer,0.18512142857142855
2021-04-13,Consumer,0.17996428571428572
2021-04-14,Consumer,0.14032833333333333
2021-04-15,Consumer,-0.008063333333333329
2021-04-16,Consumer,-0.03385071428571429
2021-04-19,Consumer,0.194296875
2021-04-20,Consumer,0.0811233660130719
2021-04-21,Consumer,0.024899047619047633
2021-04-22,Consumer,0.08473666666666667
2021-04-23,Consumer,0.25811875
2021-04-26,Consumer,0.11434333333333332
2021-04-27,Consumer,0.18382392156862745
2021-04-28,Consumer,0.040004285714285714
2021-04-29,Consumer,0.151781
2021-04-30,Consumer,0.12945083333333335
2021-05-03,Consumer,0.10300833333333333
2021-05-04,Consumer,0.10578057142857142
2021-05-05,Consumer,0.15207729166666667
2021-05-06,Consumer,0.09852777777777778
2021-05-07,Consumer,0.10287833333333334
2021-05-10,Consumer,-0.031733333333333336
2021-05-11,Consumer,0.12492333333333334
2021-05-12,Consumer,0.03266299999999999
2021-05-13,Consumer,0.011312500000000003
2021-05-14,Consumer,0.40532666666666667
2021-05-17,Consumer,-0.021698143115942023
2021-05-18,Consumer,0.03801137770897833
2021-05-19,Consumer,0.13254151785714288
2021-05-20,Consumer,0.06642833333333333
2021-05-21,Consumer,0.2141025
2021-05-24,Consumer,0.1184952380952381
2021-05-25,Consumer,0.18996688888888888
2021-05-26,Consumer,0.17060486111111112
2021-05-27,Consumer,0.09883598484848485
2021-05-28,Consumer,0.22668250000000004
2021-06-01,Consumer,0.34120666666666666
2021-06-02,Consumer,0.230876
2021-06-03,Consumer,0.15471809523809524
2021-06-04,Consumer,0.25780000000000003
2021-06-07,Consumer,0.11211533333333334
2021-06-08,Consumer,0.1412386111111111
2021-06-09,Consumer,0.07043583333333334
2021-06-10,Consumer,0.10768333333333331
2021-06-11,Consumer,0.07163699999999999
2021-06-14,Consumer,0.110985
2021-06-15,Consumer,0.24796126984126982
2021-06-16,Consumer,0.23953083333333333
2021-06-17,Consumer,0.09951600000000001
2021-06-18,Consumer,0.11824166666666668
2021-06-21,Consumer,0.268815
2021-06-22,Consumer,0.04261876984126983
2021-06-23,Consumer,0.013041000000000002
2021-06-24,Consumer,0.13532316666666666
2021-06-25,Consumer,0.18721000000000002
2021-06-28,Consumer,0.10762883333333333
2021-06-29,Consumer,0.09508984126984125
2021-06-30,Consumer,-0.024838571428571425
2021-07-01,Consumer,-0.027970238095238083
2021-07-02,Consumer,0.14974500000000002
2021-07-06,Consumer,0.22595
2021-07-07,Consumer,0.06993333333333333
2021-07-08,Consumer,0.1907725
2021-07-09,Consumer,0.0016099999999999893
2021-07-12,Consumer,0.09102
2021-07-13,Consumer,0.09840222222222222
2021-07-14,Consumer,0.22285416666666666
2021-07-15,Consumer,0.12435399999999999
2021-07-16,Consumer,0.03161583333333332
2021-07-19,Consumer,0.15410555555555558
2021-07-20,Consumer,0.02827757575757576
2021-07-21,Consumer,0.14270500000000003
2021-07-22,Consumer,0.10804375
2021-07-23,Consumer,0.10611166666666667
2021-07-26,Consumer,0.14002124999999999
2021-07-27,Consumer,0.08079625000000001
2021-07-28,Consumer,0.14066527777777776
2021-07-29,Consumer,0.2084083333333333
2021-07-30,Consumer,0.20933123809523807
2021-08-02,Consumer,0.041459523809523814
2021-08-03,Consumer,0.27209696969696967
2021-08-04,Consumer,0.13622142857142858
2021-08-05,Consumer,0.0388875
2021-08-06,Consumer,0.2871183333333333
2021-08-09,Consumer,0.1747166666666667
2021-08-10,Consumer,0.10874848484848484
2021-08-11,Consumer,0.063235
2021-08-12,Consumer,0.0622875
2021-08-13,Consumer,0.10694833333333334
2021-08-16,Consumer,0.32053421052631575
2021-08-17,Consumer,0.07833605263157895
2021-08-18,Consumer,0.10850518518518519
2021-08-19,Consumer,0.11213437500000001
2021-08-20,Consumer,0.16972777777777778
2021-08-23,Consumer,0.175735
2021-08-24,Consumer,0.048171785714285716
2021-08-25,Consumer,0.023832142857142857
2021-08-26,Consumer,0.05398708333333332
2021-08-27,Consumer,0.12025799999999998
2021-08-30,Consumer,0.09698787878787878
2021-08-31,Consumer,0.15870595238095236
2021-09-01,Consumer,0.06124047619047619
2021-09-02,Consumer,0.27897380952380957
2021-09-03,Consumer,-0.014074166666666672
2021-09-07,Consumer,0.27792666666666666
2021-09-08,Consumer,0.17824583333333333
2021-09-09,Consumer,0.135835
2021-09-10,Consumer,0.06483666666666667
2021-09-13,Consumer,0.15959416666666668
2021-09-14,Consumer,0.14361935064935066
2021-09-15,Consumer,0.15592833333333334
2021-09-16,Consumer,0.02382
2021-09-17,Consumer,-0.022213999999999994
2021-09-20,Consumer,0.27907166666666666
2021-09-21,Consumer,0.1654626153846154
2021-09-22,Consumer,0.11578206349206348
2021-09-23,Consumer,0.24298333333333333
2021-09-24,Consumer,0.24502238095238096
2021-09-27,Consumer,0.02336843749999999
2021-09-28,Consumer,0.11686380952380952
2021-09-29,Consumer,0.013293333333333332
2021-09-30,Consumer,0.23533625000000002
2021-10-01,Consumer,0.08047523809523809
2021-10-04,Consumer,0.1906495238095238
2021-10-05,Consumer,0.18449090476190477
2021-10-06,Consumer,0.00951533333333333
2021-10-07,Consumer,0.18437933333333334
2021-10-08,Consumer,0.026787500000000006
2021-10-11,Consumer,0.09568749999999998
2021-10-12,Consumer,0.10502971861471862
2021-10-13,Consumer,0.217661875
2021-10-14,Consumer,0.0801525
2021-10-15,Consumer,0.2595877976190476
2021-10-18,Consumer,0.43391111111111114
2021-10-19,Consumer,0.00029034090909090676
2021-10-20,Consumer,0.05228802083333334
2021-10-21,Consumer,0.228825
2021-10-22,Consumer,0.02481766666666666
2021-10-25,Consumer,0.10019666666666667
2021-10-26,Consumer,0.11930633333333333
2021-10-27,Consumer,0.039439999999999996
2021-10-28,Consumer,0.2127858333333333
2021-10-29,Consumer,0.013288194444444443
2021-11-01,Consumer,0.06805645833333333
2021-11-02,Consumer,0.10802833333333335
2021-11-03,Consumer,0.15642
2021-11-04,Consumer,0.17677380952380953
2021-11-05,Consumer,0.10844666666666666
2021-11-08,Consumer,0.27509
2021-11-09,Consumer,0.11725566666666667
2021-11-10,Consumer,0.185075
2021-11-11,Consumer,0.13291641025641027
2021-11-12,Consumer,0.0397544
2021-11-15,Consumer,-0.025913809523809526
2021-11-16,Consumer,-0.0023141228070175436
2021-11-17,Consumer,0.15029116847826085
2021-11-18,Consumer,0.2899314285714286
2021-11-19,Consumer,0.1300557142857143
2021-11-22,Consumer,0.086488
2021-11-23,Consumer,0.11859752380952382
2021-11-24,Consumer,0.15613958333333333
2021-11-26,Consumer,0.06698333333333333
2021-11-29,Consumer,0.23213666666666666
2021-11-30,Consumer,0.025953757575757574
2021-12-01,Consumer,0.2171175
2021-12-02,Consumer,-0.086592
2021-12-03,Consumer,0.2822839285714286
2021-12-06,Consumer,0.2982421428571429
2021-12-07,Consumer,0.07901809523809526
2021-12-08,Consumer,-0.027633333333333343
2021-12-09,Consumer,0.06507916666666667
2021-12-10,Consumer,0.14409
2021-12-13,Consumer,0.1499125
2021-12-14,Consumer,0.05103
2021-12-15,Consumer,0.10391733333333333
2021-12-16,Consumer,0.30734500000000003
2021-12-17,Consumer,0.3029625
2021-12-20,Consumer,0.10430390476190476
2021-12-21,Consumer,0.18222790346907994
2021-12-22,Consumer,0.10900413533834587
2021-12-23,Consumer,0.020054166666666675
2021-12-27,Consumer,0.0744225
2021-12-28,Consumer,0.07005166666666669
2021-12-29,Consumer,0.11142624999999999
2021-12-30,Consumer,0.12751770833333334
2021-12-31,Consumer,0.07742833333333334
2022-01-03,Consumer,0.08849
2022-01-04,Consumer,0.0528665
2022-01-05,Consumer,0.038233333333333334
2022-01-06,Consumer,0.07278055555555556
2022-01-07,Consumer,0.16480533333333333
2022-01-10,Consumer,-0.03302000000000001
2022-01-11,Consumer,0.06157933333333333
2022-01-12,Consumer,0.13477333333333336
2022-01-13,Consumer,0.04430333333333335
2022-01-14,Consumer,0.236555
2022-01-18,Consumer,0.012777499999999989
2022-01-19,Consumer,-0.010383809523809523
2022-01-20,Consumer,0.064398
2022-01-21,Consumer,0.09876571428571429
2022-01-24,Consumer,0.1512170588235294
2022-01-25,Consumer,0.13043560317460318
2022-01-26,Consumer,0.07974366666666666
2022-01-27,Consumer,0.11994235294117646
2022-01-28,Consumer,0.012343095238095236
2022-01-31,Consumer,0.0005099999999999994
2022-02-01,Consumer,0.2085253333333333
2022-02-02,Consumer,-0.08792
2022-02-03,Consumer,-0.01844880952380951
2022-02-04,Consumer,0.15079166666666666
2022-02-07,Consumer,0.07685333333333333
2022-02-08,Consumer,0.134577
2022-02-09,Consumer,0.20462056565656567
2022-02-10,Consumer,0.08515633333333332
2022-02-11,Consumer,0.18333082608695653
2022-02-14,Consumer,0.001517499999999998
2022-02-15,Consumer,0.12478519841269842
2022-02-16,Consumer,0.21474472222222224
2022-02-17,Consumer,0.15146866666666667
2022-02-18,Consumer,0.06370579710144927
2022-02-22,Consumer,0.02026083333333334
2022-02-23,Consumer,0.2366
2022-02-24,Consumer,-0.010833333333333316
2022-02-25,Consumer,0.034667500000000004
2022-02-28,Consumer,0.057943333333333326
2022-03-01,Consumer,0.2083125787545787
2022-03-02,Consumer,0.061710714285714285
2022-03-03,Consumer,0.1556720634920635
2022-03-04,Consumer,0.07168314285714286
2022-03-07,Consumer,0.03823752380952381
2022-03-08,Consumer,0.14924369047619046
2022-03-09,Consumer,0.17687952380952382
2022-03-10,Consumer,0.046796214285714295
2022-03-11,Consumer,0.07316199999999999
2022-03-14,Consumer,0.06471266666666667
2022-03-15,Consumer,0.05323285714285715
2022-03-16,Consumer,0.15986444444444442
2022-03-17,Consumer,0.10253166666666666
2022-03-18,Consumer,0.0626277777777778
2022-03-21,Consumer,0.12489276190476191
2022-03-22,Consumer,0.30612900000000004
2022-03-23,Consumer,0.18297222222222223
2022-03-24,Consumer,0.13150937499999998
2022-03-25,Consumer,-0.04295523809523809
2022-03-28,Consumer,0.09446416666666668
2022-03-29,Consumer,0.1506678373015873
2022-03-30,Consumer,0.13786516666666668
2022-03-31,Consumer,0.1481047619047619
2022-04-01,Consumer,0.051818333333333334
2022-04-04,Consumer,0.02364095238095238
2022-04-05,Consumer,0.09269997899159664
2022-04-06,Consumer,0.08657761904761904
2022-04-07,Consumer,0.09978933333333334
2022-04-08,Consumer,0.0012951111111111108
2022-04-11,Consumer,0.18361166666666667
2022-04-12,Consumer,0.16614692857142857
2022-04-13,Consumer,0.09016190476190478
2022-04-14,Consumer,0.03488
2022-04-18,Consumer,0.1835247619047619
2022-04-19,Consumer,0.04946464285714286
2022-04-20,Consumer,0.09391921428571429
2022-04-21,Consumer,-0.008065333333333318
2022-04-22,Consumer,0.11401666666666668
2022-04-25,Consumer,0.18817190476190476
2022-04-26,Consumer,0.04775313333333334
2022-04-27,Consumer,0.09437333333333334
2022-04-28,Consumer,-0.013047444444444448
2022-04-29,Consumer,0.17942833333333336
2022-05-02,Consumer,0.09727375324675325
2022-05-03,Consumer,0.08806166666666668
2022-05-04,Consumer,0.11677600000000002
2022-05-05,Consumer,0.08972057971014494
2022-05-06,Consumer,-0.09383695238095237
2022-05-09,Consumer,0.01751171428571429
2022-05-10,Consumer,0.11651675324675326
2022-05-11,Consumer,0.07105611111111113
2022-05-12,Consumer,-0.010444000000000004
2022-05-13,Consumer,0.08708774509803922
2022-05-16,Consumer,0.06142619047619048
2022-05-17,Consumer,-0.007373083333333336
2022-05-18,Consumer,0.10186862745098038
2022-05-19,Consumer,-0.03423790322580644
2022-05-20,Consumer,0.145375
2022-05-23,Consumer,0.11384872670807453
2022-05-24,Consumer,0.08945492236024845
2022-05-25,Consumer,0.17493641666666668
2022-05-26,Consumer,0.05177504761904762
2022-05-27,Consumer,0.10195658333333335
2022-05-31,Consumer,0.12412700000000002
2022-06-01,Consumer,0.06216000000000001
2022-06-02,Consumer,-0.007723333333333341
2022-06-03,Consumer,0.17414066666666667
2022-06-06,Consumer,0.04139583333333333
2022-06-07,Consumer,0.13002083333333334
2022-06-08,Consumer,0.18676666666666666
2022-06-09,Consumer,0.1878857142857143
2022-06-10,Consumer,0.004124714285714287
2022-06-13,Consumer,0.06607381818181818
2022-06-14,Consumer,0.11722030303030304
2022-06-15,Consumer,0.09382946428571429
2022-06-16,Consumer,-0.0556975
2022-06-17,Consumer,0.07892777777777779
2022-06-21,Consumer,0.14481
2022-06-22,Consumer,0.040478
2022-06-23,Consumer,0.17181636363636363
2022-06-24,Consumer,0.14300292857142857
2022-06-27,Consumer,0.03857833333333334
2022-06-28,Consumer,0.13402129411764704
2022-06-29,Consumer,0.11747908771929824
2022-06-30,Consumer,0.04066189610389611
2022-07-01,Consumer,0.20461465201465204
2022-07-05,Consumer,0.0776611607142857
2022-07-06,Consumer,0.08970500000000001
2022-07-07,Consumer,0.08186133333333334
2022-07-08,Consumer,0.010063333333333337
2022-07-11,Consumer,-0.0883075
2022-07-12,Consumer,0.09311000000000001
2022-07-13,Consumer,0.1854749350649351
2022-07-14,Consumer,0.16275714285714288
2022-07-15,Consumer,0.18829785714285713
2022-07-18,Consumer,0.07429954545454545
2022-07-19,Consumer,0.1467052857142857
2022-07-20,Consumer,0.08901542857142858
2022-07-21,Consumer,0.0030497619047619136
2022-07-22,Consumer,0.07314619047619049
2022-07-25,Consumer,0.1544140476190476
2022-07-26,Consumer,0.08526725641025643
2022-07-27,Consumer,0.04740381449275363
2022-07-28,Consumer,0.09496200980392158
2022-07-29,Consumer,0.08060022222222223
2022-08-01,Consumer,0.16187714285714289
2022-08-02,Consumer,0.13852814285714285
2022-08-03,Consumer,0.0666237777777778
2022-08-04,Consumer,0.13034494047619047
2022-08-05,Consumer,0.07668541666666667
2022-08-08,Consumer,0.043800000000000006
2022-08-09,Consumer,0.16219933333333333
2022-08-10,Consumer,0.06420142857142856
2022-08-11,Consumer,0.11533575757575758
2022-08-12,Consumer,0.02841907407407408
2022-08-15,Consumer,0.24002371428571428
2022-08-16,Consumer,0.048338341991342
2022-08-17,Consumer,0.12704011904761905
2022-08-18,Consumer,0.05800748792270531
2022-08-19,Consumer,0.11669533333333335
2022-08-22,Consumer,0.04495066666666667
2022-08-23,Consumer,0.15249333333333331
2022-08-24,Consumer,0.07946685714285714
2022-08-25,Consumer,-0.04626866666666666
2022-08-26,Consumer,0.150502
2022-08-29,Consumer,-0.006084761904761904
2022-08-30,Consumer,0.12224952380952382
2022-08-31,Consumer,0.14592999999999998
2022-09-01,Consumer,0.060422500000000004
2022-09-02,Consumer,0.185471
2022-09-06,Consumer,0.055982
2022-09-07,Consumer,0.15134233333333333
2022-09-08,Consumer,0.1725888392857143
2022-09-09,Consumer,0.16905
2022-09-12,Consumer,0.17979416666666667
2022-09-13,Consumer,0.21329216666666667
2022-09-14,Consumer,0.22684866666666664
2022-09-15,Consumer,0.2033934523809524
2022-09-16,Consumer,0.12603690476190477
2022-09-19,Consumer,0.04517733333333334
2022-09-20,Consumer,0.302076
2022-09-21,Consumer,0.017836190476190467
2022-09-22,Consumer,0.15088333333333334
2022-09-23,Consumer,0.1847902857142857
2022-09-26,Consumer,-0.013357333333333336
2022-09-27,Consumer,0.2400678571428571
2022-09-28,Consumer,0.064105
2022-09-29,Consumer,0.060516190476190466
2022-09-30,Consumer,0.12088285714285714
2022-10-03,Consumer,0.2074040909090909
2022-10-04,Consumer,0.13292590476190477
2022-10-05,Consumer,-0.04795833333333334
2022-10-06,Consumer,0.05573066666666667
2022-10-07,Consumer,0.1819472222222222
2022-10-10,Consumer,0.01323333333333333
2022-10-11,Consumer,0.14544071428571428
2022-10-12,Consumer,0.26193333333333335
2022-10-13,Consumer,0.2314197619047619
2022-10-14,Consumer,0.022599999999999988
2022-10-17,Consumer,-0.031166666666666676
2022-10-18,Consumer,0.09302980952380953
2022-10-19,Consumer,0.07500809523809523
2022-10-20,Consumer,0.17436500000000002
2022-10-21,Consumer,0.16431266666666666
2022-10-24,Consumer,0.0707
2022-10-25,Consumer,0.14990399999999998
2022-10-26,Consumer,0.09903999999999999
2022-10-27,Consumer,0.07483916666666666
2022-10-28,Consumer,0.07522416666666668
2022-10-31,Consumer,0.06455866666666667
2022-11-01,Consumer,0.11464016666666668
2022-11-02,Consumer,0.05618500000000002
2022-11-03,Consumer,0.2958493333333333
2022-11-04,Consumer,0.04363499999999999
2022-11-07,Consumer,0.02142117647058824
2022-11-08,Consumer,0.10129409523809522
2022-11-09,Consumer,0.036837999999999996
2022-11-10,Consumer,0.057865625
2022-11-11,Consumer,-0.009858095238095232
2022-11-14,Consumer,0.17969733333333332
2022-11-15,Consumer,0.15934007130124778
2022-11-16,Consumer,0.070632
2022-11-17,Consumer,0.058924333333333336
2022-11-18,Consumer,0.3145645
2022-11-21,Consumer,-0.0511
2022-11-22,Consumer,0.30754629629629626
2022-11-23,Consumer,0.013168666666666657
2022-11-25,Consumer,0.3301688492063492
2022-11-28,Consumer,0.2541672619047619
2022-11-29,Consumer,0.0743681043956044
2022-11-30,Consumer,0.15069444444444446
2022-12-01,Consumer,0.18871749999999998
2022-12-02,Consumer,0.22359809523809523
2022-12-05,Consumer,0.17901363636363637
2022-12-06,Consumer,0.08396812698412699
2022-12-07,Consumer,0.11515
2022-12-08,Consumer,0.17124833333333334
2022-12-09,Consumer,0.164354
2022-12-12,Consumer,0.2669816666666667
2022-12-13,Consumer,0.19415416666666668
2022-12-14,Consumer,0.09141702380952381
2022-12-15,Consumer,0.11981354166666666
2022-12-16,Consumer,0.17165000000000002
2022-12-19,Consumer,0.14439666666666667
2022-12-20,Consumer,0.1980559706959707
2022-12-21,Consumer,0.10020064935064936
2022-12-22,Consumer,-0.04627530303030304
2022-12-23,Consumer,0.08055
2022-12-27,Consumer,0.1401
2022-12-28,Consumer,0.15835
2022-12-29,Consumer,0.082875
2022-12-30,Consumer,0.16639555555555555
2023-01-03,Consumer,0.1146722857142857
2023-01-04,Consumer,0.05947999999999999
2023-01-05,Consumer,0.11821457142857143
2023-01-06,Consumer,0.24827984126984126
2023-01-09,Consumer,0.16846250000000002
2023-01-10,Consumer,0.21203313492063494
2023-01-11,Consumer,0.08378571428571427
2023-01-12,Consumer,0.054586333333333334
2023-01-13,Consumer,0.06610646153846154
2023-01-17,Consumer,0.19112266666666666
2023-01-18,Consumer,0.218295
2023-01-19,Consumer,0.1885618888888889
2023-01-20,Consumer,0.023797476190476192
2023-01-23,Consumer,0.013133333333333335
2023-01-24,Consumer,0.25017285714285714
2023-01-25,Consumer,0.15604383333333333
2023-01-26,Consumer,0.12261899999999999
2023-01-27,Consumer,0.11155333333333335
2023-01-30,Consumer,0.055241904761904756
2023-01-31,Consumer,0.013520000000000004
2023-02-01,Consumer,0.10031480952380951
2023-02-02,Consumer,0.09481333333333333
2023-02-03,Consumer,0.21702400000000002
2023-02-06,Consumer,0.16384028571428572
2023-02-07,Consumer,0.11246800000000001
2023-02-08,Consumer,0.18100624999999998
2023-02-09,Consumer,0.11158114285714286
2023-02-10,Consumer,0.18489958620689656
2023-02-13,Consumer,0.12468349999999999
2023-02-14,Consumer,0.1801902196969697
2023-02-15,Consumer,0.26603248484848485
2023-02-16,Consumer,0.043430833333333335
2023-02-17,Consumer,0.04207466666666667
2023-02-21,Consumer,0.1754297619047619
2023-02-22,Consumer,0.13893737719298244
2023-02-23,Consumer,0.10009590476190477
2023-02-24,Consumer,0.08159000000000002
2023-02-27,Consumer,0.005800000000000003
2023-02-28,Consumer,0.09003344444444444
2023-03-01,Consumer,0.16583583333333335
2023-03-02,Consumer,0.11539633333333332
2023-03-03,Consumer,0.2832663203463204
2023-03-06,Consumer,-0.024616666666666676
2023-03-07,Consumer,-0.040311
2023-03-08,Consumer,0.17648333333333333
2023-03-09,Consumer,0.17494166666666666
2023-03-10,Consumer,0.1392
2023-03-13,Consumer,0.11596999999999999
2023-03-14,Consumer,0.05324885714285714
2023-03-15,Consumer,-0.04649666666666667
2023-03-16,Consumer,0.06556166666666667
2023-03-17,Consumer,0.04471166666666668
2023-03-20,Consumer,-0.010013000000000011
2023-03-21,Consumer,0.046112063492063496
2023-03-22,Consumer,0.17277777777777775
2023-03-23,Consumer,-0.05407846153846154
2023-03-24,Consumer,0.07454666666666668
2023-03-27,Consumer,0.189664
2023-03-28,Consumer,0.13123583333333333
2023-03-29,Consumer,0.15294214285714286
2023-03-30,Consumer,0.10597333333333334
2023-03-31,Consumer,0.13960115384615385
2023-04-03,Consumer,0.10269142857142859
2023-04-04,Consumer,0.11151984962406014
2023-04-05,Consumer,0.12417666666666667
2023-04-06,Consumer,0.11819142857142857
2023-04-10,Consumer,0.12564044444444444
2023-04-11,Consumer,0.11485300000000001
2023-04-12,Consumer,0.0599425
2023-04-13,Consumer,0.07067380952380953
2023-04-14,Consumer,-0.022918000000000004
2023-04-17,Consumer,0.124798
2023-04-18,Consumer,0.037773025210084035
2023-04-19,Consumer,0.0051064285714285725
2023-04-20,Consumer,0.12895
2023-04-21,Consumer,0.14552822222222223
2023-04-24,Consumer,0.18886619047619047
2023-04-25,Consumer,0.16948116666666668
2023-04-26,Consumer,0.06605266666666668
2023-04-27,Consumer,0.11874577922077922
2023-04-28,Consumer,0.038545
2023-05-01,Consumer,0.23662599999999995
2023-05-02,Consumer,0.07995538095238096
2023-05-03,Consumer,0.05361966666666666
2023-05-04,Consumer,0.12345624999999999
2023-05-05,Consumer,0.002100952380952384
2023-05-08,Consumer,0.05640133333333334
2023-05-09,Consumer,0.017195238095238104
2023-05-10,Consumer,0.14326366666666668
2023-05-11,Consumer,0.02329917948717949
2023-05-12,Consumer,0.1563775
2023-05-15,Consumer,0.03223692424242425
2023-05-16,Consumer,0.056602307692307695
2023-05-17,Consumer,0.0538
2023-05-18,Consumer,0.05326689393939394
2023-05-19,Consumer,0.26298347222222224
2023-05-22,Consumer,0.09509881347410759
2023-05-23,Consumer,0.047511414141414146
2023-05-24,Consumer,-0.030133809523809528
2023-05-25,Consumer,0.034133333333333335
2023-05-26,Consumer,0.060337499999999995
2023-05-30,Consumer,0.11176208333333333
2023-05-31,Consumer,0.09893333333333335
2023-06-01,Consumer,0.12570404761904763
2023-06-02,Consumer,0.15641166666666667
2023-06-05,Consumer,-0.03285249999999999
2023-06-06,Consumer,0.060584230769230786
2023-06-07,Consumer,0.135245
2023-06-08,Consumer,0.13062944444444444
2023-06-09,Consumer,0.10710144444444444
2023-06-12,Consumer,0.07775714285714286
2023-06-13,Consumer,0.09029344444444445
2023-06-14,Consumer,0.17052833333333334
2023-06-15,Consumer,0.03503833333333334
2023-06-16,Consumer,0.07783428571428572
2023-06-20,Consumer,-0.009490000000000004
2023-06-21,Consumer,0.06922583333333333
2023-06-22,Consumer,0.13533266666666668
2023-06-23,Consumer,0.026468095238095245
2023-06-26,Consumer,0.042038476190476196
2023-06-27,Consumer,0.1475490476190476
2023-06-28,Consumer,0.090848
2023-06-29,Consumer,0.10723866666666668
2023-06-30,Consumer,0.03540800000000001
2023-07-03,Consumer,0.12352453296703296
2023-07-05,Consumer,0.09011857142857142
2023-07-06,Consumer,0.06331833333333334
2023-07-07,Consumer,0.03667309523809524
2023-07-10,Consumer,0.11410333333333333
2023-07-11,Consumer,0.03842547619047619
2023-07-12,Consumer,0.13927450000000002
2023-07-13,Consumer,0.19583659090909092
2023-07-14,Consumer,0.23393451648351649
2023-07-17,Consumer,0.16024290909090907
2023-07-18,Consumer,0.054266545454545456
2023-07-19,Consumer,0.001287142857142863
2023-07-20,Consumer,0.172182
2023-07-21,Consumer,0.10066542857142857
2023-07-24,Consumer,0.024183333333333334
2023-07-25,Consumer,0.07745580952380952
2023-07-26,Consumer,0.11082171428571427
2023-07-27,Consumer,0.18008624561403508
2023-07-28,Consumer,0.20996527777777776
2023-07-31,Consumer,0.09444642857142857
2023-08-01,Consumer,0.11726477777777777
2023-08-02,Consumer,0.14133999999999997
2023-08-03,Consumer,0.05326619047619048
2023-08-04,Consumer,0.03383233333333333
2023-08-07,Consumer,0.068415
2023-08-08,Consumer,0.086039
2023-08-09,Consumer,0.16004119047619048
2023-08-10,Consumer,0.07156526315789474
2023-08-11,Consumer,0.13029333333333332
2023-08-14,Consumer,0.11476447863247863
2023-08-15,Consumer,0.07172833333333332
2023-08-16,Consumer,0.06022467171717172
2023-08-17,Consumer,0.14171774789915964
2023-08-18,Consumer,0.05006931818181818
2023-08-21,Consumer,0.021506833333333336
2023-08-22,Consumer,0.07233266666666667
2023-08-23,Consumer,0.057693095238095224
2023-08-24,Consumer,0.17365130952380953
2023-08-25,Consumer,0.06847730303030304
2023-08-28,Consumer,0.11228216666666666
2023-08-29,Consumer,0.11213323809523812
2023-08-30,Consumer,0.17589242424242424
2023-08-31,Consumer,0.08712
2023-09-01,Consumer,0.23928171428571426
2023-09-05,Consumer,0.19140333333333331
2023-09-06,Consumer,0.121435
2023-09-07,Consumer,0.0814225
2023-09-08,Consumer,0.11831845238095239
2023-09-11,Consumer,0.1853913888888889
2023-09-12,Consumer,0.09220986111111111
2023-09-13,Consumer,0.0947921130952381
2023-09-14,Consumer,0.1352597222222222
2023-09-15,Consumer,0.031052380952380953
2023-09-18,Consumer,0.27246916666666665
2023-09-19,Consumer,0.09610688311688312
2023-09-20,Consumer,0.10450216666666667
2023-09-21,Consumer,-0.088385
2023-09-22,Consumer,0.03450380952380952
2023-09-25,Consumer,0.15922433333333336
2023-09-26,Consumer,0.03945845238095237
2023-09-27,Consumer,0.152566
2023-09-28,Consumer,-0.048174666666666664
2023-09-29,Consumer,0.15104594322344322
2023-10-02,Consumer,0.18533045614035087
2023-10-03,Consumer,0.12666116883116885
2023-10-04,Consumer,0.45665266666666665
2023-10-05,Consumer,0.11454416666666667
2023-10-06,Consumer,0.24314333333333332
2023-10-09,Consumer,0.1919139393939394
2023-10-10,Consumer,0.04882996428571429
2023-10-11,Consumer,0.1908204761904762
2023-10-12,Consumer,0.05530016666666667
2023-10-13,Consumer,0.11529409523809524
2023-10-16,Consumer,0.07938452380952381
2023-10-17,Consumer,0.1470241111111111
2023-10-18,Consumer,0.0683311111111111
2023-10-19,Consumer,0.13909015151515153
2023-10-20,Consumer,0.07446071428571428
2023-10-23,Consumer,0.12070833333333333
2023-10-24,Consumer,0.15204616666666665
2023-10-25,Consumer,0.12023233333333332
2023-10-26,Consumer,-0.004904166666666654
2023-10-27,Consumer,0.11221999999999999
2023-10-30,Consumer,0.24627857142857143
2023-10-31,Consumer,0.1477013675213675
2023-11-01,Consumer,0.194521
2023-11-02,Consumer,0.18389831746031746
2023-11-03,Consumer,0.13976788888888889
2023-11-06,Consumer,0.10649476190476193
2023-11-07,Consumer,0.05976398412698414
2023-11-08,Consumer,0.2256752222222222
2023-11-09,Consumer,0.03987141025641025
2023-11-10,Consumer,0.14348066666666665
2023-11-13,Consumer,0.11516551515151514
2023-11-14,Consumer,0.18024197826086957
2023-11-15,Consumer,0.10187933333333335
2023-11-16,Consumer,0.1676102564102564
2023-11-17,Consumer,0.027687428571428568
2023-11-20,Consumer,0.09501222222222222
2023-11-21,Consumer,0.0430936103896104
2023-11-22,Consumer,0.04845427083333333
2023-11-24,Consumer,0.021012727272727273
2023-11-27,Consumer,0.09361607142857142
2023-11-28,Consumer,0.14166016666666667
2023-11-29,Consumer,0.118708
2023-11-30,Consumer,0.0660382142857143
2023-12-01,Consumer,0.06114833333333334
2023-12-04,Consumer,0.24906785714285717
2023-12-05,Consumer,0.12761257575757576
2023-12-06,Consumer,0.13501333333333335
2023-12-07,Consumer,0.11287844444444443
2023-12-08,Consumer,0.2908783333333333
2023-12-11,Consumer,-0.015177000000000001
2023-12-12,Consumer,0.14367820346320348
2023-12-13,Consumer,-0.05741333333333334
2023-12-14,Consumer,0.070541
2023-12-15,Consumer,0.048552
2023-12-18,Consumer,0.10830833333333334
2023-12-19,Consumer,0.06994533333333333
2023-12-20,Consumer,0.06994533333333333
2023-12-21,Consumer,0.06994533333333333
2023-12-22,Consumer,0.06994533333333333
2023-12-26,Consumer,0.06994533333333333
2023-12-27,Consumer,0.06994533333333333
2023-12-28,Consumer,0.06994533333333333
2023-12-29,Consumer,0.06994533333333333
2020-01-02,Energy,
2020-01-03,Energy,0.20681142857142856
2020-01-06,Energy,-0.02763372727272727
2020-01-07,Energy,0.08587060606060606
2020-01-08,Energy,0.05154999999999999
2020-01-09,Energy,0.026641666666666685
2020-01-10,Energy,0.10351000000000002
2020-01-13,Energy,0.03315
2020-01-14,Energy,0.1435735
2020-01-15,Energy,0.20242166666666667
2020-01-16,Energy,0.19965166666666664
2020-01-17,Energy,0.17142380952380953
2020-01-21,Energy,0.15197666666666668
2020-01-22,Energy,0.13069833333333333
2020-01-23,Energy,0.26090833333333335
2020-01-24,Energy,-0.005006000000000008
2020-01-27,Energy,0.18136166666666667
2020-01-28,Energy,-0.02657166666666667
2020-01-29,Energy,0.24658333333333335
2020-01-30,Energy,0.013120833333333335
2020-01-31,Energy,0.08348214285714287
2020-02-03,Energy,0.0755915873015873
2020-02-04,Energy,0.038257820512820506
2020-02-05,Energy,0.09309444444444445
2020-02-06,Energy,0.5147975238095237
2020-02-07,Energy,0.23407083333333334
2020-02-10,Energy,0.22275299999999998
2020-02-11,Energy,0.05719333333333334
2020-02-12,Energy,0.09623314285714285
2020-02-13,Energy,-0.02703000000000001
2020-02-14,Energy,0.121615625
2020-02-18,Energy,0.113125
2020-02-19,Energy,0.03318
2020-02-20,Energy,0.24769583333333334
2020-02-21,Energy,0.285525
2020-02-24,Energy,-0.00620833333333333
2020-02-25,Energy,-0.21343678571428568
2020-02-26,Energy,-0.11161166666666669
2020-02-27,Energy,0.18191028571428572
2020-02-28,Energy,0.077492
2020-03-02,Energy,0.1048863888888889
2020-03-03,Energy,0.05180625
2020-03-04,Energy,0.019700888888888886
2020-03-05,Energy,0.22001666666666667
2020-03-06,Energy,0.006663333333333332
2020-03-09,Energy,-0.0030566666666666685
2020-03-10,Energy,-0.16809516483516482
2020-03-11,Energy,0.014684019323671495
2020-03-12,Energy,-0.034936726190476185
2020-03-13,Energy,-0.04595763157894737
2020-03-16,Energy,0.2630689635854342
2020-03-17,Energy,-0.07496390196078431
2020-03-18,Energy,-0.066045
2020-03-19,Energy,0.0021361904761904747
2020-03-20,Energy,-0.05250250000000001
2020-03-23,Energy,-0.11786625641025641
2020-03-24,Energy,-0.15672666666666665
2020-03-25,Energy,0.16938066666666668
2020-03-26,Energy,0.31736055555555553
2020-03-27,Energy,0.15826600000000002
2020-03-30,Energy,0.26678685714285716
2020-03-31,Energy,-0.06441533333333334
2020-04-01,Energy,-0.00209666666666668
2020-04-02,Energy,-0.0611047619047619
2020-04-03,Energy,-0.049767641025641025
2020-04-06,Energy,-0.07166952380952382
2020-04-07,Energy,0.14971333333333336
2020-04-08,Energy,0.32499142857142854
2020-04-09,Energy,0.3067758095238095
2020-04-13,Energy,0.16014104761904763
2020-04-14,Energy,0.05980981684981686
2020-04-15,Energy,-0.039128124999999986
2020-04-16,Energy,0.01870320512820513
2020-04-17,Energy,-0.017814376623376618
2020-04-20,Energy,-0.06667051851851852
2020-04-21,Energy,-0.22609769910282954
2020-04-22,Energy,-0.27850933333333333
2020-04-23,Energy,-0.044009999999999994
2020-04-24,Energy,0.19818135858585859
2020-04-27,Energy,-0.13405848214285715
2020-04-28,Energy,-0.030045833333333334
2020-04-29,Energy,0.006553472222222223
2020-04-30,Energy,0.1645736984126984
2020-05-01,Energy,0.03980663203463204
2020-05-04,Energy,-0.1424033492063492
2020-05-05,Energy,-0.014696421911421908
2020-05-06,Energy,0.17318540404040403
2020-05-07,Energy,0.2262625
2020-05-08,Energy,0.26025261904761904
2020-05-11,Energy,0.213915
2020-05-12,Energy,-0.09469477777777778
2020-05-13,Energy,0.08013733333333334
2020-05-14,Energy,-0.06230467532467532
2020-05-15,Energy,-0.05423
2020-05-18,Energy,0.14278166666666667
2020-05-19,Energy,0.14203369841269842
2020-05-20,Energy,0.15552
2020-05-21,Energy,-0.016429999999999997
2020-05-22,Energy,-0.04973999999999999
2020-05-26,Energy,-0.04422533333333334
2020-05-27,Energy,0.098444
2020-05-28,Energy,-0.07417
2020-05-29,Energy,0.14303
2020-06-01,Energy,0.238016
2020-06-02,Energy,-0.10889526515151515
2020-06-03,Energy,0.1544785714285714
2020-06-04,Energy,0.5271625
2020-06-05,Energy,0.09970266666666668
2020-06-08,Energy,0.26729284848484847
2020-06-09,Energy,0.15088657142857145
2020-06-10,Energy,0.46582999999999997
2020-06-11,Energy,-0.15578888888888887
2020-06-12,Energy,-0.15558
2020-06-15,Energy,0.027370000000000016
2020-06-16,Energy,0.058358518518518525
2020-06-17,Energy,0.139778125
2020-06-18,Energy,0.052205
2020-06-19,Energy,0.019853333333333334
2020-06-22,Energy,0.33485674603174603
2020-06-23,Energy,0.19424166666666667
2020-06-24,Energy,0.04998750000000002
2020-06-25,Energy,-0.157375
2020-06-26,Energy,0.17964952380952381
2020-06-29,Energy,0.08318888888888888
2020-06-30,Energy,0.023400000000000008
2020-07-01,Energy,0.12735583333333333
2020-07-02,Energy,0.14962916666666667
2020-07-06,Energy,0.17867757575757576
2020-07-07,Energy,0.02603666666666666
2020-07-08,Energy,0.01417261904761905
2020-07-09,Energy,0.5859
2020-07-10,Energy,0.28966250000000004
2020-07-13,Energy,0.07613333333333334
2020-07-14,Energy,0.3439666666666667
2020-07-15,Energy,-0.0258
2020-07-16,Energy,-0.13835833333333333
2020-07-17,Energy,0.11567500000000001
2020-07-20,Energy,-0.13315416666666668
2020-07-21,Energy,0.03942388888888891
2020-07-22,Energy,0.2962156043956044
2020-07-23,Energy,0.177495
2020-07-24,Energy,0.027800000000000005
2020-07-27,Energy,0.18400673076923077
2020-07-28,Energy,0.03866
2020-07-29,Energy,0.2023
2020-07-30,Energy,0.3002125
2020-07-31,Energy,0.04180244444444444
2020-08-03,Energy,-0.014143809523809519
2020-08-04,Energy,0.10191750000000002
2020-08-05,Energy,-0.014212499999999996
2020-08-06,Energy,0.03119444444444445
2020-08-07,Energy,0.24158333333333334
2020-08-10,Energy,0.04856888888888889
2020-08-11,Energy,0.18793866666666667
2020-08-12,Energy,0.2246669642857143
2020-08-13,Energy,0.2330566666666667
2020-08-14,Energy,0.1366
2020-08-17,Energy,0.29510833333333336
2020-08-18,Energy,-0.06319583333333333
2020-08-19,Energy,0.014091666666666662
2020-08-20,Energy,0.08835555555555556
2020-08-21,Energy,0.05986999999999999
2020-08-24,Energy,0.11383333333333334
2020-08-25,Energy,0.16016
2020-08-26,Energy,-0.0010433333333333295
2020-08-27,Energy,0.19125238095238095
2020-08-28,Energy,-0.0038857142857142923
2020-08-31,Energy,0.003908333333333333
2020-09-01,Energy,-0.0018814285714285673
2020-09-02,Energy,0.06729999999999998
2020-09-03,Energy,-0.0921
2020-09-04,Energy,0.17512666666666665
2020-09-08,Energy,0.03389375
2020-09-09,Energy,-0.167164
2020-09-10,Energy,0.2294
2020-09-11,Energy,0.1366
2020-09-14,Energy,0.11800000000000001
2020-09-15,Energy,-0.06573392857142857
2020-09-16,Energy,-0.2610166666666667
2020-09-17,Energy,0.2182708333333333
2020-09-18,Energy,0.23710833333333334
2020-09-21,Energy,0.12377500000000001
2020-09-22,Energy,-0.09093333333333335
2020-09-23,Energy,0.5719666666666666
2020-09-24,Energy,0.09602500000000003
2020-09-25,Energy,0.19579583333333334
2020-09-28,Energy,0.12899999999999998
2020-09-29,Energy,0.20564166666666664
2020-09-30,Energy,0.2932766666666667
2020-10-01,Energy,0.043005555555555554
2020-10-02,Energy,0.06346888888888888
2020-10-05,Energy,0.22993660714285713
2020-10-06,Energy,0.16244354166666666
2020-10-07,Energy,-0.19081666666666663
2020-10-08,Energy,0.021740000000000002
2020-10-09,Energy,0.32831984126984126
2020-10-12,Energy,0.32831984126984126
2020-10-13,Energy,0.22340937500000002
2020-10-14,Energy,-0.1591
2020-10-15,Energy,0.016960000000000003
2020-10-16,Energy,0.3333625
2020-10-19,Energy,0.0025520833333333437
2020-10-20,Energy,0.026960787878787883
2020-10-21,Energy,0.18765555555555558
2020-10-22,Energy,-0.030614999999999983
2020-10-23,Energy,0.23016388888888892
2020-10-26,Energy,0.25895833333333335
2020-10-27,Energy,0.04248433333333333
2020-10-28,Energy,-0.000844444444444444
2020-10-29,Energy,0.07126857142857142
2020-10-30,Energy,-0.24387321428571426
2020-11-02,Energy,0.06874
2020-11-03,Energy,-0.08184083333333333
2020-11-04,Energy,0.21637499999999998
2020-11-05,Energy,0.014942500000000001
2020-11-06,Energy,0.10574666666666666
2020-11-09,Energy,0.134475
2020-11-10,Energy,0.17189497435897438
2020-11-11,Energy,0.08159100000000001
2020-11-12,Energy,0.29773333333333335
2020-11-13,Energy,0.38499999999999995
2020-11-16,Energy,0.27973333333333333
2020-11-17,Energy,0.31638125
2020-11-18,Energy,0.0
2020-11-19,Energy,0.2579333333333333
2020-11-20,Energy,0.20095
2020-11-23,Energy,0.0
2020-11-24,Energy,0.13535
2020-11-25,Energy,-0.14315
2020-11-27,Energy,0.209703125
2020-11-30,Energy,0.08753333333333334
2020-12-01,Energy,0.19193785714285716
2020-12-02,Energy,0.18151
2020-12-03,Energy,0.18616416666666666
2020-12-04,Energy,0.05660833333333334
2020-12-07,Energy,0.027606132756132752
2020-12-08,Energy,0.14359375
2020-12-09,Energy,0.130125
2020-12-10,Energy,0.07528
2020-12-11,Energy,0.35707
2020-12-14,Energy,-0.233304
2020-12-15,Energy,0.1588375
2020-12-16,Energy,0.33522222222222225
2020-12-17,Energy,0.02231666666666668
2020-12-18,Energy,0.11717999999999999
2020-12-21,Energy,0.06116666666666667
2020-12-22,Energy,0.10593133333333335
2020-12-23,Energy,-0.018831999999999995
2020-12-24,Energy,0.12518333333333334
2020-12-28,Energy,0.0874111111111111
2020-12-29,Energy,0.06247499999999999
2020-12-30,Energy,0.143175
2020-12-31,Energy,0.04303333333333334
2021-01-04,Energy,0.058391666666666675
2021-01-05,Energy,0.08294791666666666
2021-01-06,Energy,0.14123666666666668
2021-01-07,Energy,-0.019253333333333334
2021-01-08,Energy,0.09145555555555555
2021-01-11,Energy,0.11677589285714286
2021-01-12,Energy,0.12099
2021-01-13,Energy,0.018798333333333327
2021-01-14,Energy,0.1496625
2021-01-15,Energy,0.08263333333333334
2021-01-19,Energy,0.17551346153846153
2021-01-20,Energy,0.3822083333333333
2021-01-21,Energy,-0.09545
2021-01-22,Energy,-0.23058499999999998
2021-01-25,Energy,-0.13033999999999998
2021-01-26,Energy,0.19573333333333334
2021-01-27,Energy,0.37005999999999994
2021-01-28,Energy,0.2073222222222222
2021-01-29,Energy,0.09937291666666666
2021-02-01,Energy,-0.3491916666666666
2021-02-02,Energy,0.17098954545454545
2021-02-03,Energy,0.021697076023391822
2021-02-04,Energy,0.07283833333333332
2021-02-05,Energy,0.1618
2021-02-08,Energy,0.04620166666666667
2021-02-09,Energy,0.1482975
2021-02-10,Energy,0.07955
2021-02-11,Energy,-0.19583333333333333
2021-02-12,Energy,0.17121874999999998
2021-02-16,Energy,-0.036019333333333334
2021-02-17,Energy,0.23473333333333335
2021-02-18,Energy,-0.12845272727272727
2021-02-19,Energy,0.2371
2021-02-22,Energy,0.32935
2021-02-23,Energy,0.2156798611111111
2021-02-24,Energy,0.2972541666666667
2021-02-25,Energy,-0.033389666666666665
2021-02-26,Energy,0.18716249999999998
2021-03-01,Energy,-0.05919166666666666
2021-03-02,Energy,0.26172533333333337
2021-03-03,Energy,-0.06272666666666667
2021-03-04,Energy,0.023497727272727267
2021-03-05,Energy,0.10244500000000001
2021-03-08,Energy,0.25884583333333333
2021-03-09,Energy,0.13008583333333334
2021-03-10,Energy,-0.17275396825396827
2021-03-11,Energy,0.155525
2021-03-12,Energy,0.29270555555555555
2021-03-15,Energy,0.4767
2021-03-16,Energy,0.11092916666666666
2021-03-17,Energy,-0.14980833333333332
2021-03-18,Energy,0.017116666666666665
2021-03-19,Energy,-0.048166666666666684
2021-03-22,Energy,0.31044444444444447
2021-03-23,Energy,-0.01617083333333333
2021-03-24,Energy,-0.13659944444444444
2021-03-25,Energy,0.176635
2021-03-26,Energy,0.20511666666666667
2021-03-29,Energy,0.3468716666666667
2021-03-30,Energy,0.17095
2021-03-31,Energy,0.33471666666666666
2021-04-01,Energy,0.21801458333333332
2021-04-05,Energy,-0.2929
2021-04-06,Energy,0.05783833333333334
2021-04-07,Energy,0.0665375
2021-04-08,Energy,-0.06846666666666666
2021-04-09,Energy,0.07392
2021-04-12,Energy,-0.18888749999999999
2021-04-13,Energy,0.370425
2021-04-14,Energy,0.24647777777777777
2021-04-15,Energy,0.07579166666666667
2021-04-16,Energy,0.0017400000000000083
2021-04-19,Energy,0.05531666666666666
2021-04-20,Energy,0.09474166666666667
2021-04-21,Energy,0.2569666666666667
2021-04-22,Energy,0.035818749999999996
2021-04-23,Energy,0.05837333333333333
2021-04-26,Energy,-0.042762499999999995
2021-04-27,Energy,-0.015539999999999993
2021-04-28,Energy,0.06577777777777777
2021-04-29,Energy,0.3133766666666667
2021-04-30,Energy,0.1293222222222222
2021-05-03,Energy,0.20777696428571427
2021-05-04,Energy,0.11941875
2021-05-05,Energy,0.11678523809523811
2021-05-06,Energy,0.14047291666666667
2021-05-07,Energy,0.2692083333333333
2021-05-10,Energy,-0.0730625
2021-05-11,Energy,0.15196828571428572
2021-05-12,Energy,-0.022505000000000004
2021-05-13,Energy,0.11035833333333334
2021-05-14,Energy,0.0
2021-05-17,Energy,-0.02838888888888889
2021-05-18,Energy,0.22931916666666666
2021-05-19,Energy,-0.0294375
2021-05-20,Energy,-0.1192125
2021-05-21,Energy,0.10115
2021-05-24,Energy,0.0373625
2021-05-25,Energy,0.16567666666666664
2021-05-26,Energy,0.15803402777777778
2021-05-27,Energy,0.309022
2021-05-28,Energy,0.1108022222222222
2021-06-01,Energy,-0.032290000000000006
2021-06-02,Energy,0.11721621212121211
2021-06-03,Energy,0.171605
2021-06-04,Energy,0.22661000000000003
2021-06-07,Energy,0.0
2021-06-08,Energy,-0.2017
2021-06-09,Energy,0.23466666666666666
2021-06-10,Energy,0.179205
2021-06-11,Energy,0.12267000000000002
2021-06-14,Energy,0.056425
2021-06-15,Energy,0.2578
2021-06-16,Energy,0.24346833333333334
2021-06-17,Energy,0.229142
2021-06-18,Energy,0.04000833333333333
2021-06-21,Energy,0.116425
2021-06-22,Energy,0.25628599999999996
2021-06-23,Energy,0.1337125
2021-06-24,Energy,0.208825
2021-06-25,Energy,0.14267166666666667
2021-06-28,Energy,0.24453333333333332
2021-06-29,Energy,-0.057014999999999996
2021-06-30,Energy,0.532408
2021-07-01,Energy,0.1355625
2021-07-02,Energy,0.11151200000000001
2021-07-06,Energy,0.286435
2021-07-07,Energy,-0.21213333333333337
2021-07-08,Energy,0.013188333333333333
2021-07-09,Energy,0.10816133333333333
2021-07-12,Energy,0.362804
2021-07-13,Energy,0.42944722222222226
2021-07-14,Energy,0.07772499999999999
2021-07-15,Energy,0.2049
2021-07-16,Energy,0.0035033333333333375
2021-07-19,Energy,0.16953066666666666
2021-07-20,Energy,-0.042735999999999996
2021-07-21,Energy,0.19070666666666666
2021-07-22,Energy,0.34115333333333336
2021-07-23,Energy,0.10203
2021-07-26,Energy,0.37366750000000004
2021-07-27,Energy,0.06085666666666666
2021-07-28,Energy,0.0
2021-07-29,Energy,0.1604
2021-07-30,Energy,0.043326666666666666
2021-08-02,Energy,0.21746363636363636
2021-08-03,Energy,0.040445666666666664
2021-08-04,Energy,0.3720291666666667
2021-08-05,Energy,0.0
2021-08-06,Energy,0.13093833333333332
2021-08-09,Energy,0.03108333333333335
2021-08-10,Energy,-0.009612499999999993
2021-08-11,Energy,-0.16937857142857146
2021-08-12,Energy,0.18980083333333336
2021-08-13,Energy,-0.019283333333333336
2021-08-16,Energy,0.21556666666666666
2021-08-17,Energy,-0.024527619047619038
2021-08-18,Energy,-0.24165
2021-08-19,Energy,0.017855
2021-08-20,Energy,0.07054702380952381
2021-08-23,Energy,-0.30306666666666665
2021-08-24,Energy,0.22340848484848483
2021-08-25,Energy,0.02978333333333333
2021-08-26,Energy,0.0683
2021-08-27,Energy,0.055644000000000006
2021-08-30,Energy,0.017931250000000003
2021-08-31,Energy,-0.1371757142857143
2021-09-01,Energy,0.08014733333333332
2021-09-02,Energy,-0.044374404761904754
2021-09-03,Energy,0.2268069487179487
2021-09-07,Energy,0.14053348214285716
2021-09-08,Energy,0.02105555555555554
2021-09-09,Energy,0.12153928571428572
2021-09-10,Energy,0.30797942857142857
2021-09-13,Energy,0.13717291666666664
2021-09-14,Energy,0.0803450892857143
2021-09-15,Energy,-0.0366875
2021-09-16,Energy,-0.04296333333333333
2021-09-17,Energy,-0.008453333333333335
2021-09-20,Energy,0.15253333333333333
2021-09-21,Energy,0.08288625000000001
2021-09-22,Energy,0.12421
2021-09-23,Energy,0.11864
2021-09-24,Energy,0.22777833333333333
2021-09-27,Energy,0.0486952380952381
2021-09-28,Energy,0.020994444444444437
2021-09-29,Energy,0.0075466666666666685
2021-09-30,Energy,0.15857142857142859
2021-10-01,Energy,0.13743333333333335
2021-10-04,Energy,0.23672500000000002
2021-10-05,Energy,0.22899999999999998
2021-10-06,Energy,0.20871499999999998
2021-10-07,Energy,0.23756666666666668
2021-10-08,Energy,0.11381857142857141
2021-10-11,Energy,0.06723214285714287
2021-10-12,Energy,0.04338333333333334
2021-10-13,Energy,0.19480277777777777
2021-10-14,Energy,0.21643333333333334
2021-10-15,Energy,0.280675
2021-10-18,Energy,0.367633
2021-10-19,Energy,0.07657
2021-10-20,Energy,0.23352599999999998
2021-10-21,Energy,0.12647777777777777
2021-10-22,Energy,0.09862708333333334
2021-10-25,Energy,0.19538304761904762
2021-10-26,Energy,0.19446875
2021-10-27,Energy,0.25594285714285714
2021-10-28,Energy,0.021904285714285716
2021-10-29,Energy,0.12159791666666664
2021-11-01,Energy,0.359135
2021-11-02,Energy,0.12453958333333331
2021-11-03,Energy,0.06922592592592593
2021-11-04,Energy,0.033133333333333334
2021-11-05,Energy,0.24564291666666668
2021-11-08,Energy,0.2259972222222222
2021-11-09,Energy,0.13355466666666668
2021-11-10,Energy,0.072735
2021-11-11,Energy,-0.03880000000000001
2021-11-12,Energy,0.045579999999999996
2021-11-15,Energy,0.045579999999999996
2021-11-16,Energy,0.02198958333333334
2021-11-17,Energy,-0.028440000000000014
2021-11-18,Energy,0.026964285714285715
2021-11-19,Energy,-0.02236666666666667
2021-11-22,Energy,-0.15212222222222224
2021-11-23,Energy,0.01672916666666667
2021-11-24,Energy,0.2444616666666667
2021-11-26,Energy,0.030355555555555556
2021-11-29,Energy,-0.3228525
2021-11-30,Energy,-0.03923333333333332
2021-12-01,Energy,-0.06333125000000002
2021-12-02,Energy,0.3513433333333333
2021-12-03,Energy,0.11463809523809525
2021-12-06,Energy,-0.009045833333333333
2021-12-07,Energy,0.047582380952380945
2021-12-08,Energy,0.12199041666666666
2021-12-09,Energy,0.16977083333333332
2021-12-10,Energy,0.006031250000000002
2021-12-13,Energy,0.28575333333333336
2021-12-14,Energy,0.0707547619047619
2021-12-15,Energy,0.3198666666666667
2021-12-16,Energy,0.17346666666666666
2021-12-17,Energy,0.11608749999999998
2021-12-20,Energy,0.15038666666666667
2021-12-21,Energy,-0.0168
2021-12-22,Energy,0.0
2021-12-23,Energy,0.06698333333333333
2021-12-27,Energy,-0.015326666666666669
2021-12-28,Energy,0.3193888888888889
2021-12-29,Energy,-0.05641111111111111
2021-12-30,Energy,0.22915
2021-12-31,Energy,0.032231249999999996
2022-01-03,Energy,0.33146333333333333
2022-01-04,Energy,0.09987714285714286
2022-01-05,Energy,0.04521666666666667
2022-01-06,Energy,0.15812222222222222
2022-01-07,Energy,0.0551
2022-01-10,Energy,0.29951
2022-01-11,Energy,0.21302174603174598
2022-01-12,Energy,0.15405079365079363
2022-01-13,Energy,0.23046354166666666
2022-01-14,Energy,0.18053266666666665
2022-01-18,Energy,0.21403000000000003
2022-01-19,Energy,0.20249666666666669
2022-01-20,Energy,0.16527333333333333
2022-01-21,Energy,0.13698020833333335
2022-01-24,Energy,0.13246875
2022-01-25,Energy,0.08515916666666667
2022-01-26,Energy,0.186195
2022-01-27,Energy,0.19058527777777778
2022-01-28,Energy,0.15212833333333334
2022-01-31,Energy,0.20201388888888888
2022-02-01,Energy,0.15750250000000002
2022-02-02,Energy,0.1345058695652174
2022-02-03,Energy,0.32357233333333335
2022-02-04,Energy,0.17713083333333332
2022-02-07,Energy,0.154025
2022-02-08,Energy,0.19806325396825397
2022-02-09,Energy,0.276515
2022-02-10,Energy,0.1695233333333333
2022-02-11,Energy,0.05469357142857142
2022-02-14,Energy,0.24461333333333335
2022-02-15,Energy,0.21108031746031744
2022-02-16,Energy,0.114438
2022-02-17,Energy,0.133242
2022-02-18,Energy,0.099065
2022-02-22,Energy,0.10110416666666666
2022-02-23,Energy,-0.025668958333333342
2022-02-24,Energy,0.12550716666666667
2022-02-25,Energy,-0.03816911111111111
2022-02-28,Energy,0.2587032051282051
2022-03-01,Energy,0.13454066666666667
2022-03-02,Energy,0.1236113596491228
2022-03-03,Energy,0.1967317857142857
2022-03-04,Energy,0.1905440293040293
2022-03-07,Energy,0.17025541666666666
2022-03-08,Energy,0.08231730769230769
2022-03-09,Energy,0.13984155555555555
2022-03-10,Energy,0.12604933333333335
2022-03-11,Energy,0.10917428571428571
2022-03-14,Energy,0.16389722222222222
2022-03-15,Energy,0.21058077777777778
2022-03-16,Energy,0.15336242857142857
2022-03-17,Energy,0.18154944805194806
2022-03-18,Energy,0.20258838383838385
2022-03-21,Energy,0.07074333333333332
2022-03-22,Energy,0.10272928571428572
2022-03-23,Energy,0.1389720606060606
2022-03-24,Energy,0.046667499999999994
2022-03-25,Energy,0.15594638461538463
2022-03-28,Energy,0.321612
2022-03-29,Energy,0.3114177777777778
2022-03-30,Energy,0.1525950909090909
2022-03-31,Energy,0.36841666666666667
2022-04-01,Energy,-0.003976666666666661
2022-04-04,Energy,0.329298
2022-04-05,Energy,0.1666852222222222
2022-04-06,Energy,0.086984
2022-04-07,Energy,0.200875
2022-04-08,Energy,0.1987825
2022-04-11,Energy,0.30998375
2022-04-12,Energy,0.35516562500000004
2022-04-13,Energy,0.18135844444444443
2022-04-14,Energy,0.24765756944444445
2022-04-18,Energy,0.28245000000000003
2022-04-19,Energy,0.4337767857142857
2022-04-20,Energy,0.086288
2022-04-21,Energy,0.29762
2022-04-22,Energy,0.22587416666666665
2022-04-25,Energy,0.1908446666666667
2022-04-26,Energy,0.10412956132756132
2022-04-27,Energy,0.16530520833333334
2022-04-28,Energy,0.3279924444444445
2022-04-29,Energy,0.26178595238095237
2022-05-02,Energy,0.013825333333333332
2022-05-03,Energy,0.2039875
2022-05-04,Energy,0.23351366666666667
2022-05-05,Energy,0.15383555555555556
2022-05-06,Energy,0.338084
2022-05-09,Energy,0.17556692857142858
2022-05-10,Energy,0.1672905735930736
2022-05-11,Energy,0.15705142857142856
2022-05-12,Energy,0.3134347222222222
2022-05-13,Energy,0.11742833333333333
2022-05-16,Energy,0.12964444444444445
2022-05-17,Energy,0.08970797802197802
2022-05-18,Energy,0.21063242424242426
2022-05-19,Energy,0.14530620512820513
2022-05-20,Energy,0.22809809523809524
2022-05-23,Energy,0.22648250000000003
2022-05-24,Energy,0.14278133333333334
2022-05-25,Energy,0.17849844444444446
2022-05-26,Energy,0.21066041666666668
2022-05-27,Energy,0.2460185
2022-05-31,Energy,0.25107380952380953
2022-06-01,Energy,0.20432199999999998
2022-06-02,Energy,0.23919833333333332
2022-06-03,Energy,0.26115466666666665
2022-06-06,Energy,0.28584766666666667
2022-06-07,Energy,0.17192032967032966
2022-06-08,Energy,0.12167050000000001
2022-06-09,Energy,0.21087603174603173
2022-06-10,Energy,0.16317500000000001
2022-06-13,Energy,0.10679333333333334
2022-06-14,Energy,0.1565974116161616
2022-06-15,Energy,0.214009375
2022-06-16,Energy,0.16679249999999998
2022-06-17,Energy,0.029330000000000002
2022-06-21,Energy,0.13882866666666666
2022-06-22,Energy,0.045409157509157506
2022-06-23,Energy,0.03195722222222223
2022-06-24,Energy,0.11840388888888889
2022-06-27,Energy,-0.08981416666666667
2022-06-28,Energy,0.08630200000000002
2022-06-29,Energy,0.30699759103641455
2022-06-30,Energy,0.22484142857142858
2022-07-01,Energy,-0.04983449999999999
2022-07-05,Energy,0.22599
2022-07-06,Energy,0.014052430555555568
2022-07-07,Energy,0.2869618571428571
2022-07-08,Energy,0.26227666666666666
2022-07-11,Energy,0.17533750000000003
2022-07-12,Energy,0.0595572435897436
2022-07-13,Energy,0.2462619047619048
2022-07-14,Energy,0.17868333333333336
2022-07-15,Energy,0.18550606060606062
2022-07-18,Energy,0.27465833333333334
2022-07-19,Energy,0.26950738095238097
2022-07-20,Energy,0.3539466666666667
2022-07-21,Energy,0.21249547619047618
2022-07-22,Energy,0.10034833333333334
2022-07-25,Energy,0.3003672727272727
2022-07-26,Energy,0.38857008369408375
2022-07-27,Energy,0.11501999999999998
2022-07-28,Energy,0.1556918095238095
2022-07-29,Energy,0.2387379090909091
2022-08-01,Energy,0.37542608974358976
2022-08-02,Energy,0.16861628787878785
2022-08-03,Energy,0.17928303571428572
2022-08-04,Energy,0.2944752085561498
2022-08-05,Energy,0.241132619047619
2022-08-08,Energy,0.2967875
2022-08-09,Energy,0.2240626984126984
2022-08-10,Energy,0.138144126984127
2022-08-11,Energy,0.1730289523809524
2022-08-12,Energy,0.18264666666666665
2022-08-15,Energy,0.2183775
2022-08-16,Energy,0.14546129292929294
2022-08-17,Energy,0.21242916666666667
2022-08-18,Energy,0.36471458333333334
2022-08-19,Energy,-0.017159666666666656
2022-08-22,Energy,0.20400111111111108
2022-08-23,Energy,0.21245600000000003
2022-08-24,Energy,0.14684777777777777
2022-08-25,Energy,-0.010455333333333334
2022-08-26,Energy,0.19579249999999998
2022-08-29,Energy,0.18656555555555557
2022-08-30,Energy,0.25804384920634926
2022-08-31,Energy,0.09114714285714286
2022-09-01,Energy,0.3185540909090909
2022-09-02,Energy,0.150505
2022-09-06,Energy,0.20166119047619047
2022-09-07,Energy,0.05143750000000001
2022-09-08,Energy,0.15772666666666665
2022-09-09,Energy,0.27588999999999997
2022-09-12,Energy,0.00940266666666667
2022-09-13,Energy,0.29007916666666667
2022-09-14,Energy,0.2648114761904762
2022-09-15,Energy,0.14797812500000002
2022-09-16,Energy,0.23352444444444442
2022-09-19,Energy,0.495585
2022-09-20,Energy,0.04450957142857144
2022-09-21,Energy,0.22261999999999998
2022-09-22,Energy,0.30465625
2022-09-23,Energy,0.13821666666666665
2022-09-26,Energy,-0.12701916666666668
2022-09-27,Energy,0.09926041666666668
2022-09-28,Energy,-0.06873809523809524
2022-09-29,Energy,0.24640208333333333
2022-09-30,Energy,0.219815
2022-10-03,Energy,0.2705563492063492
2022-10-04,Energy,0.13570589743589742
2022-10-05,Energy,0.21368958333333338
2022-10-06,Energy,0.23878666666666665
2022-10-07,Energy,0.169127
2022-10-10,Energy,0.2960257142857143
2022-10-11,Energy,0.13325833333333334
2022-10-12,Energy,0.19622166666666666
2022-10-13,Energy,0.3348203846153846
2022-10-14,Energy,0.10111555555555556
2022-10-17,Energy,0.11390866666666666
2022-10-18,Energy,0.07120083333333334
2022-10-19,Energy,0.04511875
2022-10-20,Energy,0.22474733333333333
2022-10-21,Energy,0.130947
2022-10-24,Energy,0.12331177777777777
2022-10-25,Energy,0.09651522222222222
2022-10-26,Energy,0.14606500000000003
2022-10-27,Energy,0.08664333333333334
2022-10-28,Energy,0.13626818181818184
2022-10-31,Energy,0.25253766666666666
2022-11-01,Energy,0.14887116666666667
2022-11-02,Energy,0.14493133116883117
2022-11-03,Energy,0.30967661904761906
2022-11-04,Energy,0.34775666666666666
2022-11-07,Energy,0.12093666666666666
2022-11-08,Energy,0.09863672727272728
2022-11-09,Energy,0.20023229166666667
2022-11-10,Energy,-0.064775
2022-11-11,Energy,0.09074266666666667
2022-11-14,Energy,0.17637057142857143
2022-11-15,Energy,0.240894627039627
2022-11-16,Energy,0.3566928571428571
2022-11-17,Energy,0.27961800000000003
2022-11-18,Energy,0.06764624999999999
2022-11-21,Energy,0.028790000000000013
2022-11-22,Energy,0.1497365
2022-11-23,Energy,-0.05153833333333333
2022-11-25,Energy,0.2230920476190476
2022-11-28,Energy,0.16692222222222222
2022-11-29,Energy,0.018223250000000003
2022-11-30,Energy,0.04276863636363636
2022-12-01,Energy,0.23371095238095235
2022-12-02,Energy,0.23487
2022-12-05,Energy,0.4195625
2022-12-06,Energy,0.15603839285714285
2022-12-07,Energy,0.24863433333333335
2022-12-08,Energy,0.08345619047619048
2022-12-09,Energy,0.258283641025641
2022-12-12,Energy,0.08267825396825397
2022-12-13,Energy,0.2501402380952381
2022-12-14,Energy,0.149775
2022-12-15,Energy,-0.048950666666666656
2022-12-16,Energy,0.03632
2022-12-19,Energy,0.14259
2022-12-20,Energy,0.054134
2022-12-21,Energy,0.2606875
2022-12-22,Energy,0.051320833333333336
2022-12-23,Energy,0.27386999999999995
2022-12-27,Energy,0.03592
2022-12-28,Energy,0.28038563492063495
2022-12-29,Energy,0.10542222222222224
2022-12-30,Energy,0.04067232142857143
2023-01-03,Energy,0.188315
2023-01-04,Energy,0.30726174603174605
2023-01-05,Energy,0.2623665
2023-01-06,Energy,0.24221202380952384
2023-01-09,Energy,0.15449438095238097
2023-01-10,Energy,0.3219038095238095
2023-01-11,Energy,0.04492685714285714
2023-01-12,Energy,0.09578333333333333
2023-01-13,Energy,0.018649553571428574
2023-01-17,Energy,0.20323660714285716
2023-01-18,Energy,0.08126345238095238
2023-01-19,Energy,0.28824333333333335
2023-01-20,Energy,0.11615
2023-01-23,Energy,0.2276677403846154
2023-01-24,Energy,0.16972806818181818
2023-01-25,Energy,0.2607814285714286
2023-01-26,Energy,0.22580777777777777
2023-01-27,Energy,0.25715373931623936
2023-01-30,Energy,0.19521757142857143
2023-01-31,Energy,0.15151722943722942
2023-02-01,Energy,0.16002241025641026
2023-02-02,Energy,-0.11827733333333332
2023-02-03,Energy,0.26766619047619045
2023-02-06,Energy,-0.04397833333333333
2023-02-07,Energy,0.11042222222222223
2023-02-08,Energy,0.03867904761904762
2023-02-09,Energy,0.12234333333333333
2023-02-10,Energy,0.12818819047619048
2023-02-13,Energy,0.21047958333333333
2023-02-14,Energy,0.2536527777777778
2023-02-15,Energy,-0.06863
2023-02-16,Energy,0.11737777777777779
2023-02-17,Energy,0.15494533333333332
2023-02-21,Energy,0.13352410714285715
2023-02-22,Energy,-0.08867266666666666
2023-02-23,Energy,0.10333066666666668
2023-02-24,Energy,0.17188928571428572
2023-02-27,Energy,0.056115000000000005
2023-02-28,Energy,-0.019697714285714284
2023-03-01,Energy,0.27506851851851855
2023-03-02,Energy,0.09727708333333333
2023-03-03,Energy,0.27628833333333336
2023-03-06,Energy,0.13316041666666667
2023-03-07,Energy,0.07179733333333334
2023-03-08,Energy,0.15794266666666668
2023-03-09,Energy,0.1268647619047619
2023-03-10,Energy,0.25682866666666665
2023-03-13,Energy,0.1443116666666667
2023-03-14,Energy,0.15785444444444444
2023-03-15,Energy,0.21197166666666667
2023-03-16,Energy,0.138995
2023-03-17,Energy,-0.04001199999999999
2023-03-20,Energy,0.06299166666666667
2023-03-21,Energy,0.26766866666666667
2023-03-22,Energy,-0.03979416666666667
2023-03-23,Energy,0.149345
2023-03-24,Energy,0.10006600000000002
2023-03-27,Energy,0.194102
2023-03-28,Energy,0.08954999999999999
2023-03-29,Energy,0.11295333333333332
2023-03-30,Energy,0.024625888888888888
2023-03-31,Energy,0.07989666666666667
2023-04-03,Energy,0.140608
2023-04-04,Energy,0.030222236842105267
2023-04-05,Energy,0.3718973015873016
2023-04-06,Energy,0.06872896103896105
2023-04-10,Energy,0.15520730769230767
2023-04-11,Energy,0.11754544444444445
2023-04-12,Energy,0.12779444444444443
2023-04-13,Energy,0.04597833333333333
2023-04-14,Energy,0.1250025
2023-04-17,Energy,0.19947
2023-04-18,Energy,0.04952566666666667
2023-04-19,Energy,0.011889949494949498
2023-04-20,Energy,0.23172916666666668
2023-04-21,Energy,0.0960125
2023-04-24,Energy,0.19716756043956046
2023-04-25,Energy,0.12313681818181817
2023-04-26,Energy,0.1920544642857143
2023-04-27,Energy,0.1813025
2023-04-28,Energy,0.11856016666666666
2023-05-01,Energy,0.36388307673509285
2023-05-02,Energy,0.08376410526315789
2023-05-03,Energy,0.043249543650793656
2023-05-04,Energy,0.05925404761904761
2023-05-05,Energy,0.17613714285714285
2023-05-08,Energy,0.095115
2023-05-09,Energy,0.12709006162464986
2023-05-10,Energy,0.31521333333333335
2023-05-11,Energy,0.069285
2023-05-12,Energy,0.3066471428571429
2023-05-15,Energy,0.030098333333333338
2023-05-16,Energy,0.10938686868686869
2023-05-17,Energy,0.08246666666666667
2023-05-18,Energy,-0.022426
2023-05-19,Energy,0.07025208333333333
2023-05-22,Energy,0.05865833333333335
2023-05-23,Energy,0.18964652777777777
2023-05-24,Energy,0.0017717857142857188
2023-05-25,Energy,-0.029001785714285716
2023-05-26,Energy,0.057031555555555544
2023-05-30,Energy,0.1933
2023-05-31,Energy,0.27341785714285716
2023-06-01,Energy,0.22706
2023-06-02,Energy,0.20461333333333337
2023-06-05,Energy,-0.009129545454545456
2023-06-06,Energy,0.049352
2023-06-07,Energy,0.004491111111111107
2023-06-08,Energy,0.10962916666666667
2023-06-09,Energy,0.03468952380952381
2023-06-12,Energy,0.055751666666666665
2023-06-13,Energy,0.016404999999999996
2023-06-14,Energy,0.03693333333333334
2023-06-15,Energy,0.03523666666666667
2023-06-16,Energy,0.07012933333333334
2023-06-20,Energy,0.09272
2023-06-21,Energy,0.12338333333333333
2023-06-22,Energy,0.13865999999999998
2023-06-23,Energy,0.039029040404040406
2023-06-26,Energy,0.08087
2023-06-27,Energy,0.06430933333333333
2023-06-28,Energy,0.05701777777777778
2023-06-29,Energy,0.14015
2023-06-30,Energy,0.13442556818181817
2023-07-03,Energy,0.017703000000000003
2023-07-05,Energy,0.22707466666666667
2023-07-06,Energy,0.01824444444444445
2023-07-07,Energy,0.1630709523809524
2023-07-10,Energy,0.005047619047619056
2023-07-11,Energy,0.12232799999999999
2023-07-12,Energy,-0.04340309523809523
2023-07-13,Energy,0.06690533333333334
2023-07-14,Energy,0.1725504761904762
2023-07-17,Energy,0.10779676923076922
2023-07-18,Energy,0.15722183333333334
2023-07-19,Energy,-0.025737333333333334
2023-07-20,Energy,0.0264
2023-07-21,Energy,0.11808666666666667
2023-07-24,Energy,0.00895876811594203
2023-07-25,Energy,0.20596899999999999
2023-07-26,Energy,0.060190666666666684
2023-07-27,Energy,0.09092600000000002
2023-07-28,Energy,0.10205444444444446
2023-07-31,Energy,0.3628383333333333
2023-08-01,Energy,0.3048980476190476
2023-08-02,Energy,0.186396
2023-08-03,Energy,0.13496999999999998
2023-08-04,Energy,0.05629285714285713
2023-08-07,Energy,-0.06289583333333333
2023-08-08,Energy,0.14695799999999998
2023-08-09,Energy,0.31487916666666665
2023-08-10,Energy,-0.019293333333333336
2023-08-11,Energy,0.25416
2023-08-14,Energy,0.1294369010989011
2023-08-15,Energy,0.22351777777777776
2023-08-16,Energy,0.03313738095238095
2023-08-17,Energy,0.09602083333333333
2023-08-18,Energy,0.13677246153846154
2023-08-21,Energy,0.17154114285714286
2023-08-22,Energy,0.1705290625
2023-08-23,Energy,0.009210357142857145
2023-08-24,Energy,0.2803123015873016
2023-08-25,Energy,0.07053066666666666
2023-08-28,Energy,0.061590624999999996
2023-08-29,Energy,0.22435545454545455
2023-08-30,Energy,-0.024150454545454537
2023-08-31,Energy,0.19353227513227514
2023-09-01,Energy,0.1106375
2023-09-05,Energy,0.2922833333333334
2023-09-06,Energy,-0.018588000000000004
2023-09-07,Energy,0.2502890476190476
2023-09-08,Energy,0.222679375
2023-09-11,Energy,0.1751052380952381
2023-09-12,Energy,0.1216877777777778
2023-09-13,Energy,-0.038786666666666685
2023-09-14,Energy,0.09829861111111111
2023-09-15,Energy,0.12299133333333331
2023-09-18,Energy,-0.018210000000000004
2023-09-19,Energy,0.035836000000000014
2023-09-20,Energy,0.021257153846153846
2023-09-21,Energy,0.007348701298701297
2023-09-22,Energy,0.19045833333333334
2023-09-25,Energy,0.2178535
2023-09-26,Energy,0.20206919642857143
2023-09-27,Energy,0.16896238095238095
2023-09-28,Energy,0.1945946666666667
2023-09-29,Energy,0.15606
2023-10-02,Energy,0.21495066666666665
2023-10-03,Energy,0.183095
2023-10-04,Energy,0.228089
2023-10-05,Energy,0.26894296969696974
2023-10-06,Energy,0.24783564102564104
2023-10-09,Energy,0.11362
2023-10-10,Energy,-0.12865850649350646
2023-10-11,Energy,0.11186755555555554
2023-10-12,Energy,0.09154806763285023
2023-10-13,Energy,0.298498
2023-10-16,Energy,-0.02094444444444446
2023-10-17,Energy,0.19339814814814815
2023-10-18,Energy,0.20319761904761904
2023-10-19,Energy,-0.06479691452991454
2023-10-20,Energy,0.20514590909090907
2023-10-23,Energy,0.09363030492898915
2023-10-24,Energy,0.03059272727272727
2023-10-25,Energy,0.16741214285714287
2023-10-26,Energy,0.22467550505050507
2023-10-27,Energy,0.11832254945054946
2023-10-30,Energy,0.1320537356321839
2023-10-31,Energy,0.1102315836940837
2023-11-01,Energy,0.252281
2023-11-02,Energy,0.18084055555555553
2023-11-03,Energy,0.08190470588235295
2023-11-06,Energy,0.17216874999999998
2023-11-07,Energy,0.14331776190476192
2023-11-08,Energy,0.19971333333333335
2023-11-09,Energy,0.132133125
2023-11-10,Energy,0.09469775757575757
2023-11-13,Energy,0.09194380952380951
2023-11-14,Energy,0.18756133333333333
2023-11-15,Energy,0.347605
2023-11-16,Energy,0.1020125
2023-11-17,Energy,-0.10828437499999999
2023-11-20,Energy,0.18450238095238095
2023-11-21,Energy,0.04679375
2023-11-22,Energy,0.14326642857142857
2023-11-24,Energy,0.12154285714285715
2023-11-27,Energy,0.11988166666666666
2023-11-28,Energy,0.15175666666666668
2023-11-29,Energy,-0.025393
2023-11-30,Energy,0.055535833333333326
2023-12-01,Energy,0.16881666666666667
2023-12-04,Energy,0.0
2023-12-05,Energy,0.03412666666666667
2023-12-06,Energy,-0.002125555555555559
2023-12-07,Energy,0.23230538461538464
2023-12-08,Energy,-0.020626000000000002
2023-12-11,Energy,0.11883714285714286
2023-12-12,Energy,0.14539232971342383
2023-12-13,Energy,0.048319230769230774
2023-12-14,Energy,0.19594333333333333
2023-12-15,Energy,0.1466
2023-12-18,Energy,0.020700000000000003
2023-12-19,Energy,0.19251339285714286
2023-12-20,Energy,0.19251339285714286
2023-12-21,Energy,0.19251339285714286
2023-12-22,Energy,0.19251339285714286
2023-12-26,Energy,0.19251339285714286
2023-12-27,Energy,0.19251339285714286
2023-12-28,Energy,0.19251339285714286
2023-12-29,Energy,0.19251339285714286
2020-01-02,Financials,
2020-01-03,Financials,0.06072533333333334
2020-01-06,Financials,0.08409166666666668
2020-01-07,Financials,0.135552
2020-01-08,Financials,0.17877500000000002
2020-01-09,Financials,0.4676833333333333
2020-01-10,Financials,0.27804133333333336
2020-01-13,Financials,0.21935833333333332
2020-01-14,Financials,0.17811857142857143
2020-01-15,Financials,0.056640238095238105
2020-01-16,Financials,0.09436968253968255
2020-01-17,Financials,0.151585452991453
2020-01-21,Financials,0.11086
2020-01-22,Financials,0.08311111111111111
2020-01-23,Financials,0.02551666666666667
2020-01-24,Financials,0.032470000000000006
2020-01-27,Financials,-0.044199999999999996
2020-01-28,Financials,0.05886666666666668
2020-01-29,Financials,0.17295714285714286
2020-01-30,Financials,0.19043125000000002
2020-01-31,Financials,0.03456111111111111
2020-02-03,Financials,0.07716428571428571
2020-02-04,Financials,0.124525
2020-02-05,Financials,0.35531250000000003
2020-02-06,Financials,-0.24533333333333332
2020-02-07,Financials,0.2465186666666667
2020-02-10,Financials,0.06998333333333333
2020-02-11,Financials,0.2404611111111111
2020-02-12,Financials,0.3256089285714286
2020-02-13,Financials,0.23484166666666667
2020-02-14,Financials,0.08528
2020-02-18,Financials,0.2034
2020-02-19,Financials,-0.017949999999999997
2020-02-20,Financials,0.04995
2020-02-21,Financials,0.26042291666666667
2020-02-24,Financials,0.2549435
2020-02-25,Financials,-0.04970166666666666
2020-02-26,Financials,0.2589653333333333
2020-02-27,Financials,0.16362933333333335
2020-02-28,Financials,0.07106000000000001
2020-03-02,Financials,-0.010723958333333347
2020-03-03,Financials,0.20679583333333335
2020-03-04,Financials,-0.06346333333333333
2020-03-05,Financials,0.14522966666666665
2020-03-06,Financials,0.0536675
2020-03-09,Financials,-0.0004887499999999961
2020-03-10,Financials,0.18513844444444444
2020-03-11,Financials,0.109115
2020-03-12,Financials,0.07748
2020-03-13,Financials,-0.03712333333333333
2020-03-16,Financials,0.029715
2020-03-17,Financials,0.06575095238095238
2020-03-18,Financials,-0.084095
2020-03-19,Financials,-0.08285333333333333
2020-03-20,Financials,-0.22874166666666665
2020-03-23,Financials,-0.032100000000000004
2020-03-24,Financials,0.04975
2020-03-25,Financials,0.4829800000000001
2020-03-26,Financials,0.04711875
2020-03-27,Financials,0.21162899999999998
2020-03-30,Financials,0.11300566666666667
2020-03-31,Financials,-0.19853733333333332
2020-04-01,Financials,0.030061111111111108
2020-04-02,Financials,0.004765714285714281
2020-04-03,Financials,0.06021633333333333
2020-04-06,Financials,0.059762142857142854
2020-04-07,Financials,0.19016005050505053
2020-04-08,Financials,0.15966366666666668
2020-04-09,Financials,0.05490740259740261
2020-04-13,Financials,0.188292
2020-04-14,Financials,0.04921261904761905
2020-04-15,Financials,0.1581108508158508
2020-04-16,Financials,0.09080451923076924
2020-04-17,Financials,0.08265338888888889
2020-04-20,Financials,0.08021231818181818
2020-04-21,Financials,0.17684761904761906
2020-04-22,Financials,-0.09079
2020-04-23,Financials,0.17875375
2020-04-24,Financials,0.169945
2020-04-27,Financials,-0.18141041666666666
2020-04-28,Financials,0.1161035
2020-04-29,Financials,0.26055
2020-04-30,Financials,0.12808916666666667
2020-05-01,Financials,0.08598690476190476
2020-05-04,Financials,-0.06349833333333334
2020-05-05,Financials,0.10813999999999999
2020-05-06,Financials,0.018458666666666658
2020-05-07,Financials,0.04762500000000001
2020-05-08,Financials,-0.08397933333333334
2020-05-11,Financials,0.06513466666666665
2020-05-12,Financials,0.09750899999999998
2020-05-13,Financials,-0.1839310476190476
2020-05-14,Financials,0.1227474935064935
2020-05-15,Financials,0.08958777777777778
2020-05-18,Financials,0.19764214285714285
2020-05-19,Financials,0.057032682539682536
2020-05-20,Financials,0.11985699999999999
2020-05-21,Financials,0.3897133333333333
2020-05-22,Financials,0.09208100000000001
2020-05-26,Financials,0.005950000000000025
2020-05-27,Financials,0.18846266666666667
2020-05-28,Financials,0.2962005714285714
2020-05-29,Financials,0.004894500000000001
2020-06-01,Financials,0.04178200000000001
2020-06-02,Financials,0.13927
2020-06-03,Financials,0.09929333333333334
2020-06-04,Financials,0.23209428571428573
2020-06-05,Financials,0.196655
2020-06-08,Financials,0.38479166666666664
2020-06-09,Financials,0.23543571428571428
2020-06-10,Financials,0.18364190476190476
2020-06-11,Financials,0.18065297619047618
2020-06-12,Financials,0.05170422222222223
2020-06-15,Financials,0.06810000000000001
2020-06-16,Financials,0.11921875
2020-06-17,Financials,0.10154166666666667
2020-06-18,Financials,-0.03236
2020-06-19,Financials,-0.07768499999999999
2020-06-22,Financials,-0.103975
2020-06-23,Financials,-0.064625
2020-06-24,Financials,0.1175875
2020-06-25,Financials,0.05955000000000001
2020-06-26,Financials,-0.01028685714285715
2020-06-29,Financials,0.005914880952380963
2020-06-30,Financials,0.16995166666666667
2020-07-01,Financials,0.03491928571428572
2020-07-02,Financials,-0.31714166666666666
2020-07-06,Financials,0.10430333333333333
2020-07-07,Financials,0.1208625
2020-07-08,Financials,0.05812499999999998
2020-07-09,Financials,0.25695
2020-07-10,Financials,0.08313888888888889
2020-07-13,Financials,0.15773666666666666
2020-07-14,Financials,-0.004950666666666672
2020-07-15,Financials,0.046710208333333336
2020-07-16,Financials,0.3726712173913044
2020-07-17,Financials,-0.016527272727272724
2020-07-20,Financials,-0.026655476190476188
2020-07-21,Financials,0.13154761904761905
2020-07-22,Financials,0.16736190476190477
2020-07-23,Financials,0.04424791666666666
2020-07-24,Financials,0.010518333333333334
2020-07-27,Financials,-0.10235000000000002
2020-07-28,Financials,0.16995208333333334
2020-07-29,Financials,0.06295714285714286
2020-07-30,Financials,0.0903
2020-07-31,Financials,0.3064733333333333
2020-08-03,Financials,0.1013
2020-08-04,Financials,0.05421
2020-08-05,Financials,0.028711666666666656
2020-08-06,Financials,0.10397166666666667
2020-08-07,Financials,0.0031250000000000062
2020-08-10,Financials,0.05669166666666667
2020-08-11,Financials,0.26968333333333333
2020-08-12,Financials,0.1705875
2020-08-13,Financials,0.035188888888888895
2020-08-14,Financials,-0.09380333333333332
2020-08-17,Financials,0.10020833333333333
2020-08-18,Financials,0.12182000000000003
2020-08-19,Financials,0.17792708333333335
2020-08-20,Financials,0.09297
2020-08-21,Financials,0.1723692857142857
2020-08-24,Financials,0.17439791666666665
2020-08-25,Financials,0.36158666666666667
2020-08-26,Financials,0.09513333333333333
2020-08-27,Financials,0.1111875
2020-08-28,Financials,-0.06466666666666666
2020-08-31,Financials,-0.15711166666666668
2020-09-01,Financials,0.08676999999999999
2020-09-02,Financials,0.13754666666666665
2020-09-03,Financials,0.16555777777777778
2020-09-04,Financials,0.13491666666666666
2020-09-08,Financials,-0.07305999999999999
2020-09-09,Financials,0.1481
2020-09-10,Financials,-0.141225
2020-09-11,Financials,-0.003908333333333333
2020-09-14,Financials,-0.0999
2020-09-15,Financials,-0.0279625
2020-09-16,Financials,0.31862500000000005
2020-09-17,Financials,-0.019540000000000002
2020-09-18,Financials,0.085975
2020-09-21,Financials,0.26175
2020-09-22,Financials,-0.0514775
2020-09-23,Financials,0.2217
2020-09-24,Financials,0.168595
2020-09-25,Financials,0.23596875
2020-09-28,Financials,0.13396666666666665
2020-09-29,Financials,0.2761133333333333
2020-09-30,Financials,-0.07316249999999999
2020-10-01,Financials,-0.008033095238095242
2020-10-02,Financials,0.12282583333333333
2020-10-05,Financials,0.18988148148148146
2020-10-06,Financials,0.20407066666666668
2020-10-07,Financials,0.3017708333333333
2020-10-08,Financials,0.16040666666666667
2020-10-09,Financials,0.17791927083333334
2020-10-12,Financials,0.22336999999999999
2020-10-13,Financials,0.24863809523809527
2020-10-14,Financials,0.0467375
2020-10-15,Financials,0.2518095108695652
2020-10-16,Financials,0.18095166666666668
2020-10-19,Financials,0.56552
2020-10-20,Financials,0.30050666666666664
2020-10-21,Financials,0.17468958333333334
2020-10-22,Financials,0.021935000000000003
2020-10-23,Financials,0.13011666666666666
2020-10-26,Financials,0.45730000000000004
2020-10-27,Financials,0.005045000000000001
2020-10-28,Financials,0.013437500000000002
2020-10-29,Financials,0.021363333333333335
2020-10-30,Financials,0.13111250000000002
2020-11-02,Financials,0.08553200000000001
2020-11-03,Financials,0.1425125
2020-11-04,Financials,0.10347470238095238
2020-11-05,Financials,0.17081
2020-11-06,Financials,0.12442
2020-11-09,Financials,0.17475000000000002
2020-11-10,Financials,0.13211160714285713
2020-11-11,Financials,0.17024999999999998
2020-11-12,Financials,0.20866690476190475
2020-11-13,Financials,0.20012070512820515
2020-11-16,Financials,0.11325416666666667
2020-11-17,Financials,0.20134249999999998
2020-11-18,Financials,-0.03925
2020-11-19,Financials,0.17652916666666665
2020-11-20,Financials,0.25534
2020-11-23,Financials,0.13147333333333333
2020-11-24,Financials,0.0361675
2020-11-25,Financials,0.159415
2020-11-27,Financials,-0.07076583333333333
2020-11-30,Financials,0.37954166666666667
2020-12-01,Financials,-0.06821875000000001
2020-12-02,Financials,0.5256166666666666
2020-12-03,Financials,0.1470625
2020-12-04,Financials,0.122975
2020-12-07,Financials,-0.026450000000000008
2020-12-08,Financials,0.08935083333333332
2020-12-09,Financials,0.06471533333333333
2020-12-10,Financials,0.08054333333333333
2020-12-11,Financials,0.140775
2020-12-14,Financials,0.10036833333333335
2020-12-15,Financials,0.025083333333333332
2020-12-16,Financials,0.26395625
2020-12-17,Financials,0.3079866666666667
2020-12-18,Financials,0.35573166666666667
2020-12-21,Financials,0.17363333333333333
2020-12-22,Financials,0.0017285789473684143
2020-12-23,Financials,0.24913333333333335
2020-12-24,Financials,0.25753750000000003
2020-12-28,Financials,0.26763333333333333
2020-12-29,Financials,0.10080111111111112
2020-12-30,Financials,-0.41355
2020-12-31,Financials,0.043899999999999995
2021-01-04,Financials,0.3829883333333333
2021-01-05,Financials,0.30269375
2021-01-06,Financials,0.23615
2021-01-07,Financials,0.285771875
2021-01-08,Financials,0.06234642857142857
2021-01-11,Financials,0.17961666666666667
2021-01-12,Financials,0.02417125603864734
2021-01-13,Financials,0.09876451388888888
2021-01-14,Financials,0.18155208333333334
2021-01-15,Financials,-0.00720357142857142
2021-01-19,Financials,0.28477191558441556
2021-01-20,Financials,0.08482678571428572
2021-01-21,Financials,0.14007894957983194
2021-01-22,Financials,0.11624833333333333
2021-01-25,Financials,0.052090000000000004
2021-01-26,Financials,0.23641041666666665
2021-01-27,Financials,0.23785347222222222
2021-01-28,Financials,0.0007266666666666643
2021-01-29,Financials,0.045531249999999995
2021-02-01,Financials,0.04189124999999999
2021-02-02,Financials,0.042852916666666664
2021-02-03,Financials,0.315025
2021-02-04,Financials,0.29971916666666665
2021-02-05,Financials,0.07916
2021-02-08,Financials,0.10044583333333333
2021-02-09,Financials,0.01754904761904762
2021-02-10,Financials,0.012599999999999993
2021-02-11,Financials,0.044075
2021-02-12,Financials,0.27710833333333335
2021-02-16,Financials,0.0
2021-02-17,Financials,0.015026666666666666
2021-02-18,Financials,0.2092332142857143
2021-02-19,Financials,0.0763
2021-02-22,Financials,0.19575
2021-02-23,Financials,0.045399999999999996
2021-02-24,Financials,-0.05104583333333334
2021-02-25,Financials,0.04871875
2021-02-26,Financials,0.17005416666666667
2021-03-01,Financials,0.070775
2021-03-02,Financials,0.006276000000000004
2021-03-03,Financials,0.37254166666666666
2021-03-04,Financials,0.034858095238095244
2021-03-05,Financials,0.04801499999999999
2021-03-08,Financials,0.20884
2021-03-09,Financials,0.16711875
2021-03-10,Financials,-0.02119
2021-03-11,Financials,0.4596833333333333
2021-03-12,Financials,0.09639166666666667
2021-03-15,Financials,0.07102333333333335
2021-03-16,Financials,0.26095625
2021-03-17,Financials,0.07153499999999999
2021-03-18,Financials,0.15256999999999998
2021-03-19,Financials,0.043879166666666664
2021-03-22,Financials,-0.006461250000000002
2021-03-23,Financials,0.262805
2021-03-24,Financials,0.2992020833333333
2021-03-25,Financials,0.14968888888888887
2021-03-26,Financials,0.053659285714285715
2021-03-29,Financials,0.1756626666666667
2021-03-30,Financials,-0.24174752380952383
2021-03-31,Financials,0.006093974358974359
2021-04-01,Financials,0.133945
2021-04-05,Financials,0.160242
2021-04-06,Financials,0.2420202777777778
2021-04-07,Financials,-0.02848500000000001
2021-04-08,Financials,0.14760625
2021-04-09,Financials,0.017041666666666667
2021-04-12,Financials,0.13592261904761904
2021-04-13,Financials,0.19945612698412699
2021-04-14,Financials,0.24861205128205127
2021-04-15,Financials,0.17011973607038125
2021-04-16,Financials,0.19271444444444444
2021-04-19,Financials,0.2368319047619048
2021-04-20,Financials,0.18827821428571428
2021-04-21,Financials,0.24698799999999999
2021-04-22,Financials,0.12434166666666667
2021-04-23,Financials,0.12810416666666666
2021-04-26,Financials,0.2371916666666667
2021-04-27,Financials,0.23718833333333333
2021-04-28,Financials,0.2029439285714286
2021-04-29,Financials,0.09100583333333334
2021-04-30,Financials,0.29863333333333336
2021-05-03,Financials,0.13883333333333334
2021-05-04,Financials,0.22597499999999998
2021-05-05,Financials,0.056361428571428576
2021-05-06,Financials,0.0705025
2021-05-07,Financials,0.104385
2021-05-10,Financials,0.05142916666666666
2021-05-11,Financials,0.07307000000000001
2021-05-12,Financials,0.08324999999999999
2021-05-13,Financials,0.04162916666666667
2021-05-14,Financials,0.16534166666666666
2021-05-17,Financials,0.09872291666666666
2021-05-18,Financials,0.3196
2021-05-19,Financials,0.3271527777777778
2021-05-20,Financials,0.27121666666666666
2021-05-21,Financials,0.10452777777777778
2021-05-24,Financials,-0.030645833333333337
2021-05-25,Financials,0.01834375
2021-05-26,Financials,0.1990111111111111
2021-05-27,Financials,-0.03386875000000003
2021-05-28,Financials,0.011815624999999996
2021-06-01,Financials,0.20167666666666667
2021-06-02,Financials,0.31453333333333333
2021-06-03,Financials,0.16560400000000003
2021-06-04,Financials,-0.005325000000000002
2021-06-07,Financials,0.3012958333333333
2021-06-08,Financials,0.1919380952380952
2021-06-09,Financials,0.14945
2021-06-10,Financials,0.38005
2021-06-11,Financials,0.13743333333333335
2021-06-14,Financials,0.4219833333333333
2021-06-15,Financials,0.027716666666666667
2021-06-16,Financials,0.18226
2021-06-17,Financials,-0.0012766666666666649
2021-06-18,Financials,0.070551
2021-06-21,Financials,0.12734791666666667
2021-06-22,Financials,0.08340666666666667
2021-06-23,Financials,-0.049168750000000004
2021-06-24,Financials,0.1990875
2021-06-25,Financials,0.2334802380952381
2021-06-28,Financials,-0.08023571428571429
2021-06-29,Financials,0.046328999999999995
2021-06-30,Financials,0.13979583333333334
2021-07-01,Financials,0.07103844444444445
2021-07-02,Financials,0.18588636363636366
2021-07-06,Financials,0.17147083333333332
2021-07-07,Financials,-0.10327083333333334
2021-07-08,Financials,-0.020420238095238068
2021-07-09,Financials,0.04287291666666666
2021-07-12,Financials,0.25966190476190476
2021-07-13,Financials,0.13167761904761904
2021-07-14,Financials,0.21051089743589743
2021-07-15,Financials,0.20969423076923077
2021-07-16,Financials,0.00820777777777778
2021-07-19,Financials,0.22759000000000001
2021-07-20,Financials,0.0163467316017316
2021-07-21,Financials,0.15188060606060605
2021-07-22,Financials,0.3883553571428571
2021-07-23,Financials,0.24903999999999998
2021-07-26,Financials,0.13135000000000002
2021-07-27,Financials,0.02880357142857142
2021-07-28,Financials,0.23302916666666668
2021-07-29,Financials,0.07306316666666665
2021-07-30,Financials,0.335725
2021-08-02,Financials,0.468675
2021-08-03,Financials,0.41619666666666666
2021-08-04,Financials,0.19916
2021-08-05,Financials,0.078096
2021-08-06,Financials,-0.028923999999999995
2021-08-09,Financials,0.011077777777777775
2021-08-10,Financials,0.21979270833333336
2021-08-11,Financials,0.06942166666666667
2021-08-12,Financials,0.13238333333333333
2021-08-13,Financials,0.16781785714285713
2021-08-16,Financials,0.07833541666666666
2021-08-17,Financials,0.014475000000000002
2021-08-18,Financials,0.009881428571428576
2021-08-19,Financials,0.11029375
2021-08-20,Financials,0.19498749999999998
2021-08-23,Financials,-0.07329999999999999
2021-08-24,Financials,0.17448
2021-08-25,Financials,0.12511250000000002
2021-08-26,Financials,0.2689333333333333
2021-08-27,Financials,-0.056508
2021-08-30,Financials,0.17007333333333335
2021-08-31,Financials,0.10115
2021-09-01,Financials,0.19934107142857144
2021-09-02,Financials,0.10151874999999999
2021-09-03,Financials,0.2512551111111111
2021-09-07,Financials,0.05985
2021-09-08,Financials,-0.043981666666666655
2021-09-09,Financials,0.18074500000000002
2021-09-10,Financials,-0.057347499999999996
2021-09-13,Financials,-0.1299958333333333
2021-09-14,Financials,0.06374166666666667
2021-09-15,Financials,0.133525
2021-09-16,Financials,0.2652966666666667
2021-09-17,Financials,0.12200000000000001
2021-09-20,Financials,0.1458833333333333
2021-09-21,Financials,-0.09904904761904762
2021-09-22,Financials,-0.031142000000000003
2021-09-23,Financials,0.11519880952380954
2021-09-24,Financials,-0.036890000000000006
2021-09-27,Financials,0.14224
2021-09-28,Financials,0.188463
2021-09-29,Financials,0.26155809523809526
2021-09-30,Financials,-0.023425
2021-10-01,Financials,0.08890799999999999
2021-10-04,Financials,0.21603666666666665
2021-10-05,Financials,-0.054973749999999995
2021-10-06,Financials,0.079363
2021-10-07,Financials,0.14729166666666668
2021-10-08,Financials,0.062368
2021-10-11,Financials,0.27605
2021-10-12,Financials,0.19410747252747254
2021-10-13,Financials,0.014389583333333334
2021-10-14,Financials,0.18974883333333334
2021-10-15,Financials,0.3880370238095238
2021-10-18,Financials,0.34232932539682537
2021-10-19,Financials,0.005481666666666654
2021-10-20,Financials,-0.14875000000000002
2021-10-21,Financials,-0.08759166666666666
2021-10-22,Financials,0.024579285714285713
2021-10-25,Financials,-0.12394166666666667
2021-10-26,Financials,0.03116333333333334
2021-10-27,Financials,0.16896250000000002
2021-10-28,Financials,0.031718452380952375
2021-10-29,Financials,0.2464625
2021-11-01,Financials,0.26626416666666664
2021-11-02,Financials,0.23003625
2021-11-03,Financials,0.01359017857142858
2021-11-04,Financials,0.166075
2021-11-05,Financials,0.22290000000000001
2021-11-08,Financials,0.08521111111111111
2021-11-09,Financials,-0.044480000000000006
2021-11-10,Financials,0.07002916666666667
2021-11-11,Financials,-0.0038366666666666688
2021-11-12,Financials,0.08623499999999999
2021-11-15,Financials,0.2861666666666667
2021-11-16,Financials,0.27257857142857145
2021-11-17,Financials,0.144544
2021-11-18,Financials,0.00013323308270676572
2021-11-19,Financials,0.31013142857142856
2021-11-22,Financials,0.19891466666666666
2021-11-23,Financials,0.3608142857142857
2021-11-24,Financials,0.04025624999999999
2021-11-26,Financials,0.11754999999999999
2021-11-29,Financials,-0.31038333333333334
2021-11-30,Financials,0.014260416666666664
2021-12-01,Financials,0.18396833333333334
2021-12-02,Financials,-0.029818749999999998
2021-12-03,Financials,0.06816583333333334
2021-12-06,Financials,-0.070485
2021-12-07,Financials,0.042739166666666675
2021-12-08,Financials,0.04596944444444445
2021-12-09,Financials,-0.067352
2021-12-10,Financials,0.19232
2021-12-13,Financials,0.0696775
2021-12-14,Financials,0.282456
2021-12-15,Financials,0.060083333333333336
2021-12-16,Financials,0.018188750000000004
2021-12-17,Financials,-0.02455874999999999
2021-12-20,Financials,0.09191133333333334
2021-12-21,Financials,-0.07525454545454545
2021-12-22,Financials,0.2191
2021-12-23,Financials,0.16549999999999998
2021-12-27,Financials,0.09492999999999999
2021-12-28,Financials,0.26239866666666667
2021-12-29,Financials,0.1998
2021-12-30,Financials,-0.05865666666666667
2021-12-31,Financials,0.3076
2022-01-03,Financials,0.17601300000000003
2022-01-04,Financials,0.16546404761904762
2022-01-05,Financials,0.10493755555555558
2022-01-06,Financials,0.14389
2022-01-07,Financials,0.14231666666666667
2022-01-10,Financials,0.04160833333333334
2022-01-11,Financials,0.21696157142857145
2022-01-12,Financials,0.18585
2022-01-13,Financials,0.22068560606060608
2022-01-14,Financials,0.13099933333333333
2022-01-18,Financials,0.19499701465201466
2022-01-19,Financials,0.09578833333333332
2022-01-20,Financials,0.22502015384615381
2022-01-21,Financials,0.13000880952380953
2022-01-24,Financials,0.2965161904761905
2022-01-25,Financials,0.25707416666666666
2022-01-26,Financials,0.21467885714285714
2022-01-27,Financials,0.08063666666666666
2022-01-28,Financials,0.2533580714285714
2022-01-31,Financials,0.09154300366300368
2022-02-01,Financials,0.17244333333333334
2022-02-02,Financials,0.11965704761904761
2022-02-03,Financials,0.30885
2022-02-04,Financials,0.2448833333333333
2022-02-07,Financials,0.12837083333333332
2022-02-08,Financials,-0.0002858333333333324
2022-02-09,Financials,0.23129733333333333
2022-02-10,Financials,0.2275375
2022-02-11,Financials,0.040233333333333336
2022-02-14,Financials,0.12948133333333334
2022-02-15,Financials,-0.04493460317460317
2022-02-16,Financials,0.19365933333333332
2022-02-17,Financials,0.021355555555555558
2022-02-18,Financials,-0.023600424242424246
2022-02-22,Financials,0.07366333333333333
2022-02-23,Financials,0.04511666666666664
2022-02-24,Financials,0.04094895833333334
2022-02-25,Financials,-0.013362857142857149
2022-02-28,Financials,0.011669999999999993
2022-03-01,Financials,-0.012521279761904765
2022-03-02,Financials,-0.12361208333333333
2022-03-03,Financials,0.1187940476190476
2022-03-04,Financials,0.2712375
2022-03-07,Financials,0.09328958333333334
2022-03-08,Financials,-0.02473423076923077
2022-03-09,Financials,0.08512499999999999
2022-03-10,Financials,0.18209133333333333
2022-03-11,Financials,-0.028024285714285717
2022-03-14,Financials,0.10621785714285713
2022-03-15,Financials,0.29042
2022-03-16,Financials,0.004542666666666672
2022-03-17,Financials,0.2187009523809524
2022-03-18,Financials,0.21630625
2022-03-21,Financials,0.13341333333333333
2022-03-22,Financials,0.04593666666666667
2022-03-23,Financials,0.14959999999999998
2022-03-24,Financials,0.41992916666666663
2022-03-25,Financials,0.07288214285714287
2022-03-28,Financials,0.21234000000000003
2022-03-29,Financials,0.017347142857142856
2022-03-30,Financials,-0.049535
2022-03-31,Financials,-0.030497222222222193
2022-04-01,Financials,0.01479166666666666
2022-04-04,Financials,0.16158305555555555
2022-04-05,Financials,-0.01827807692307692
2022-04-06,Financials,0.18054
2022-04-07,Financials,0.093675
2022-04-08,Financials,0.077271
2022-04-11,Financials,0.048558509803921575
2022-04-12,Financials,-0.0006106071428571503
2022-04-13,Financials,0.06832477272727273
2022-04-14,Financials,0.1835908888888889
2022-04-18,Financials,0.21205181428571426
2022-04-19,Financials,0.2685667575757576
2022-04-20,Financials,0.26641752380952377
2022-04-21,Financials,0.030520000000000002
2022-04-22,Financials,-0.07880166666666669
2022-04-25,Financials,0.23481966666666665
2022-04-26,Financials,0.16118783333333334
2022-04-27,Financials,0.1400368888888889
2022-04-28,Financials,-0.046167777777777766
2022-04-29,Financials,0.10007380952380954
2022-05-02,Financials,0.26130000000000003
2022-05-03,Financials,0.12666875
2022-05-04,Financials,0.04620666666666666
2022-05-05,Financials,0.12726666666666667
2022-05-06,Financials,0.152482
2022-05-09,Financials,-0.12448333333333335
2022-05-10,Financials,0.031316666666666666
2022-05-11,Financials,0.2598875
2022-05-12,Financials,0.17590833333333333
2022-05-13,Financials,0.11983541666666667
2022-05-16,Financials,0.127519
2022-05-17,Financials,0.031421428571428565
2022-05-18,Financials,0.06909400000000002
2022-05-19,Financials,0.13097666666666669
2022-05-20,Financials,0.10675799999999999
2022-05-23,Financials,0.28287083333333335
2022-05-24,Financials,-0.09650366666666665
2022-05-25,Financials,0.35084
2022-05-26,Financials,0.07875555555555555
2022-05-27,Financials,0.2216483333333333
2022-05-31,Financials,0.19739
2022-06-01,Financials,0.060565
2022-06-02,Financials,0.13022499999999998
2022-06-03,Financials,0.07839999999999998
2022-06-06,Financials,-0.041575
2022-06-07,Financials,0.23302833333333334
2022-06-08,Financials,0.16048666666666667
2022-06-09,Financials,0.04100952380952381
2022-06-10,Financials,0.018972222222222213
2022-06-13,Financials,0.09077333333333333
2022-06-14,Financials,0.14683833333333335
2022-06-15,Financials,-0.07803476190476191
2022-06-16,Financials,0.09678666666666666
2022-06-17,Financials,-0.0015750000000000126
2022-06-21,Financials,0.10733000000000001
2022-06-22,Financials,-0.06167666666666667
2022-06-23,Financials,0.17926666666666669
2022-06-24,Financials,0.02388933333333333
2022-06-27,Financials,0.3309615
2022-06-28,Financials,0.05275083333333334
2022-06-29,Financials,0.12289568452380951
2022-06-30,Financials,0.05992708333333334
2022-07-01,Financials,0.1639107142857143
2022-07-05,Financials,0.029063333333333323
2022-07-06,Financials,0.03175
2022-07-07,Financials,-0.01830600000000001
2022-07-08,Financials,0.18332666666666667
2022-07-11,Financials,0.007139333333333342
2022-07-12,Financials,0.12221866300366299
2022-07-13,Financials,0.002222261904761935
2022-07-14,Financials,-0.041955769230769234
2022-07-15,Financials,-0.116863125
2022-07-18,Financials,0.13177533333333333
2022-07-19,Financials,0.1440979369747899
2022-07-20,Financials,0.21069866666666667
2022-07-21,Financials,0.12118999999999999
2022-07-22,Financials,0.18263125
2022-07-25,Financials,0.03400833333333333
2022-07-26,Financials,0.12365533333333334
2022-07-27,Financials,0.060872222222222216
2022-07-28,Financials,0.24032
2022-07-29,Financials,0.018797333333333333
2022-08-01,Financials,0.05444
2022-08-02,Financials,0.18658000000000002
2022-08-03,Financials,0.09142625000000001
2022-08-04,Financials,0.05791875000000001
2022-08-05,Financials,0.1347525
2022-08-08,Financials,0.22312777777777773
2022-08-09,Financials,0.14972642857142857
2022-08-10,Financials,0.20030000000000003
2022-08-11,Financials,0.4286825
2022-08-12,Financials,-0.015131249999999985
2022-08-15,Financials,0.2618425
2022-08-16,Financials,0.13804833333333333
2022-08-17,Financials,0.033716666666666666
2022-08-18,Financials,0.07847500000000002
2022-08-19,Financials,0.20482266666666665
2022-08-22,Financials,0.040983333333333344
2022-08-23,Financials,0.060453
2022-08-24,Financials,0.3550533333333334
2022-08-25,Financials,0.09293333333333334
2022-08-26,Financials,0.10860600000000001
2022-08-29,Financials,0.17673541666666664
2022-08-30,Financials,0.10374375
2022-08-31,Financials,0.0337125
2022-09-01,Financials,0.02858666666666667
2022-09-02,Financials,0.268281
2022-09-06,Financials,0.11016466666666666
2022-09-07,Financials,0.06629208333333333
2022-09-08,Financials,0.00998
2022-09-09,Financials,0.316265
2022-09-12,Financials,0.2554716666666667
2022-09-13,Financials,0.018554999999999995
2022-09-14,Financials,0.14770535714285712
2022-09-15,Financials,0.02705933333333333
2022-09-16,Financials,0.2824767857142857
2022-09-19,Financials,0.07456266666666667
2022-09-20,Financials,0.04982833333333333
2022-09-21,Financials,0.010870416666666674
2022-09-22,Financials,0.028435
2022-09-23,Financials,-0.0686
2022-09-26,Financials,0.09322666666666665
2022-09-27,Financials,0.18393866666666664
2022-09-28,Financials,0.029772638888888894
2022-09-29,Financials,0.15558888888888892
2022-09-30,Financials,0.11253388888888889
2022-10-03,Financials,0.3894111111111111
2022-10-04,Financials,0.2976325
2022-10-05,Financials,0.37361517857142856
2022-10-06,Financials,0.12572916666666667
2022-10-07,Financials,0.143136
2022-10-10,Financials,-0.023899999999999994
2022-10-11,Financials,0.062154
2022-10-12,Financials,-0.21837499999999999
2022-10-13,Financials,0.065085
2022-10-14,Financials,0.055781333333333336
2022-10-17,Financials,0.14664743728135932
2022-10-18,Financials,0.25036225
2022-10-19,Financials,0.18035149425287358
2022-10-20,Financials,0.12523583333333332
2022-10-21,Financials,0.09927916666666665
2022-10-24,Financials,0.008891666666666666
2022-10-25,Financials,-0.09863888888888889
2022-10-26,Financials,0.16838104166666668
2022-10-27,Financials,0.13824242424242425
2022-10-28,Financials,0.192668
2022-10-31,Financials,0.029960000000000004
2022-11-01,Financials,0.22736499999999998
2022-11-02,Financials,0.04752916666666668
2022-11-03,Financials,0.16895833333333335
2022-11-04,Financials,-0.11463333333333331
2022-11-07,Financials,0.07638333333333333
2022-11-08,Financials,0.06583999999999998
2022-11-09,Financials,0.13222777777777775
2022-11-10,Financials,0.046725000000000017
2022-11-11,Financials,0.05023
2022-11-14,Financials,0.13575333333333334
2022-11-15,Financials,0.17623333333333333
2022-11-16,Financials,0.09395000000000002
2022-11-17,Financials,0.050370000000000005
2022-11-18,Financials,0.22668499999999997
2022-11-21,Financials,0.17198333333333335
2022-11-22,Financials,0.13601107142857144
2022-11-23,Financials,0.2339825
2022-11-25,Financials,0.06633333333333334
2022-11-28,Financials,0.19374166666666667
2022-11-29,Financials,0.07735833333333332
2022-11-30,Financials,0.44982777777777777
2022-12-01,Financials,-0.03586666666666667
2022-12-02,Financials,-0.03839233333333333
2022-12-05,Financials,0.17621916666666665
2022-12-06,Financials,0.203775
2022-12-07,Financials,-0.1403490909090909
2022-12-08,Financials,-0.10866222222222222
2022-12-09,Financials,0.09150799999999999
2022-12-12,Financials,-0.06759333333333334
2022-12-13,Financials,0.0896311111111111
2022-12-14,Financials,0.16308333333333336
2022-12-15,Financials,-0.05660166666666665
2022-12-16,Financials,0.27115833333333333
2022-12-19,Financials,-0.1620625
2022-12-20,Financials,0.00796209523809524
2022-12-21,Financials,0.23150181818181817
2022-12-22,Financials,0.028216964285714293
2022-12-23,Financials,0.32389466666666666
2022-12-27,Financials,0.225605
2022-12-28,Financials,0.2176125
2022-12-29,Financials,0.12186666666666666
2022-12-30,Financials,0.05306999999999999
2023-01-03,Financials,0.12765
2023-01-04,Financials,0.10533666666666668
2023-01-05,Financials,0.20671166666666665
2023-01-06,Financials,0.05521666666666666
2023-01-09,Financials,0.07981979166666668
2023-01-10,Financials,0.10564357142857143
2023-01-11,Financials,0.09233065476190477
2023-01-12,Financials,0.17452519841269842
2023-01-13,Financials,0.10104057142857144
2023-01-17,Financials,0.05715184815184815
2023-01-18,Financials,0.20720811147186147
2023-01-19,Financials,0.20500253968253968
2023-01-20,Financials,0.09617516666666666
2023-01-23,Financials,0.1497271111111111
2023-01-24,Financials,-0.020398999999999994
2023-01-25,Financials,0.10409500000000001
2023-01-26,Financials,0.17683583333333333
2023-01-27,Financials,0.1736171111111111
2023-01-30,Financials,0.188714375
2023-01-31,Financials,0.23581047619047618
2023-02-01,Financials,0.10100416666666667
2023-02-02,Financials,0.0
2023-02-03,Financials,0.18140977777777778
2023-02-06,Financials,0.04166874999999999
2023-02-07,Financials,0.02421666666666667
2023-02-08,Financials,0.2657
2023-02-09,Financials,0.06722
2023-02-10,Financials,-0.03314999999999998
2023-02-13,Financials,0.13965
2023-02-14,Financials,0.18799166666666667
2023-02-15,Financials,-0.02954066666666667
2023-02-16,Financials,-0.179534375
2023-02-17,Financials,0.04416
2023-02-21,Financials,0.20935800000000002
2023-02-22,Financials,-0.055791666666666656
2023-02-23,Financials,0.07277375
2023-02-24,Financials,0.13172166666666668
2023-02-27,Financials,0.12197066666666664
2023-02-28,Financials,-0.06993392857142858
2023-03-01,Financials,0.20825505050505047
2023-03-02,Financials,0.09284666666666666
2023-03-03,Financials,0.13739400000000002
2023-03-06,Financials,-0.0031533333333333357
2023-03-07,Financials,0.11615178571428571
2023-03-08,Financials,0.24231166666666665
2023-03-09,Financials,0.014292698412698418
2023-03-10,Financials,0.10128866666666667
2023-03-13,Financials,-0.014567666666666663
2023-03-14,Financials,-0.11112657575757576
2023-03-15,Financials,0.21349380952380953
2023-03-16,Financials,-0.02768288888888889
2023-03-17,Financials,-0.16536666666666666
2023-03-20,Financials,-0.048370190476190476
2023-03-21,Financials,0.11210642857142857
2023-03-22,Financials,0.14530619047619048
2023-03-23,Financials,0.12096928571428571
2023-03-24,Financials,-0.04731083333333333
2023-03-27,Financials,-0.11712787878787881
2023-03-28,Financials,0.06820706349206349
2023-03-29,Financials,0.22000999999999998
2023-03-30,Financials,0.03827533333333334
2023-03-31,Financials,0.24606309523809522
2023-04-03,Financials,0.13887733333333332
2023-04-04,Financials,0.12464761904761905
2023-04-05,Financials,-0.06623633333333334
2023-04-06,Financials,0.013102142857142859
2023-04-10,Financials,0.18461666666666665
2023-04-11,Financials,0.01594857638888889
2023-04-12,Financials,0.04347659340659341
2023-04-13,Financials,0.11502904761904761
2023-04-14,Financials,0.08908784962406016
2023-04-17,Financials,0.12766088888888888
2023-04-18,Financials,0.12812649122807018
2023-04-19,Financials,0.18077442857142856
2023-04-20,Financials,0.2851768571428571
2023-04-21,Financials,0.060924523809523824
2023-04-24,Financials,0.1023375
2023-04-25,Financials,0.10231635064935066
2023-04-26,Financials,-0.09264166666666665
2023-04-27,Financials,0.2879204444444444
2023-04-28,Financials,0.30363666666666667
2023-05-01,Financials,0.0037038095238095202
2023-05-02,Financials,-0.10192933333333334
2023-05-03,Financials,0.05891161904761903
2023-05-04,Financials,0.09867142857142858
2023-05-05,Financials,0.09928666666666666
2023-05-08,Financials,0.41370416666666665
2023-05-09,Financials,0.05478000000000001
2023-05-10,Financials,-0.14740777777777775
2023-05-11,Financials,0.02547619047619048
2023-05-12,Financials,-0.06250166666666666
2023-05-15,Financials,0.0010333333333333362
2023-05-16,Financials,-0.08517819047619046
2023-05-17,Financials,0.006937904761904756
2023-05-18,Financials,0.077335
2023-05-19,Financials,0.077354
2023-05-22,Financials,0.05382038461538462
2023-05-23,Financials,0.05849142857142857
2023-05-24,Financials,0.13164333333333333
2023-05-25,Financials,0.043704
2023-05-26,Financials,0.117855
2023-05-30,Financials,0.06063500000000001
2023-05-31,Financials,-0.039508571428571435
2023-06-01,Financials,0.03055800000000001
2023-06-02,Financials,-0.011265454545454523
2023-06-05,Financials,-0.0919082142857143
2023-06-06,Financials,0.04518577777777778
2023-06-07,Financials,0.2995213333333333
2023-06-08,Financials,0.19754
2023-06-09,Financials,0.08072166666666666
2023-06-12,Financials,-0.017023863636363632
2023-06-13,Financials,0.07540555555555556
2023-06-14,Financials,0.25190030303030303
2023-06-15,Financials,0.07638666666666667
2023-06-16,Financials,0.2495966666666667
2023-06-20,Financials,0.12568380952380953
2023-06-21,Financials,0.19575599999999999
2023-06-22,Financials,0.10838416666666667
2023-06-23,Financials,0.09147738095238095
2023-06-26,Financials,-0.02481333333333333
2023-06-27,Financials,0.10764569696969697
2023-06-28,Financials,0.23510166666666668
2023-06-29,Financials,-0.10559784848484847
2023-06-30,Financials,0.19162840714840715
2023-07-03,Financials,-0.005855833333333338
2023-07-05,Financials,0.10774719191919191
2023-07-06,Financials,0.15840228571428572
2023-07-07,Financials,0.027806666666666674
2023-07-10,Financials,0.03641866666666667
2023-07-11,Financials,0.020552666666666667
2023-07-12,Financials,0.11746566666666666
2023-07-13,Financials,0.10390533333333334
2023-07-14,Financials,0.01945638888888889
2023-07-17,Financials,0.03690900000000001
2023-07-18,Financials,0.06688447451963242
2023-07-19,Financials,0.18229479437229437
2023-07-20,Financials,0.1866054722222222
2023-07-21,Financials,0.22923439393939393
2023-07-24,Financials,0.147605
2023-07-25,Financials,0.12786254545454545
2023-07-26,Financials,0.1384831111111111
2023-07-27,Financials,0.12320800000000001
2023-07-28,Financials,0.16440285714285713
2023-07-31,Financials,0.18107976190476188
2023-08-01,Financials,0.06593004329004329
2023-08-02,Financials,0.061178333333333335
2023-08-03,Financials,0.01382000000000001
2023-08-04,Financials,0.08637999999999998
2023-08-07,Financials,0.05584666666666667
2023-08-08,Financials,-0.10534933333333334
2023-08-09,Financials,-0.162682
2023-08-10,Financials,0.06485695238095238
2023-08-11,Financials,0.130885
2023-08-14,Financials,0.19431666666666667
2023-08-15,Financials,0.08881297435897437
2023-08-16,Financials,-0.12325012820512819
2023-08-17,Financials,-0.020946666666666672
2023-08-18,Financials,0.0812525
2023-08-21,Financials,0.15244466666666667
2023-08-22,Financials,0.07987238095238094
2023-08-23,Financials,-0.030895
2023-08-24,Financials,0.1773108333333333
2023-08-25,Financials,0.016130000000000005
2023-08-28,Financials,0.040096
2023-08-29,Financials,0.14125196969696968
2023-08-30,Financials,-0.024353333333333338
2023-08-31,Financials,0.03542000000000001
2023-09-01,Financials,0.10901238095238094
2023-09-05,Financials,0.01688333333333333
2023-09-06,Financials,0.147135
2023-09-07,Financials,0.36785357142857145
2023-09-08,Financials,0.2701097777777778
2023-09-11,Financials,0.10003357142857143
2023-09-12,Financials,0.11684114774114773
2023-09-13,Financials,0.1827787619047619
2023-09-14,Financials,0.06510766666666667
2023-09-15,Financials,0.23221181818181819
2023-09-18,Financials,0.038800476190476184
2023-09-19,Financials,0.182508
2023-09-20,Financials,-0.05368333333333333
2023-09-21,Financials,0.08844666666666667
2023-09-22,Financials,0.07173399999999999
2023-09-25,Financials,-0.002622000000000002
2023-09-26,Financials,0.03954266666666667
2023-09-27,Financials,0.15942961904761904
2023-09-28,Financials,0.0818542857142857
2023-09-29,Financials,0.13359095238095237
2023-10-02,Financials,0.20885166666666666
2023-10-03,Financials,0.263204
2023-10-04,Financials,0.1658184722222222
2023-10-05,Financials,0.04842777777777777
2023-10-06,Financials,0.1275282857142857
2023-10-09,Financials,0.19223833333333334
2023-10-10,Financials,0.21013862637362637
2023-10-11,Financials,0.05207261904761906
2023-10-12,Financials,-0.032427714285714296
2023-10-13,Financials,0.07169754545454546
2023-10-16,Financials,-0.005495941176470592
2023-10-17,Financials,0.18146075
2023-10-18,Financials,0.2050081481481482
2023-10-19,Financials,0.061957447633012155
2023-10-20,Financials,0.2490466666666667
2023-10-23,Financials,0.12312333333333333
2023-10-24,Financials,0.06457857142857143
2023-10-25,Financials,0.21685333333333334
2023-10-26,Financials,0.18719242424242424
2023-10-27,Financials,0.20437500000000003
2023-10-30,Financials,0.07959375
2023-10-31,Financials,0.135275
2023-11-01,Financials,0.14408541666666666
2023-11-02,Financials,0.10302500000000002
2023-11-03,Financials,0.17964
2023-11-06,Financials,0.20951
2023-11-07,Financials,0.049264444444444444
2023-11-08,Financials,0.15867222222222221
2023-11-09,Financials,0.04031607142857143
2023-11-10,Financials,0.031095555555555553
2023-11-13,Financials,0.12510833333333332
2023-11-14,Financials,-0.13721968831168832
2023-11-15,Financials,0.09372428571428572
2023-11-16,Financials,0.16519444444444445
2023-11-17,Financials,0.08345833333333333
2023-11-20,Financials,0.117218
2023-11-21,Financials,-0.011607499999999998
2023-11-22,Financials,0.12911
2023-11-24,Financials,-0.08744933333333334
2023-11-27,Financials,0.09088
2023-11-28,Financials,0.0899925
2023-11-29,Financials,0.09989333333333332
2023-11-30,Financials,0.0975975
2023-12-01,Financials,0.22641666666666665
2023-12-04,Financials,-0.015854375000000004
2023-12-05,Financials,0.08254659722222221
2023-12-06,Financials,0.15946666666666667
2023-12-07,Financials,-0.01888958333333333
2023-12-08,Financials,0.09427777777777778
2023-12-11,Financials,0.08904000000000001
2023-12-12,Financials,0.1107332142857143
2023-12-13,Financials,0.20579884848484847
2023-12-14,Financials,0.1747
2023-12-15,Financials,0.042551111111111116
2023-12-18,Financials,0.24199904761904759
2023-12-19,Financials,0.16615148809523808
2023-12-20,Financials,0.16615148809523808
2023-12-21,Financials,0.16615148809523808
2023-12-22,Financials,0.16615148809523808
2023-12-26,Financials,0.16615148809523808
2023-12-27,Financials,0.16615148809523808
2023-12-28,Financials,0.16615148809523808
2023-12-29,Financials,0.16615148809523808
2020-01-02,Healthcare,
2020-01-03,Healthcare,0.2311446666666667
2020-01-06,Healthcare,0.3177625
2020-01-07,Healthcare,0.344796
2020-01-08,Healthcare,0.12786133333333333
2020-01-09,Healthcare,0.272037037037037
2020-01-10,Healthcare,0.31593333333333334
2020-01-13,Healthcare,0.24778000000000003
2020-01-14,Healthcare,0.1240675
2020-01-15,Healthcare,0.295675
2020-01-16,Healthcare,0.22993333333333332
2020-01-17,Healthcare,0.17575625
2020-01-21,Healthcare,0.20040555555555553
2020-01-22,Healthcare,0.20060666666666666
2020-01-23,Healthcare,0.08050833333333333
2020-01-24,Healthcare,0.020309999999999998
2020-01-27,Healthcare,0.2246453333333333
2020-01-28,Healthcare,0.2628627777777778
2020-01-29,Healthcare,0.18641166666666664
2020-01-30,Healthcare,0.159794
2020-01-31,Healthcare,0.20811666666666664
2020-02-03,Healthcare,0.2545191666666667
2020-02-04,Healthcare,0.15179410906298002
2020-02-05,Healthcare,0.24008630952380952
2020-02-06,Healthcare,0.1347415714285714
2020-02-07,Healthcare,0.270447
2020-02-10,Healthcare,0.29473030303030306
2020-02-11,Healthcare,0.04546666666666666
2020-02-12,Healthcare,-0.006330555555555543
2020-02-13,Healthcare,0.2345927083333333
2020-02-14,Healthcare,0.21538
2020-02-18,Healthcare,0.3236875
2020-02-19,Healthcare,0.06667071428571428
2020-02-20,Healthcare,0.24066722222222223
2020-02-21,Healthcare,0.15184
2020-02-24,Healthcare,0.08420312499999999
2020-02-25,Healthcare,0.1974996638655462
2020-02-26,Healthcare,0.1091222222222222
2020-02-27,Healthcare,0.0346871568627451
2020-02-28,Healthcare,0.15101199999999998
2020-03-02,Healthcare,0.05439499999999999
2020-03-03,Healthcare,0.09912651785714285
2020-03-04,Healthcare,0.37418615384615384
2020-03-05,Healthcare,0.43425900000000006
2020-03-06,Healthcare,0.08925785256410257
2020-03-09,Healthcare,0.11019090909090908
2020-03-10,Healthcare,0.1317758947368421
2020-03-11,Healthcare,0.23226458333333333
2020-03-12,Healthcare,0.15805083333333333
2020-03-13,Healthcare,-0.18077733333333335
2020-03-16,Healthcare,-0.078184375
2020-03-17,Healthcare,0.035341666666666674
2020-03-18,Healthcare,0.3040466666666667
2020-03-19,Healthcare,0.11055624999999998
2020-03-20,Healthcare,0.178155
2020-03-23,Healthcare,0.0807003205128205
2020-03-24,Healthcare,0.042331709956709956
2020-03-25,Healthcare,0.27379619047619047
2020-03-26,Healthcare,0.1755095238095238
2020-03-27,Healthcare,0.29860909090909094
2020-03-30,Healthcare,0.27602666666666664
2020-03-31,Healthcare,0.18270390476190473
2020-04-01,Healthcare,0.03811488095238096
2020-04-02,Healthcare,-0.005616666666666645
2020-04-03,Healthcare,0.11523071428571427
2020-04-06,Healthcare,0.24129722222222225
2020-04-07,Healthcare,0.33184977011494254
2020-04-08,Healthcare,0.053001403508771916
2020-04-09,Healthcare,0.1829361111111111
2020-04-13,Healthcare,-0.002047916666666663
2020-04-14,Healthcare,0.19011056547619049
2020-04-15,Healthcare,0.26344880952380956
2020-04-16,Healthcare,-0.06588309523809524
2020-04-17,Healthcare,0.31501261904761907
2020-04-20,Healthcare,0.3082819394213382
2020-04-21,Healthcare,-0.018980297872340422
2020-04-22,Healthcare,-0.027807809523809523
2020-04-23,Healthcare,0.26782299145299143
2020-04-24,Healthcare,0.15774958333333333
2020-04-27,Healthcare,0.02466446428571427
2020-04-28,Healthcare,-0.008469904761904757
2020-04-29,Healthcare,0.17760303076923076
2020-04-30,Healthcare,0.06378931034482758
2020-05-01,Healthcare,0.19510815384615385
2020-05-04,Healthcare,0.0733535749751738
2020-05-05,Healthcare,0.06788999999999999
2020-05-06,Healthcare,0.1989094117647059
2020-05-07,Healthcare,0.16397444444444442
2020-05-08,Healthcare,0.13613055555555556
2020-05-11,Healthcare,-0.024708472222222222
2020-05-12,Healthcare,0.10580362318840579
2020-05-13,Healthcare,-0.04737015873015871
2020-05-14,Healthcare,0.1226880916860917
2020-05-15,Healthcare,0.12089833333333333
2020-05-18,Healthcare,-0.008499545454545454
2020-05-19,Healthcare,0.13202266666666668
2020-05-20,Healthcare,0.25831566666666667
2020-05-21,Healthcare,0.03304218559218561
2020-05-22,Healthcare,0.12007866666666667
2020-05-26,Healthcare,0.16069166666666668
2020-05-27,Healthcare,0.08591685185185186
2020-05-28,Healthcare,0.008749444444444456
2020-05-29,Healthcare,-0.06203166666666667
2020-06-01,Healthcare,0.1979048611111111
2020-06-02,Healthcare,0.16729097222222222
2020-06-03,Healthcare,0.03321515151515152
2020-06-04,Healthcare,0.25402650793650794
2020-06-05,Healthcare,0.11087984126984127
2020-06-08,Healthcare,0.18158333333333332
2020-06-09,Healthcare,0.08508026315789474
2020-06-10,Healthcare,0.0015680555555555493
2020-06-11,Healthcare,0.09832222222222223
2020-06-12,Healthcare,0.18817
2020-06-15,Healthcare,0.0239975
2020-06-16,Healthcare,0.17032571428571427
2020-06-17,Healthcare,0.09400208333333332
2020-06-18,Healthcare,-0.1274625
2020-06-19,Healthcare,0.33168333333333333
2020-06-22,Healthcare,0.23825416666666666
2020-06-23,Healthcare,0.3400083333333333
2020-06-24,Healthcare,0.003990625000000001
2020-06-25,Healthcare,0.01970833333333333
2020-06-26,Healthcare,0.0920375
2020-06-29,Healthcare,0.11706166666666666
2020-06-30,Healthcare,0.17296375
2020-07-01,Healthcare,0.20356666666666667
2020-07-02,Healthcare,0.314675
2020-07-06,Healthcare,0.16365833333333332
2020-07-07,Healthcare,0.055154999999999996
2020-07-08,Healthcare,0.12016666666666667
2020-07-09,Healthcare,0.18671488095238095
2020-07-10,Healthcare,-0.01899444444444444
2020-07-13,Healthcare,0.23884
2020-07-14,Healthcare,0.045687500000000006
2020-07-15,Healthcare,0.29471
2020-07-16,Healthcare,0.399875
2020-07-17,Healthcare,0.25673
2020-07-20,Healthcare,-0.0011916666666666742
2020-07-21,Healthcare,0.12499166666666667
2020-07-22,Healthcare,0.2214125
2020-07-23,Healthcare,0.6246999999999999
2020-07-24,Healthcare,-0.06659999999999998
2020-07-27,Healthcare,0.125835
2020-07-28,Healthcare,-0.004582142857142856
2020-07-29,Healthcare,0.07184583333333333
2020-07-30,Healthcare,0.138288
2020-07-31,Healthcare,-0.014190625
2020-08-03,Healthcare,0.15337435897435897
2020-08-04,Healthcare,0.05058619047619047
2020-08-05,Healthcare,0.0016916666666666677
2020-08-06,Healthcare,-0.023299999999999987
2020-08-07,Healthcare,0.3415683333333333
2020-08-10,Healthcare,0.2503357142857143
2020-08-11,Healthcare,0.16973888888888888
2020-08-12,Healthcare,0.1769666666666667
2020-08-13,Healthcare,0.06743333333333333
2020-08-14,Healthcare,-0.13394
2020-08-17,Healthcare,0.0
2020-08-18,Healthcare,0.28033
2020-08-19,Healthcare,-0.14966666666666667
2020-08-20,Healthcare,0.17329375
2020-08-21,Healthcare,0.044259999999999994
2020-08-24,Healthcare,0.192025
2020-08-25,Healthcare,0.2267125
2020-08-26,Healthcare,0.17755925925925928
2020-08-27,Healthcare,0.117564
2020-08-28,Healthcare,0.199044
2020-08-31,Healthcare,0.0012506666666666708
2020-09-01,Healthcare,0.2511277777777778
2020-09-02,Healthcare,0.13480833333333336
2020-09-03,Healthcare,-0.07952500000000001
2020-09-04,Healthcare,0.0424
2020-09-08,Healthcare,0.007103571428571445
2020-09-09,Healthcare,0.08395
2020-09-10,Healthcare,0.22290833333333335
2020-09-11,Healthcare,0.6369
2020-09-14,Healthcare,-0.05620666666666667
2020-09-15,Healthcare,0.12823286956521737
2020-09-16,Healthcare,0.20018666666666665
2020-09-17,Healthcare,0.0
2020-09-18,Healthcare,0.11237166666666668
2020-09-21,Healthcare,-0.02724249999999999
2020-09-22,Healthcare,-0.1848575
2020-09-23,Healthcare,0.578125
2020-09-24,Healthcare,0.17148333333333332
2020-09-25,Healthcare,-0.17168333333333333
2020-09-28,Healthcare,0.27418333333333333
2020-09-29,Healthcare,0.025585833333333342
2020-09-30,Healthcare,0.21705000000000002
2020-10-01,Healthcare,0.28515625
2020-10-02,Healthcare,0.05215958333333334
2020-10-05,Healthcare,-0.10145000000000001
2020-10-06,Healthcare,0.1253022222222222
2020-10-07,Healthcare,0.09261666666666667
2020-10-08,Healthcare,0.2558497023809524
2020-10-09,Healthcare,0.07359791666666668
2020-10-12,Healthcare,-0.15622666666666665
2020-10-13,Healthcare,0.060365625000000006
2020-10-14,Healthcare,-0.06497499999999999
2020-10-15,Healthcare,0.12393000000000001
2020-10-16,Healthcare,0.27832333333333337
2020-10-19,Healthcare,0.010348717948717945
2020-10-20,Healthcare,0.17096166666666665
2020-10-21,Healthcare,0.27718750000000003
2020-10-22,Healthcare,0.2997533333333333
2020-10-23,Healthcare,-0.05663499999999999
2020-10-26,Healthcare,0.048525000000000006
2020-10-27,Healthcare,0.02107222222222222
2020-10-28,Healthcare,0.07492857142857143
2020-10-29,Healthcare,0.03624466666666667
2020-10-30,Healthcare,0.20354866666666666
2020-11-02,Healthcare,0.1536034090909091
2020-11-03,Healthcare,0.09564623015873017
2020-11-04,Healthcare,0.12984666666666667
2020-11-05,Healthcare,0.3693740740740741
2020-11-06,Healthcare,0.03168750000000001
2020-11-09,Healthcare,0.1147
2020-11-10,Healthcare,0.22586833333333328
2020-11-11,Healthcare,0.23094800000000001
2020-11-12,Healthcare,0.0
2020-11-13,Healthcare,-0.038275
2020-11-16,Healthcare,0.28600000000000003
2020-11-17,Healthcare,0.029619000000000006
2020-11-18,Healthcare,0.032456250000000006
2020-11-19,Healthcare,0.18796666666666667
2020-11-20,Healthcare,0.07025416666666667
2020-11-23,Healthcare,0.02274375
2020-11-24,Healthcare,0.19590538095238097
2020-11-25,Healthcare,0.36612500000000003
2020-11-27,Healthcare,0.0502375
2020-11-30,Healthcare,-0.2553
2020-12-01,Healthcare,0.16828333333333334
2020-12-02,Healthcare,0.06698333333333333
2020-12-03,Healthcare,0.2034375
2020-12-04,Healthcare,0.30622499999999997
2020-12-07,Healthcare,0.1262388888888889
2020-12-08,Healthcare,-0.1004
2020-12-09,Healthcare,0.1829222222222222
2020-12-10,Healthcare,-0.123475
2020-12-11,Healthcare,0.07891875000000001
2020-12-14,Healthcare,0.301453
2020-12-15,Healthcare,0.09623500000000001
2020-12-16,Healthcare,0.3786777777777777
2020-12-17,Healthcare,0.2831875
2020-12-18,Healthcare,0.07097733333333332
2020-12-21,Healthcare,0.29175
2020-12-22,Healthcare,0.27162
2020-12-23,Healthcare,0.05187
2020-12-24,Healthcare,0.1031611111111111
2020-12-28,Healthcare,0.35910000000000003
2020-12-29,Healthcare,0.3619833333333333
2020-12-30,Healthcare,0.022477777777777777
2020-12-31,Healthcare,0.3021
2021-01-04,Healthcare,0.2181611111111111
2021-01-05,Healthcare,0.1423666666666667
2021-01-06,Healthcare,0.3070833333333333
2021-01-07,Healthcare,0.16576249999999998
2021-01-08,Healthcare,-0.047700000000000006
2021-01-11,Healthcare,0.0
2021-01-12,Healthcare,-0.10957285714285714
2021-01-13,Healthcare,0.19973125
2021-01-14,Healthcare,0.19265000000000002
2021-01-15,Healthcare,0.15031875
2021-01-19,Healthcare,0.20066666666666666
2021-01-20,Healthcare,0.0625
2021-01-21,Healthcare,0.5762833333333334
2021-01-22,Healthcare,0.033716666666666666
2021-01-25,Healthcare,0.0
2021-01-26,Healthcare,0.1731785
2021-01-27,Healthcare,0.05500416666666666
2021-01-28,Healthcare,0.12856071428571428
2021-01-29,Healthcare,0.226515
2021-02-01,Healthcare,-0.07972499999999999
2021-02-02,Healthcare,0.23296999999999998
2021-02-03,Healthcare,0.07240416666666667
2021-02-04,Healthcare,0.23967
2021-02-05,Healthcare,0.11824318181818183
2021-02-08,Healthcare,0.34927833333333336
2021-02-09,Healthcare,-0.04989999999999999
2021-02-10,Healthcare,0.25035416666666666
2021-02-11,Healthcare,0.159646
2021-02-12,Healthcare,0.12636250000000002
2021-02-16,Healthcare,0.09633750000000002
2021-02-17,Healthcare,0.0
2021-02-18,Healthcare,0.18815555555555555
2021-02-19,Healthcare,0.11442000000000001
2021-02-22,Healthcare,0.25628333333333336
2021-02-23,Healthcare,0.191966
2021-02-24,Healthcare,0.0717
2021-02-25,Healthcare,0.18738333333333335
2021-02-26,Healthcare,0.42955625000000003
2021-03-01,Healthcare,-0.18543333333333334
2021-03-02,Healthcare,0.1589375
2021-03-03,Healthcare,0.1013
2021-03-04,Healthcare,0.3306
2021-03-05,Healthcare,-0.024284374999999997
2021-03-08,Healthcare,-0.024987500000000003
2021-03-09,Healthcare,0.0493
2021-03-10,Healthcare,0.0
2021-03-11,Healthcare,0.14186666666666667
2021-03-12,Healthcare,0.041772
2021-03-15,Healthcare,-0.12040000000000001
2021-03-16,Healthcare,0.20649314285714288
2021-03-17,Healthcare,0.1717125
2021-03-18,Healthcare,0.12701666666666667
2021-03-19,Healthcare,0.14851666666666666
2021-03-22,Healthcare,0.2987
2021-03-23,Healthcare,0.00779000000000001
2021-03-24,Healthcare,0.2027
2021-03-25,Healthcare,0.224925
2021-03-26,Healthcare,0.18635000000000002
2021-03-29,Healthcare,0.020763888888888887
2021-03-30,Healthcare,0.28385666666666665
2021-03-31,Healthcare,-0.0599375
2021-04-01,Healthcare,0.050409999999999996
2021-04-05,Healthcare,0.02037000000000001
2021-04-06,Healthcare,0.1187625
2021-04-07,Healthcare,0.07963333333333333
2021-04-08,Healthcare,0.3327
2021-04-09,Healthcare,0.23209749999999998
2021-04-12,Healthcare,0.23161666666666667
2021-04-13,Healthcare,0.13758833333333334
2021-04-14,Healthcare,-0.003495833333333337
2021-04-15,Healthcare,-0.01144666666666666
2021-04-16,Healthcare,0.10661000000000001
2021-04-19,Healthcare,-0.125
2021-04-20,Healthcare,0.05492142857142858
2021-04-21,Healthcare,0.20587222222222223
2021-04-22,Healthcare,0.32735000000000003
2021-04-23,Healthcare,0.06288
2021-04-26,Healthcare,0.2787
2021-04-27,Healthcare,0.241355
2021-04-28,Healthcare,0.20780833333333332
2021-04-29,Healthcare,0.1597015238095238
2021-04-30,Healthcare,0.2165905714285714
2021-05-03,Healthcare,0.1650606153846154
2021-05-04,Healthcare,0.23162933333333333
2021-05-05,Healthcare,0.216085
2021-05-06,Healthcare,0.22193000000000002
2021-05-07,Healthcare,0.0
2021-05-10,Healthcare,0.17
2021-05-11,Healthcare,0.11053600000000001
2021-05-12,Healthcare,0.13396666666666665
2021-05-13,Healthcare,0.5164500000000001
2021-05-14,Healthcare,-0.02864444444444444
2021-05-17,Healthcare,0.17097500000000002
2021-05-18,Healthcare,0.123194
2021-05-19,Healthcare,0.04900000000000001
2021-05-20,Healthcare,-0.17
2021-05-21,Healthcare,0.17911666666666665
2021-05-24,Healthcare,0.24296
2021-05-25,Healthcare,0.31085833333333335
2021-05-26,Healthcare,0.21935
2021-05-27,Healthcare,0.0
2021-05-28,Healthcare,0.1580541666666667
2021-06-01,Healthcare,0.16181666666666666
2021-06-02,Healthcare,0.20238928571428572
2021-06-03,Healthcare,0.0976875
2021-06-04,Healthcare,0.18233333333333332
2021-06-07,Healthcare,-0.03005
2021-06-08,Healthcare,0.08859999999999998
2021-06-09,Healthcare,0.123475
2021-06-10,Healthcare,-0.004515909090909092
2021-06-11,Healthcare,0.22046666666666664
2021-06-14,Healthcare,0.03532291666666666
2021-06-15,Healthcare,0.24927166666666664
2021-06-16,Healthcare,0.26181666666666664
2021-06-17,Healthcare,0.0
2021-06-18,Healthcare,0.09006666666666667
2021-06-21,Healthcare,0.3057166666666667
2021-06-22,Healthcare,0.37132
2021-06-23,Healthcare,0.148
2021-06-24,Healthcare,0.31096666666666667
2021-06-25,Healthcare,0.1507333333333333
2021-06-28,Healthcare,0.173686
2021-06-29,Healthcare,0.21923333333333336
2021-06-30,Healthcare,0.09342499999999998
2021-07-01,Healthcare,0.107525
2021-07-02,Healthcare,0.148
2021-07-06,Healthcare,0.5673375
2021-07-07,Healthcare,-0.085
2021-07-08,Healthcare,0.3101
2021-07-09,Healthcare,0.07770625
2021-07-12,Healthcare,0.036116666666666665
2021-07-13,Healthcare,0.19594999999999999
2021-07-14,Healthcare,0.04933333333333333
2021-07-15,Healthcare,0.3752
2021-07-16,Healthcare,-0.07655
2021-07-19,Healthcare,0.6597
2021-07-20,Healthcare,-0.013225000000000004
2021-07-21,Healthcare,-0.0128375
2021-07-22,Healthcare,0.0
2021-07-23,Healthcare,0.0022357142857142853
2021-07-26,Healthcare,0.12246666666666667
2021-07-27,Healthcare,0.21362222222222224
2021-07-28,Healthcare,-0.07099999999999998
2021-07-29,Healthcare,0.15347083333333336
2021-07-30,Healthcare,0.11594866666666666
2021-08-02,Healthcare,0.16253555555555554
2021-08-03,Healthcare,0.270273
2021-08-04,Healthcare,0.20084444444444446
2021-08-05,Healthcare,0.14198499999999997
2021-08-06,Healthcare,0.11786666666666668
2021-08-09,Healthcare,0.09545
2021-08-10,Healthcare,0.18340625
2021-08-11,Healthcare,0.05863333333333333
2021-08-12,Healthcare,0.20126666666666668
2021-08-13,Healthcare,0.2388375
2021-08-16,Healthcare,0.1858
2021-08-17,Healthcare,0.09712799999999999
2021-08-18,Healthcare,0.25926
2021-08-19,Healthcare,0.359825
2021-08-20,Healthcare,0.07144999999999999
2021-08-23,Healthcare,0.3062
2021-08-24,Healthcare,-0.0293125
2021-08-25,Healthcare,0.24303333333333335
2021-08-26,Healthcare,-0.04526
2021-08-27,Healthcare,0.1121
2021-08-30,Healthcare,0.2837791666666667
2021-08-31,Healthcare,0.24538333333333337
2021-09-01,Healthcare,0.01909
2021-09-02,Healthcare,0.09170083333333333
2021-09-03,Healthcare,0.1822
2021-09-07,Healthcare,0.1822
2021-09-08,Healthcare,0.11558333333333333
2021-09-09,Healthcare,-0.12826666666666667
2021-09-10,Healthcare,0.045220714285714295
2021-09-13,Healthcare,-0.05303333333333333
2021-09-14,Healthcare,0.2742133333333333
2021-09-15,Healthcare,0.31535
2021-09-16,Healthcare,0.15646458333333335
2021-09-17,Healthcare,0.23729999999999998
2021-09-20,Healthcare,-0.014484999999999998
2021-09-21,Healthcare,0.07219466666666667
2021-09-22,Healthcare,0.15253333333333333
2021-09-23,Healthcare,-0.06726
2021-09-24,Healthcare,0.273905
2021-09-27,Healthcare,0.07586666666666667
2021-09-28,Healthcare,0.263595
2021-09-29,Healthcare,0.16019733333333333
2021-09-30,Healthcare,0.27834166666666665
2021-10-01,Healthcare,0.0044874999999999984
2021-10-04,Healthcare,0.10521481481481482
2021-10-05,Healthcare,0.167667
2021-10-06,Healthcare,0.14804166666666668
2021-10-07,Healthcare,0.1340148148148148
2021-10-08,Healthcare,0.11211111111111112
2021-10-11,Healthcare,0.0709611111111111
2021-10-12,Healthcare,0.049024038461538466
2021-10-13,Healthcare,0.22478571428571428
2021-10-14,Healthcare,-0.06929
2021-10-15,Healthcare,0.0
2021-10-18,Healthcare,0.13325
2021-10-19,Healthcare,0.23418085714285714
2021-10-20,Healthcare,-0.029266071428571433
2021-10-21,Healthcare,0.08297066666666666
2021-10-22,Healthcare,0.24110499999999999
2021-10-25,Healthcare,0.044094999999999995
2021-10-26,Healthcare,-0.006187499999999995
2021-10-27,Healthcare,-0.07435833333333335
2021-10-28,Healthcare,0.1569267857142857
2021-10-29,Healthcare,0.142214
2021-11-01,Healthcare,0.02653944327731092
2021-11-02,Healthcare,0.2846013333333334
2021-11-03,Healthcare,0.26000104166666665
2021-11-04,Healthcare,0.1413583333333333
2021-11-05,Healthcare,0.12129848484848485
2021-11-08,Healthcare,0.3615388888888889
2021-11-09,Healthcare,0.15158476923076922
2021-11-10,Healthcare,0.135675
2021-11-11,Healthcare,-0.0815
2021-11-12,Healthcare,0.19598666666666667
2021-11-15,Healthcare,0.14674375
2021-11-16,Healthcare,0.14423750000000002
2021-11-17,Healthcare,0.20542666666666665
2021-11-18,Healthcare,0.30110833333333337
2021-11-19,Healthcare,-0.045325000000000004
2021-11-22,Healthcare,0.10322500000000001
2021-11-23,Healthcare,-0.09287589285714284
2021-11-24,Healthcare,0.18705
2021-11-26,Healthcare,-0.1931333333333333
2021-11-29,Healthcare,-0.006483333333333341
2021-11-30,Healthcare,0.17169455128205127
2021-12-01,Healthcare,0.09612380952380954
2021-12-02,Healthcare,-0.08995208333333335
2021-12-03,Healthcare,-0.15028333333333332
2021-12-06,Healthcare,0.25703125
2021-12-07,Healthcare,0.18249166666666666
2021-12-08,Healthcare,0.04248888888888889
2021-12-09,Healthcare,0.10704444444444446
2021-12-10,Healthcare,0.013574999999999997
2021-12-13,Healthcare,0.03541166666666666
2021-12-14,Healthcare,0.21109166666666668
2021-12-15,Healthcare,0.049760000000000006
2021-12-16,Healthcare,-0.018643749999999994
2021-12-17,Healthcare,0.011853999999999998
2021-12-20,Healthcare,0.33908999999999995
2021-12-21,Healthcare,0.11151933333333333
2021-12-22,Healthcare,0.16676285714285713
2021-12-23,Healthcare,0.09334687500000001
2021-12-27,Healthcare,0.2269501960784314
2021-12-28,Healthcare,0.033184444444444454
2021-12-29,Healthcare,0.15741111111111109
2021-12-30,Healthcare,0.36819999999999997
2021-12-31,Healthcare,0.20832559523809524
2022-01-03,Healthcare,0.15055
2022-01-04,Healthcare,0.17695504761904762
2022-01-05,Healthcare,0.04162666666666667
2022-01-06,Healthcare,-0.0660375
2022-01-07,Healthcare,0.31234
2022-01-10,Healthcare,0.17183888888888887
2022-01-11,Healthcare,0.22336666666666666
2022-01-12,Healthcare,0.10112222222222222
2022-01-13,Healthcare,0.08939333333333334
2022-01-14,Healthcare,0.11591100000000001
2022-01-18,Healthcare,0.20001000000000002
2022-01-19,Healthcare,0.08612600000000001
2022-01-20,Healthcare,0.06919
2022-01-21,Healthcare,0.03701533333333333
2022-01-24,Healthcare,-0.057152
2022-01-25,Healthcare,0.01448638888888889
2022-01-26,Healthcare,-0.0073416666666666665
2022-01-27,Healthcare,0.13087455357142858
2022-01-28,Healthcare,0.18564833333333336
2022-01-31,Healthcare,0.3156466666666667
2022-02-01,Healthcare,0.18014319047619048
2022-02-02,Healthcare,0.08748273504273504
2022-02-03,Healthcare,0.09284704761904763
2022-02-04,Healthcare,0.13058333333333333
2022-02-07,Healthcare,-0.10756333333333332
2022-02-08,Healthcare,0.3411765873015873
2022-02-09,Healthcare,0.2397982142857143
2022-02-10,Healthcare,0.27704999999999996
2022-02-11,Healthcare,0.05621666666666667
2022-02-14,Healthcare,0.37163
2022-02-15,Healthcare,-0.011488095238095238
2022-02-16,Healthcare,0.0539875
2022-02-17,Healthcare,0.27073375
2022-02-18,Healthcare,0.11014642857142856
2022-02-22,Healthcare,0.25854
2022-02-23,Healthcare,0.296635
2022-02-24,Healthcare,0.12564999999999998
2022-02-25,Healthcare,0.2552083333333333
2022-02-28,Healthcare,0.02021666666666667
2022-03-01,Healthcare,0.17178888888888888
2022-03-02,Healthcare,0.06092000000000001
2022-03-03,Healthcare,0.08635
2022-03-04,Healthcare,0.03256875
2022-03-07,Healthcare,0.12006999999999998
2022-03-08,Healthcare,0.20492166666666672
2022-03-09,Healthcare,-0.07893166666666665
2022-03-10,Healthcare,0.18534
2022-03-11,Healthcare,-0.02275833333333334
2022-03-14,Healthcare,0.164135
2022-03-15,Healthcare,0.22134583333333335
2022-03-16,Healthcare,-0.07027000000000001
2022-03-17,Healthcare,0.0014492857142857142
2022-03-18,Healthcare,0.021374444444444463
2022-03-21,Healthcare,0.19258888888888892
2022-03-22,Healthcare,0.25232333333333334
2022-03-23,Healthcare,-0.10785166666666664
2022-03-24,Healthcare,0.07751666666666665
2022-03-25,Healthcare,0.20134375
2022-03-28,Healthcare,0.09735
2022-03-29,Healthcare,-0.10284375
2022-03-30,Healthcare,0.040900000000000006
2022-03-31,Healthcare,0.05119166666666667
2022-04-01,Healthcare,0.1687875
2022-04-04,Healthcare,0.3144625
2022-04-05,Healthcare,0.049042999999999996
2022-04-06,Healthcare,0.161048
2022-04-07,Healthcare,0.050575
2022-04-08,Healthcare,0.0972875
2022-04-11,Healthcare,0.375298
2022-04-12,Healthcare,0.09281966666666666
2022-04-13,Healthcare,0.09319999999999999
2022-04-14,Healthcare,0.05811166666666667
2022-04-18,Healthcare,0.1306685714285714
2022-04-19,Healthcare,0.0
2022-04-20,Healthcare,0.06509599999999999
2022-04-21,Healthcare,0.31645
2022-04-22,Healthcare,0.182605
2022-04-25,Healthcare,0.22862500000000002
2022-04-26,Healthcare,0.30813999999999997
2022-04-27,Healthcare,-0.02829178571428572
2022-04-28,Healthcare,0.09247
2022-04-29,Healthcare,0.16376009523809526
2022-05-02,Healthcare,0.217206
2022-05-03,Healthcare,0.24611900000000003
2022-05-04,Healthcare,0.162675
2022-05-05,Healthcare,0.17405
2022-05-06,Healthcare,0.25075000000000003
2022-05-09,Healthcare,-0.0013583333333333364
2022-05-10,Healthcare,0.1701
2022-05-11,Healthcare,0.14197200000000001
2022-05-12,Healthcare,0.039256666666666676
2022-05-13,Healthcare,-0.005173333333333319
2022-05-16,Healthcare,-0.0188375
2022-05-17,Healthcare,0.048321666666666666
2022-05-18,Healthcare,-0.021684375000000002
2022-05-19,Healthcare,0.21488999999999997
2022-05-20,Healthcare,0.14236875
2022-05-23,Healthcare,-0.014948333333333336
2022-05-24,Healthcare,0.18671
2022-05-25,Healthcare,0.01715500000000001
2022-05-26,Healthcare,-0.12983125
2022-05-27,Healthcare,0.19845809523809527
2022-05-31,Healthcare,-0.03215624999999999
2022-06-01,Healthcare,0.337675
2022-06-02,Healthcare,0.07180208333333334
2022-06-03,Healthcare,-0.035710000000000006
2022-06-06,Healthcare,0.06581666666666668
2022-06-07,Healthcare,0.07980809523809526
2022-06-08,Healthcare,0.3433583333333333
2022-06-09,Healthcare,0.34175
2022-06-10,Healthcare,0.016858333333333333
2022-06-13,Healthcare,-0.01185583333333334
2022-06-14,Healthcare,0.2716294642857143
2022-06-15,Healthcare,-0.030830000000000003
2022-06-16,Healthcare,0.10294400000000001
2022-06-17,Healthcare,0.30465
2022-06-21,Healthcare,0.27760416666666665
2022-06-22,Healthcare,0.05681666666666665
2022-06-23,Healthcare,0.018083333333333333
2022-06-24,Healthcare,-0.09467933333333332
2022-06-27,Healthcare,0.3847392857142857
2022-06-28,Healthcare,0.23541089285714284
2022-06-29,Healthcare,0.04462222222222225
2022-06-30,Healthcare,0.3663214285714286
2022-07-01,Healthcare,0.07456666666666667
2022-07-05,Healthcare,0.05229625
2022-07-06,Healthcare,0.1218245238095238
2022-07-07,Healthcare,0.09573000000000001
2022-07-08,Healthcare,-0.02987678571428571
2022-07-11,Healthcare,0.43312999999999996
2022-07-12,Healthcare,0.038387142857142856
2022-07-13,Healthcare,0.013692619047619047
2022-07-14,Healthcare,0.20582857142857147
2022-07-15,Healthcare,-0.10212249999999999
2022-07-18,Healthcare,0.07507749999999999
2022-07-19,Healthcare,0.11581599999999999
2022-07-20,Healthcare,0.08032595238095237
2022-07-21,Healthcare,0.225897696969697
2022-07-22,Healthcare,-0.05505833333333332
2022-07-25,Healthcare,0.278042
2022-07-26,Healthcare,0.090888
2022-07-27,Healthcare,0.15696333333333334
2022-07-28,Healthcare,0.08762083333333334
2022-07-29,Healthcare,0.176083
2022-08-01,Healthcare,0.20571916666666668
2022-08-02,Healthcare,0.12334299999999998
2022-08-03,Healthcare,0.1776725
2022-08-04,Healthcare,0.27491833333333326
2022-08-05,Healthcare,0.008051666666666665
2022-08-08,Healthcare,0.3091291666666667
2022-08-09,Healthcare,0.11623333333333334
2022-08-10,Healthcare,0.09024444444444445
2022-08-11,Healthcare,0.1797416666666667
2022-08-12,Healthcare,0.04065100000000001
2022-08-15,Healthcare,-0.0030733333333333277
2022-08-16,Healthcare,0.013416666666666665
2022-08-17,Healthcare,0.08214583333333333
2022-08-18,Healthcare,0.03181666666666667
2022-08-19,Healthcare,0.07191600000000001
2022-08-22,Healthcare,0.013909999999999988
2022-08-23,Healthcare,0.21191333333333331
2022-08-24,Healthcare,0.18545000000000003
2022-08-25,Healthcare,0.13091875
2022-08-26,Healthcare,0.13068333333333335
2022-08-29,Healthcare,0.19003333333333333
2022-08-30,Healthcare,0.2640533333333333
2022-08-31,Healthcare,0.18408750000000002
2022-09-01,Healthcare,-0.176485
2022-09-02,Healthcare,0.11460166666666667
2022-09-06,Healthcare,0.19956666666666667
2022-09-07,Healthcare,0.19426666666666667
2022-09-08,Healthcare,0.08629833333333334
2022-09-09,Healthcare,0.19506533333333334
2022-09-12,Healthcare,0.010120000000000013
2022-09-13,Healthcare,0.29164633333333334
2022-09-14,Healthcare,0.05998666666666667
2022-09-15,Healthcare,-0.028837500000000002
2022-09-16,Healthcare,-0.008235000000000003
2022-09-19,Healthcare,0.12260416666666668
2022-09-20,Healthcare,0.004635238095238095
2022-09-21,Healthcare,0.03146785714285716
2022-09-22,Healthcare,-0.08621999999999999
2022-09-23,Healthcare,0.16976666666666668
2022-09-26,Healthcare,0.1109
2022-09-27,Healthcare,0.015480000000000002
2022-09-28,Healthcare,0.16542166666666666
2022-09-29,Healthcare,0.14720499999999997
2022-09-30,Healthcare,0.20082499999999998
2022-10-03,Healthcare,0.1468
2022-10-04,Healthcare,0.04760000000000001
2022-10-05,Healthcare,-0.004210000000000003
2022-10-06,Healthcare,0.09908888888888889
2022-10-07,Healthcare,-0.37960000000000005
2022-10-10,Healthcare,0.09895
2022-10-11,Healthcare,0.32708000000000004
2022-10-12,Healthcare,0.22468185714285713
2022-10-13,Healthcare,0.12273958333333333
2022-10-14,Healthcare,-0.23704999999999998
2022-10-17,Healthcare,0.17491333333333334
2022-10-18,Healthcare,0.09740499999999999
2022-10-19,Healthcare,0.01213000000000002
2022-10-20,Healthcare,0.07250857142857144
2022-10-21,Healthcare,-0.022681999999999997
2022-10-24,Healthcare,0.13651999999999997
2022-10-25,Healthcare,0.05149
2022-10-26,Healthcare,0.049883333333333335
2022-10-27,Healthcare,0.2395722222222222
2022-10-28,Healthcare,0.1559469155844156
2022-10-31,Healthcare,0.0926211111111111
2022-11-01,Healthcare,0.21591666666666667
2022-11-02,Healthcare,0.37560333333333334
2022-11-03,Healthcare,0.08334
2022-11-04,Healthcare,-0.15754125
2022-11-07,Healthcare,0.292885
2022-11-08,Healthcare,0.022810000000000007
2022-11-09,Healthcare,0.012195111111111124
2022-11-10,Healthcare,0.15316916666666666
2022-11-11,Healthcare,0.28683000000000003
2022-11-14,Healthcare,0.3767444444444445
2022-11-15,Healthcare,0.176285
2022-11-16,Healthcare,0.20067000000000004
2022-11-17,Healthcare,0.16213333333333335
2022-11-18,Healthcare,0.013486666666666666
2022-11-21,Healthcare,0.18717333333333333
2022-11-22,Healthcare,0.24670833333333334
2022-11-23,Healthcare,0.14177233333333333
2022-11-25,Healthcare,0.12200089285714286
2022-11-28,Healthcare,0.24503333333333333
2022-11-29,Healthcare,0.2509407142857143
2022-11-30,Healthcare,0.19279
2022-12-01,Healthcare,0.234589
2022-12-02,Healthcare,0.13513666666666668
2022-12-05,Healthcare,-0.055779999999999996
2022-12-06,Healthcare,0.108255
2022-12-07,Healthcare,0.019797000000000002
2022-12-08,Healthcare,-0.11167202380952379
2022-12-09,Healthcare,0.035644999999999996
2022-12-12,Healthcare,0.1617125
2022-12-13,Healthcare,0.05268395989974937
2022-12-14,Healthcare,0.10744628571428572
2022-12-15,Healthcare,0.3110041666666667
2022-12-16,Healthcare,0.18825799999999998
2022-12-19,Healthcare,0.16921666666666668
2022-12-20,Healthcare,0.05440266666666667
2022-12-21,Healthcare,0.17661166666666667
2022-12-22,Healthcare,0.14292500000000002
2022-12-23,Healthcare,0.08422291666666666
2022-12-27,Healthcare,-0.13645833333333332
2022-12-28,Healthcare,0.13477666666666668
2022-12-29,Healthcare,0.198763
2022-12-30,Healthcare,0.15714
2023-01-03,Healthcare,0.08896
2023-01-04,Healthcare,0.28063750000000004
2023-01-05,Healthcare,0.1651725
2023-01-06,Healthcare,0.157785
2023-01-09,Healthcare,0.06390333333333334
2023-01-10,Healthcare,0.20202916666666665
2023-01-11,Healthcare,0.024822321428571426
2023-01-12,Healthcare,0.08590666666666666
2023-01-13,Healthcare,0.0437875
2023-01-17,Healthcare,0.23456666666666667
2023-01-18,Healthcare,0.21897333333333333
2023-01-19,Healthcare,0.0673875
2023-01-20,Healthcare,-0.056079166666666666
2023-01-23,Healthcare,0.11207333333333333
2023-01-24,Healthcare,0.22598500000000002
2023-01-25,Healthcare,0.13477916666666667
2023-01-26,Healthcare,-0.06338995098039217
2023-01-27,Healthcare,0.14782666666666666
2023-01-30,Healthcare,0.17994166666666667
2023-01-31,Healthcare,0.1714205
2023-02-01,Healthcare,0.03960683333333333
2023-02-02,Healthcare,0.2150610317460318
2023-02-03,Healthcare,0.31105520833333333
2023-02-06,Healthcare,-0.06745916666666667
2023-02-07,Healthcare,0.042994000000000004
2023-02-08,Healthcare,0.1663366666666667
2023-02-09,Healthcare,0.183741
2023-02-10,Healthcare,0.21021366666666666
2023-02-13,Healthcare,0.22593333333333332
2023-02-14,Healthcare,0.13993666666666665
2023-02-15,Healthcare,0.26553375
2023-02-16,Healthcare,0.06080555555555556
2023-02-17,Healthcare,0.15891688888888889
2023-02-21,Healthcare,0.14122666666666667
2023-02-22,Healthcare,-0.04907
2023-02-23,Healthcare,0.09284200000000001
2023-02-24,Healthcare,-0.02626666666666666
2023-02-27,Healthcare,0.14276666666666668
2023-02-28,Healthcare,0.08093285714285714
2023-03-01,Healthcare,0.04354666666666667
2023-03-02,Healthcare,0.041848666666666666
2023-03-03,Healthcare,0.03702166666666669
2023-03-06,Healthcare,0.26543333333333335
2023-03-07,Healthcare,0.06327033333333335
2023-03-08,Healthcare,0.1826875
2023-03-09,Healthcare,0.044795666666666664
2023-03-10,Healthcare,0.14261666666666667
2023-03-13,Healthcare,0.21540416666666665
2023-03-14,Healthcare,0.1557407142857143
2023-03-15,Healthcare,-0.0028653333333333196
2023-03-16,Healthcare,0.08162666666666667
2023-03-17,Healthcare,0.016010000000000003
2023-03-20,Healthcare,0.11496666666666666
2023-03-21,Healthcare,0.08144933333333335
2023-03-22,Healthcare,0.13180833333333336
2023-03-23,Healthcare,0.011967999999999998
2023-03-24,Healthcare,0.22970000000000002
2023-03-27,Healthcare,0.03990166666666667
2023-03-28,Healthcare,0.14804333333333333
2023-03-29,Healthcare,0.19232833333333335
2023-03-30,Healthcare,0.055336666666666666
2023-03-31,Healthcare,0.02082291666666667
2023-04-03,Healthcare,0.1334625
2023-04-04,Healthcare,-0.04046466666666667
2023-04-05,Healthcare,0.27242638888888887
2023-04-06,Healthcare,0.03514666666666667
2023-04-10,Healthcare,0.049438
2023-04-11,Healthcare,0.04660750000000001
2023-04-12,Healthcare,0.01201333333333333
2023-04-13,Healthcare,0.06683366666666665
2023-04-14,Healthcare,-0.10877142857142856
2023-04-17,Healthcare,0.098919
2023-04-18,Healthcare,0.14333928571428572
2023-04-19,Healthcare,0.10828
2023-04-20,Healthcare,0.15385543137254903
2023-04-21,Healthcare,0.17644500000000002
2023-04-24,Healthcare,0.222424
2023-04-25,Healthcare,0.20662844444444445
2023-04-26,Healthcare,0.2377707142857143
2023-04-27,Healthcare,0.14155666666666666
2023-04-28,Healthcare,0.11510113095238095
2023-05-01,Healthcare,0.0124152380952381
2023-05-02,Healthcare,0.11840138095238095
2023-05-03,Healthcare,0.004180666666666666
2023-05-04,Healthcare,-0.010656249999999999
2023-05-05,Healthcare,0.10888
2023-05-08,Healthcare,0.13888
2023-05-09,Healthcare,0.12084083333333334
2023-05-10,Healthcare,0.15639166666666668
2023-05-11,Healthcare,0.07773166666666667
2023-05-12,Healthcare,0.22420555555555557
2023-05-15,Healthcare,0.11320000000000001
2023-05-16,Healthcare,0.11460095238095239
2023-05-17,Healthcare,0.0232775
2023-05-18,Healthcare,-0.09651833333333333
2023-05-19,Healthcare,0.10721500000000002
2023-05-22,Healthcare,0.07535499999999999
2023-05-23,Healthcare,0.0658892857142857
2023-05-24,Healthcare,0.1724541666666667
2023-05-25,Healthcare,-0.03794666666666667
2023-05-26,Healthcare,0.110065
2023-05-30,Healthcare,0.12116500000000001
2023-05-31,Healthcare,0.23970416666666666
2023-06-01,Healthcare,0.11528000000000001
2023-06-02,Healthcare,-0.06024047619047619
2023-06-05,Healthcare,0.11968571428571428
2023-06-06,Healthcare,0.0538
2023-06-07,Healthcare,0.22018095238095237
2023-06-08,Healthcare,0.2577716666666666
2023-06-09,Healthcare,0.263069
2023-06-12,Healthcare,0.009258333333333335
2023-06-13,Healthcare,0.18829333333333334
2023-06-14,Healthcare,0.04371666666666668
2023-06-15,Healthcare,0.2569222222222222
2023-06-16,Healthcare,-0.06827777777777777
2023-06-20,Healthcare,0.05470166666666667
2023-06-21,Healthcare,0.0028049999999999907
2023-06-22,Healthcare,0.18971333333333334
2023-06-23,Healthcare,0.15844
2023-06-26,Healthcare,0.17212333333333332
2023-06-27,Healthcare,0.10725916666666666
2023-06-28,Healthcare,0.15070416666666667
2023-06-29,Healthcare,0.12248
2023-06-30,Healthcare,0.22579500000000002
2023-07-03,Healthcare,-0.009409166666666666
2023-07-05,Healthcare,0.1277346666666667
2023-07-06,Healthcare,0.3645316666666667
2023-07-07,Healthcare,0.3386541666666667
2023-07-10,Healthcare,0.10098
2023-07-11,Healthcare,0.09408571428571429
2023-07-12,Healthcare,-0.038880000000000005
2023-07-13,Healthcare,0.2907633333333334
2023-07-14,Healthcare,0.11346166666666666
2023-07-17,Healthcare,0.09642
2023-07-18,Healthcare,0.04609866666666667
2023-07-19,Healthcare,0.12676
2023-07-20,Healthcare,-0.011843333333333322
2023-07-21,Healthcare,0.023311111111111126
2023-07-24,Healthcare,-0.04343878787878787
2023-07-25,Healthcare,0.11241566666666666
2023-07-26,Healthcare,0.012026000000000004
2023-07-27,Healthcare,-0.03880399999999999
2023-07-28,Healthcare,0.3365244196428571
2023-07-31,Healthcare,0.08088633333333332
2023-08-01,Healthcare,0.16805577777777775
2023-08-02,Healthcare,0.39939131944444445
2023-08-03,Healthcare,0.22441696428571428
2023-08-04,Healthcare,0.21315266666666668
2023-08-07,Healthcare,0.06639866666666666
2023-08-08,Healthcare,0.15792333333333333
2023-08-09,Healthcare,0.24287833333333333
2023-08-10,Healthcare,0.3382086666666667
2023-08-11,Healthcare,0.25443666666666664
2023-08-14,Healthcare,0.068855
2023-08-15,Healthcare,0.23379
2023-08-16,Healthcare,0.033176666666666674
2023-08-17,Healthcare,-0.030112499999999993
2023-08-18,Healthcare,0.08139
2023-08-21,Healthcare,0.1804375
2023-08-22,Healthcare,0.07631471428571428
2023-08-23,Healthcare,0.010887499999999994
2023-08-24,Healthcare,0.16835723809523812
2023-08-25,Healthcare,0.16987333333333335
2023-08-28,Healthcare,0.11934200000000002
2023-08-29,Healthcare,0.12436442307692308
2023-08-30,Healthcare,0.11434833333333332
2023-08-31,Healthcare,0.07639375000000001
2023-09-01,Healthcare,0.15754791666666668
2023-09-05,Healthcare,0.10361400000000001
2023-09-06,Healthcare,-0.1460016666666667
2023-09-07,Healthcare,0.20658000000000004
2023-09-08,Healthcare,-0.18949333333333332
2023-09-11,Healthcare,0.268268
2023-09-12,Healthcare,0.16359300000000002
2023-09-13,Healthcare,-0.027570000000000004
2023-09-14,Healthcare,0.07506666666666667
2023-09-15,Healthcare,0.17356833333333332
2023-09-18,Healthcare,-0.00022416666666666765
2023-09-19,Healthcare,0.09276133333333333
2023-09-20,Healthcare,0.04774
2023-09-21,Healthcare,-0.11945000000000001
2023-09-22,Healthcare,0.10238666666666667
2023-09-25,Healthcare,-0.088378125
2023-09-26,Healthcare,0.12134166666666667
2023-09-27,Healthcare,0.19476190476190475
2023-09-28,Healthcare,0.06615
2023-09-29,Healthcare,0.1254
2023-10-02,Healthcare,0.154505
2023-10-03,Healthcare,0.057751333333333335
2023-10-04,Healthcare,0.2412125
2023-10-05,Healthcare,0.1531
2023-10-06,Healthcare,-0.02732
2023-10-09,Healthcare,0.17661
2023-10-10,Healthcare,0.4148933333333334
2023-10-11,Healthcare,0.04096266666666667
2023-10-12,Healthcare,0.038589285714285715
2023-10-13,Healthcare,0.16227500000000003
2023-10-16,Healthcare,0.08982083333333335
2023-10-17,Healthcare,0.12901866666666667
2023-10-18,Healthcare,0.138425
2023-10-19,Healthcare,0.0966440909090909
2023-10-20,Healthcare,0.2214657142857143
2023-10-23,Healthcare,0.09799357142857143
2023-10-24,Healthcare,0.07365600000000001
2023-10-25,Healthcare,0.11502300000000001
2023-10-26,Healthcare,0.07090190476190476
2023-10-27,Healthcare,0.22447866666666666
2023-10-30,Healthcare,0.20622963636363636
2023-10-31,Healthcare,0.09820066666666667
2023-11-01,Healthcare,0.17825305263157892
2023-11-02,Healthcare,-0.010112222222222224
2023-11-03,Healthcare,0.28600304487179484
2023-11-06,Healthcare,0.16217142857142855
2023-11-07,Healthcare,0.13506233333333334
2023-11-08,Healthcare,0.14959777777777777
2023-11-09,Healthcare,0.06961350000000001
2023-11-10,Healthcare,0.17218157575757578
2023-11-13,Healthcare,0.13450833333333334
2023-11-14,Healthcare,0.1332322222222222
2023-11-15,Healthcare,0.10007375
2023-11-16,Healthcare,0.15714
2023-11-17,Healthcare,0.0007066666666666665
2023-11-20,Healthcare,0.08282916666666668
2023-11-21,Healthcare,0.19011499999999998
2023-11-22,Healthcare,0.09735750000000001
2023-11-24,Healthcare,0.12618000000000001
2023-11-27,Healthcare,0.05861333333333333
2023-11-28,Healthcare,0.21328
2023-11-29,Healthcare,0.11145833333333333
2023-11-30,Healthcare,0.09941833333333334
2023-12-01,Healthcare,0.15156166666666665
2023-12-04,Healthcare,0.0
2023-12-05,Healthcare,0.063808
2023-12-06,Healthcare,0.23183333333333334
2023-12-07,Healthcare,0.17270729166666665
2023-12-08,Healthcare,0.20727409090909094
2023-12-11,Healthcare,0.030713999999999998
2023-12-12,Healthcare,0.14084191919191918
2023-12-13,Healthcare,0.07720500000000001
2023-12-14,Healthcare,0.032011666666666674
2023-12-15,Healthcare,0.18938333333333335
2023-12-18,Healthcare,0.0
2023-12-19,Healthcare,0.17625387179487179
2023-12-20,Healthcare,0.17625387179487179
2023-12-21,Healthcare,0.17625387179487179
2023-12-22,Healthcare,0.17625387179487179
2023-12-26,Healthcare,0.17625387179487179
2023-12-27,Healthcare,0.17625387179487179
2023-12-28,Healthcare,0.17625387179487179
2023-12-29,Healthcare,0.17625387179487179
2020-01-02,Industrials,
2020-01-03,Industrials,0.10702
2020-01-06,Industrials,-0.1397375
2020-01-07,Industrials,0.059447222222222214
2020-01-08,Industrials,0.03138571428571428
2020-01-09,Industrials,0.020342857142857138
2020-01-10,Industrials,0.059396666666666674
2020-01-13,Industrials,0.174775
2020-01-14,Industrials,0.07404583333333334
2020-01-15,Industrials,0.14943833333333334
2020-01-16,Industrials,-0.09173124999999997
2020-01-17,Industrials,0.2856666666666667
2020-01-21,Industrials,0.2717583333333333
2020-01-22,Industrials,0.131415
2020-01-23,Industrials,0.12192857142857143
2020-01-24,Industrials,0.05401904761904762
2020-01-27,Industrials,0.11282888888888888
2020-01-28,Industrials,0.08398000000000001
2020-01-29,Industrials,0.001071875
2020-01-30,Industrials,0.013074166666666668
2020-01-31,Industrials,0.16406666666666667
2020-02-03,Industrials,0.061937000000000006
2020-02-04,Industrials,0.11566066666666666
2020-02-05,Industrials,0.22370416666666665
2020-02-06,Industrials,0.027333333333333338
2020-02-07,Industrials,-0.012866666666666667
2020-02-10,Industrials,0.04198
2020-02-11,Industrials,0.086184375
2020-02-12,Industrials,-0.008904166666666657
2020-02-13,Industrials,-0.012893333333333335
2020-02-14,Industrials,0.051622499999999995
2020-02-18,Industrials,0.19194499999999998
2020-02-19,Industrials,0.0
2020-02-20,Industrials,0.22269166666666668
2020-02-21,Industrials,0.12708333333333333
2020-02-24,Industrials,0.09115999999999999
2020-02-25,Industrials,0.06184166666666667
2020-02-26,Industrials,-0.07602500000000001
2020-02-27,Industrials,0.09785555555555557
2020-02-28,Industrials,0.15043541666666665
2020-03-02,Industrials,0.16816562499999999
2020-03-03,Industrials,-0.00715
2020-03-04,Industrials,0.1178
2020-03-05,Industrials,0.14631361904761903
2020-03-06,Industrials,0.15390083333333332
2020-03-09,Industrials,0.005687499999999998
2020-03-10,Industrials,-0.14458100000000002
2020-03-11,Industrials,-0.071014
2020-03-12,Industrials,0.11735238095238097
2020-03-13,Industrials,-0.2292533333333333
2020-03-16,Industrials,0.11936
2020-03-17,Industrials,0.06362142857142858
2020-03-18,Industrials,0.0042638888888888865
2020-03-19,Industrials,0.0392647619047619
2020-03-20,Industrials,0.020477777777777775
2020-03-23,Industrials,0.12037952380952383
2020-03-24,Industrials,0.012568333333333325
2020-03-25,Industrials,0.23743866666666666
2020-03-26,Industrials,0.15935312499999998
2020-03-27,Industrials,0.23243333333333335
2020-03-30,Industrials,0.08603060606060606
2020-03-31,Industrials,0.02114342857142857
2020-04-01,Industrials,0.04034666666666666
2020-04-02,Industrials,-0.117405
2020-04-03,Industrials,-0.031649444444444445
2020-04-06,Industrials,-0.22032615079365078
2020-04-07,Industrials,0.08565833333333335
2020-04-08,Industrials,0.3138935
2020-04-09,Industrials,0.16886857142857142
2020-04-13,Industrials,0.054100595238095225
2020-04-14,Industrials,-0.016978363636363642
2020-04-15,Industrials,0.2206103888888889
2020-04-16,Industrials,0.0025766666666666603
2020-04-17,Industrials,0.19444248484848486
2020-04-20,Industrials,0.06510808080808082
2020-04-21,Industrials,0.038995
2020-04-22,Industrials,-0.017863666666666667
2020-04-23,Industrials,0.06975
2020-04-24,Industrials,0.309652
2020-04-27,Industrials,-0.022408088235294124
2020-04-28,Industrials,0.1297447272727273
2020-04-29,Industrials,0.1200698596491228
2020-04-30,Industrials,0.09816049735449735
2020-05-01,Industrials,-0.04491717948717948
2020-05-04,Industrials,-0.09302540476190477
2020-05-05,Industrials,0.06968761904761904
2020-05-06,Industrials,0.2779566666666667
2020-05-07,Industrials,0.07561499999999999
2020-05-08,Industrials,0.0399125
2020-05-11,Industrials,0.08749687500000002
2020-05-12,Industrials,0.29235833333333333
2020-05-13,Industrials,0.030972727272727277
2020-05-14,Industrials,-0.029487999999999997
2020-05-15,Industrials,0.037186805555555556
2020-05-18,Industrials,-0.03921466666666667
2020-05-19,Industrials,0.3760415454545455
2020-05-20,Industrials,-0.12721249999999998
2020-05-21,Industrials,0.17072916666666668
2020-05-22,Industrials,-0.07496666666666667
2020-05-26,Industrials,0.11331666666666666
2020-05-27,Industrials,0.2492482142857143
2020-05-28,Industrials,0.3794814285714286
2020-05-29,Industrials,0.13210185714285716
2020-06-01,Industrials,0.14056666666666667
2020-06-02,Industrials,0.12136166666666666
2020-06-03,Industrials,0.3840516666666667
2020-06-04,Industrials,0.351356231884058
2020-06-05,Industrials,0.10021488095238094
2020-06-08,Industrials,0.37347642857142854
2020-06-09,Industrials,0.12821607843137253
2020-06-10,Industrials,0.10491769230769232
2020-06-11,Industrials,-0.15552
2020-06-12,Industrials,0.01768952380952381
2020-06-15,Industrials,-0.06350999999999998
2020-06-16,Industrials,0.002138214285714278
2020-06-17,Industrials,0.21944750000000002
2020-06-18,Industrials,-0.038233333333333334
2020-06-19,Industrials,-0.06196833333333333
2020-06-22,Industrials,0.1101
2020-06-23,Industrials,0.12918888888888888
2020-06-24,Industrials,0.184164
2020-06-25,Industrials,-0.05528333333333333
2020-06-26,Industrials,-0.07162500000000001
2020-06-29,Industrials,0.13739814814814816
2020-06-30,Industrials,0.25287499999999996
2020-07-01,Industrials,0.17229250000000002
2020-07-02,Industrials,0.27541666666666664
2020-07-06,Industrials,0.038503125
2020-07-07,Industrials,0.112975
2020-07-08,Industrials,-0.03902142857142857
2020-07-09,Industrials,0.134395
2020-07-10,Industrials,-0.0279444444444444
2020-07-13,Industrials,-0.10345714285714287
2020-07-14,Industrials,0.17143333333333333
2020-07-15,Industrials,0.1884305
2020-07-16,Industrials,0.21212999999999999
2020-07-17,Industrials,0.0036750000000000003
2020-07-20,Industrials,0.15231250000000002
2020-07-21,Industrials,0.30432424242424244
2020-07-22,Industrials,-0.027757142857142855
2020-07-23,Industrials,-0.0349388888888889
2020-07-24,Industrials,0.2657075
2020-07-27,Industrials,0.20141562500000001
2020-07-28,Industrials,0.1750875
2020-07-29,Industrials,0.12167822368421054
2020-07-30,Industrials,0.07778325320512822
2020-07-31,Industrials,0.07814473748473749
2020-08-03,Industrials,-0.007377333333333331
2020-08-04,Industrials,-0.08575084848484849
2020-08-05,Industrials,0.05845555555555556
2020-08-06,Industrials,0.11971499999999999
2020-08-07,Industrials,0.4147
2020-08-10,Industrials,0.02402083333333331
2020-08-11,Industrials,0.11751666666666666
2020-08-12,Industrials,0.04913518518518519
2020-08-13,Industrials,0.015781249999999997
2020-08-14,Industrials,-0.11723333333333334
2020-08-17,Industrials,0.03504499999999998
2020-08-18,Industrials,0.15366666666666665
2020-08-19,Industrials,0.4245375
2020-08-20,Industrials,0.15887
2020-08-21,Industrials,0.149125
2020-08-24,Industrials,-0.03522
2020-08-25,Industrials,0.32083125
2020-08-26,Industrials,0.1547
2020-08-27,Industrials,-0.062212500000000004
2020-08-28,Industrials,0.082425
2020-08-31,Industrials,0.08625333333333333
2020-09-01,Industrials,0.30950599999999995
2020-09-02,Industrials,0.07876666666666667
2020-09-03,Industrials,0.27492222222222223
2020-09-04,Industrials,0.10002916666666667
2020-09-08,Industrials,0.0
2020-09-09,Industrials,0.011971875
2020-09-10,Industrials,0.18708888888888886
2020-09-11,Industrials,0.02566
2020-09-14,Industrials,0.059033333333333333
2020-09-15,Industrials,0.06623333333333332
2020-09-16,Industrials,0.1281233333333333
2020-09-17,Industrials,0.3400871212121212
2020-09-18,Industrials,0.1420093181818182
2020-09-21,Industrials,0.25960833333333333
2020-09-22,Industrials,-0.015569166666666655
2020-09-23,Industrials,0.11195666666666666
2020-09-24,Industrials,0.30319999999999997
2020-09-25,Industrials,0.07370555555555554
2020-09-28,Industrials,0.29232777777777774
2020-09-29,Industrials,0.10768063725490196
2020-09-30,Industrials,0.11299999999999999
2020-10-01,Industrials,0.20671566666666666
2020-10-02,Industrials,0.3882640625
2020-10-05,Industrials,0.057825
2020-10-06,Industrials,0.19310619047619046
2020-10-07,Industrials,-0.19725555555555555
2020-10-08,Industrials,0.07446666666666667
2020-10-09,Industrials,0.16759999999999997
2020-10-12,Industrials,0.3323966666666667
2020-10-13,Industrials,0.1533261904761905
2020-10-14,Industrials,0.281425
2020-10-15,Industrials,0.1843375
2020-10-16,Industrials,0.23873333333333333
2020-10-19,Industrials,0.18693247863247864
2020-10-20,Industrials,0.27984125
2020-10-21,Industrials,0.10388333333333333
2020-10-22,Industrials,0.193325
2020-10-23,Industrials,0.00026428571428570763
2020-10-26,Industrials,0.41064999999999996
2020-10-27,Industrials,0.23303000000000001
2020-10-28,Industrials,0.020659999999999994
2020-10-29,Industrials,0.1667950909090909
2020-10-30,Industrials,-0.076717
2020-11-02,Industrials,0.061326071428571424
2020-11-03,Industrials,0.15164687500000001
2020-11-04,Industrials,0.2711983333333333
2020-11-05,Industrials,0.2579770833333333
2020-11-06,Industrials,0.09215666666666666
2020-11-09,Industrials,0.005406349206349216
2020-11-10,Industrials,0.2765566666666667
2020-11-11,Industrials,0.14486125000000002
2020-11-12,Industrials,0.039290000000000005
2020-11-13,Industrials,0.08234666666666667
2020-11-16,Industrials,0.09176
2020-11-17,Industrials,0.14910178571428573
2020-11-18,Industrials,0.1180625
2020-11-19,Industrials,-0.00395222222222222
2020-11-20,Industrials,0.011457142857142858
2020-11-23,Industrials,0.09988222222222222
2020-11-24,Industrials,0.1336897142857143
2020-11-25,Industrials,0.0921695238095238
2020-11-27,Industrials,0.2538066666666666
2020-11-30,Industrials,0.18097777777777777
2020-12-01,Industrials,0.13836457142857145
2020-12-02,Industrials,0.0978125
2020-12-03,Industrials,0.03088055555555555
2020-12-04,Industrials,0.28680408963585435
2020-12-07,Industrials,0.08416749999999999
2020-12-08,Industrials,0.05848333333333333
2020-12-09,Industrials,-0.16229166666666667
2020-12-10,Industrials,0.020032222222222222
2020-12-11,Industrials,0.00019066666666667578
2020-12-14,Industrials,-0.08243866666666669
2020-12-15,Industrials,0.15325074404761904
2020-12-16,Industrials,0.24858750000000002
2020-12-17,Industrials,0.15357500000000002
2020-12-18,Industrials,0.24821666666666667
2020-12-21,Industrials,0.07518125
2020-12-22,Industrials,0.21439550000000002
2020-12-23,Industrials,0.19579583333333334
2020-12-24,Industrials,0.3579833333333333
2020-12-28,Industrials,0.306025
2020-12-29,Industrials,0.21137916666666667
2020-12-30,Industrials,0.20479250000000002
2020-12-31,Industrials,0.09613400000000001
2021-01-04,Industrials,0.13057333333333332
2021-01-05,Industrials,0.14030416666666667
2021-01-06,Industrials,0.13865925925925926
2021-01-07,Industrials,0.05840633333333334
2021-01-08,Industrials,0.026536666666666642
2021-01-11,Industrials,-0.016848888888888892
2021-01-12,Industrials,0.1840109375
2021-01-13,Industrials,0.0862
2021-01-14,Industrials,0.30940454545454543
2021-01-15,Industrials,0.2685444444444444
2021-01-19,Industrials,0.08051
2021-01-20,Industrials,0.05029166666666667
2021-01-21,Industrials,0.121098
2021-01-22,Industrials,0.020424999999999985
2021-01-25,Industrials,0.165875
2021-01-26,Industrials,0.23449333333333336
2021-01-27,Industrials,0.17132552973342446
2021-01-28,Industrials,0.0778875
2021-01-29,Industrials,0.1090735
2021-02-01,Industrials,0.12577708333333334
2021-02-02,Industrials,-0.05554342857142858
2021-02-03,Industrials,0.09234759615384616
2021-02-04,Industrials,0.04631249999999999
2021-02-05,Industrials,0.09341666666666666
2021-02-08,Industrials,-0.019325000000000002
2021-02-09,Industrials,0.22244880952380952
2021-02-10,Industrials,0.07385833333333335
2021-02-11,Industrials,0.13476666666666667
2021-02-12,Industrials,-0.0658375
2021-02-16,Industrials,0.24955833333333335
2021-02-17,Industrials,-0.1549625
2021-02-18,Industrials,0.06664285714285714
2021-02-19,Industrials,0.06458142857142857
2021-02-22,Industrials,0.2494741666666667
2021-02-23,Industrials,0.08240333333333334
2021-02-24,Industrials,0.08562222222222222
2021-02-25,Industrials,-0.07920166666666668
2021-02-26,Industrials,0.1418486111111111
2021-03-01,Industrials,0.01876944444444446
2021-03-02,Industrials,-0.03224125
2021-03-03,Industrials,0.09475
2021-03-04,Industrials,0.041658928571428576
2021-03-05,Industrials,0.04665625
2021-03-08,Industrials,0.036292857142857154
2021-03-09,Industrials,0.13829166666666665
2021-03-10,Industrials,0.14220972222222222
2021-03-11,Industrials,0.0885846153846154
2021-03-12,Industrials,0.30133733333333335
2021-03-15,Industrials,0.22961666666666666
2021-03-16,Industrials,0.2575766666666667
2021-03-17,Industrials,-0.012766666666666657
2021-03-18,Industrials,-0.015006249999999999
2021-03-19,Industrials,-0.028089999999999993
2021-03-22,Industrials,-0.15037499999999998
2021-03-23,Industrials,0.0628
2021-03-24,Industrials,0.1478125
2021-03-25,Industrials,0.08692499999999997
2021-03-26,Industrials,0.06881111111111109
2021-03-29,Industrials,0.21401607142857143
2021-03-30,Industrials,0.21532366666666664
2021-03-31,Industrials,0.1725875
2021-04-01,Industrials,0.08472500000000001
2021-04-05,Industrials,0.16614166666666666
2021-04-06,Industrials,0.21678125
2021-04-07,Industrials,0.041525
2021-04-08,Industrials,0.07946666666666666
2021-04-09,Industrials,0.08161666666666666
2021-04-12,Industrials,0.18125761904761906
2021-04-13,Industrials,0.13441666666666666
2021-04-14,Industrials,0.400075
2021-04-15,Industrials,0.10808958333333332
2021-04-16,Industrials,0.2576666666666667
2021-04-19,Industrials,0.010544444444444448
2021-04-20,Industrials,0.18940875000000001
2021-04-21,Industrials,-0.01816136363636363
2021-04-22,Industrials,0.07659666666666667
2021-04-23,Industrials,0.09017
2021-04-26,Industrials,0.1032
2021-04-27,Industrials,0.11588888888888887
2021-04-28,Industrials,0.16208722718253968
2021-04-29,Industrials,-0.02416336842105263
2021-04-30,Industrials,0.013627307692307689
2021-05-03,Industrials,0.053795000000000016
2021-05-04,Industrials,0.029850476190476188
2021-05-05,Industrials,0.12611
2021-05-06,Industrials,0.235632
2021-05-07,Industrials,0.2647
2021-05-10,Industrials,0.0643047619047619
2021-05-11,Industrials,0.2396625
2021-05-12,Industrials,0.07876250000000001
2021-05-13,Industrials,0.08220857142857144
2021-05-14,Industrials,0.12295
2021-05-17,Industrials,0.07574999999999998
2021-05-18,Industrials,0.18967678571428573
2021-05-19,Industrials,0.045295999999999996
2021-05-20,Industrials,0.07492499999999999
2021-05-21,Industrials,0.23156666666666667
2021-05-24,Industrials,0.401575
2021-05-25,Industrials,0.242425
2021-05-26,Industrials,0.0
2021-05-27,Industrials,0.12736111111111112
2021-05-28,Industrials,0.1407638888888889
2021-06-01,Industrials,0.0903
2021-06-02,Industrials,0.0593
2021-06-03,Industrials,0.10194999999999999
2021-06-04,Industrials,0.24204166666666665
2021-06-07,Industrials,0.28480833333333333
2021-06-08,Industrials,0.28919375
2021-06-09,Industrials,0.09484999999999999
2021-06-10,Industrials,0.096875
2021-06-11,Industrials,0.09105833333333334
2021-06-14,Industrials,0.4711666666666667
2021-06-15,Industrials,0.033333333333333326
2021-06-16,Industrials,-0.025777777777777778
2021-06-17,Industrials,0.34829166666666667
2021-06-18,Industrials,0.0
2021-06-21,Industrials,0.25001666666666666
2021-06-22,Industrials,0.18097222222222223
2021-06-23,Industrials,-0.19318333333333335
2021-06-24,Industrials,0.0734
2021-06-25,Industrials,0.16297777777777778
2021-06-28,Industrials,0.02783333333333333
2021-06-29,Industrials,0.2569
2021-06-30,Industrials,0.21865
2021-07-01,Industrials,0.05084444444444444
2021-07-02,Industrials,0.26194999999999996
2021-07-06,Industrials,0.01896666666666667
2021-07-07,Industrials,0.005025000000000002
2021-07-08,Industrials,0.31461666666666666
2021-07-09,Industrials,0.21785
2021-07-12,Industrials,0.052075
2021-07-13,Industrials,0.19946666666666668
2021-07-14,Industrials,-0.1426
2021-07-15,Industrials,0.0734
2021-07-16,Industrials,0.0
2021-07-19,Industrials,0.18765
2021-07-20,Industrials,0.0732375
2021-07-21,Industrials,0.0
2021-07-22,Industrials,0.027525000000000004
2021-07-23,Industrials,0.09079166666666667
2021-07-26,Industrials,0.28344166666666665
2021-07-27,Industrials,-0.02198888888888889
2021-07-28,Industrials,0.1083911111111111
2021-07-29,Industrials,0.30619999999999997
2021-07-30,Industrials,0.23387222222222223
2021-08-02,Industrials,0.09668666666666666
2021-08-03,Industrials,0.13745555555555555
2021-08-04,Industrials,0.10115
2021-08-05,Industrials,0.15796666666666667
2021-08-06,Industrials,0.17696875
2021-08-09,Industrials,-0.04300000000000001
2021-08-10,Industrials,0.27615555555555554
2021-08-11,Industrials,0.12112222222222223
2021-08-12,Industrials,-0.09309500000000001
2021-08-13,Industrials,0.0
2021-08-16,Industrials,-0.074
2021-08-17,Industrials,0.05903124999999998
2021-08-18,Industrials,0.1858
2021-08-19,Industrials,-0.03160000000000002
2021-08-20,Industrials,0.105375
2021-08-23,Industrials,-0.11703333333333334
2021-08-24,Industrials,0.15690555555555555
2021-08-25,Industrials,0.27225
2021-08-26,Industrials,-0.04065000000000001
2021-08-27,Industrials,-0.0903
2021-08-30,Industrials,0.2761375
2021-08-31,Industrials,0.06201111111111112
2021-09-01,Industrials,0.316875
2021-09-02,Industrials,0.0
2021-09-03,Industrials,0.007816666666666658
2021-09-07,Industrials,-0.08818888888888887
2021-09-08,Industrials,0.22904999999999998
2021-09-09,Industrials,0.2609111111111111
2021-09-10,Industrials,0.0
2021-09-13,Industrials,-0.0308875
2021-09-14,Industrials,0.10145555555555556
2021-09-15,Industrials,0.03288888888888889
2021-09-16,Industrials,-0.07988333333333333
2021-09-17,Industrials,0.14345
2021-09-20,Industrials,0.0
2021-09-21,Industrials,-0.02628125
2021-09-22,Industrials,-0.03771666666666667
2021-09-23,Industrials,0.08185
2021-09-24,Industrials,0.27397916666666666
2021-09-27,Industrials,0.029933333333333336
2021-09-28,Industrials,0.0891025
2021-09-29,Industrials,0.28683333333333333
2021-09-30,Industrials,0.21075
2021-10-01,Industrials,0.17415833333333333
2021-10-04,Industrials,0.21075
2021-10-05,Industrials,0.2760275
2021-10-06,Industrials,0.012425
2021-10-07,Industrials,-0.24871
2021-10-08,Industrials,0.0
2021-10-11,Industrials,0.09792500000000001
2021-10-12,Industrials,0.536725
2021-10-13,Industrials,0.0
2021-10-14,Industrials,0.1812625
2021-10-15,Industrials,0.24571666666666667
2021-10-18,Industrials,0.2022625
2021-10-19,Industrials,0.11733333333333333
2021-10-20,Industrials,0.11291111111111111
2021-10-21,Industrials,0.03675000000000001
2021-10-22,Industrials,0.047490000000000004
2021-10-25,Industrials,0.10415
2021-10-26,Industrials,0.08062083333333334
2021-10-27,Industrials,0.11719083333333333
2021-10-28,Industrials,0.01379166666666666
2021-10-29,Industrials,0.12849170454545453
2021-11-01,Industrials,0.04108333333333333
2021-11-02,Industrials,0.21230000000000002
2021-11-03,Industrials,0.04098333333333334
2021-11-04,Industrials,0.09038333333333333
2021-11-05,Industrials,-0.06159999999999999
2021-11-08,Industrials,0.39923333333333333
2021-11-09,Industrials,-0.04652916666666667
2021-11-10,Industrials,0.2679625
2021-11-11,Industrials,-0.06003958333333336
2021-11-12,Industrials,0.15855625
2021-11-15,Industrials,0.3410125
2021-11-16,Industrials,0.28321875
2021-11-17,Industrials,0.08808125
2021-11-18,Industrials,0.09074166666666666
2021-11-19,Industrials,0.0413
2021-11-22,Industrials,-0.22212500000000002
2021-11-23,Industrials,0.11390625
2021-11-24,Industrials,0.1144
2021-11-26,Industrials,0.0
2021-11-29,Industrials,0.04
2021-11-30,Industrials,0.025325
2021-12-01,Industrials,0.10711666666666668
2021-12-02,Industrials,-0.14498333333333333
2021-12-03,Industrials,0.06953333333333334
2021-12-06,Industrials,0.21230000000000002
2021-12-07,Industrials,0.3392533333333333
2021-12-08,Industrials,0.169425
2021-12-09,Industrials,-0.033874999999999995
2021-12-10,Industrials,0.20421666666666663
2021-12-13,Industrials,0.1676166666666667
2021-12-14,Industrials,-0.03610833333333333
2021-12-15,Industrials,0.11531249999999998
2021-12-16,Industrials,0.04408055555555556
2021-12-17,Industrials,-0.018732500000000003
2021-12-20,Industrials,0.032932857142857146
2021-12-21,Industrials,-0.04782250000000001
2021-12-22,Industrials,0.23276750000000002
2021-12-23,Industrials,0.2728875
2021-12-27,Industrials,0.052546666666666665
2021-12-28,Industrials,0.17675555555555555
2021-12-29,Industrials,0.03391666666666667
2021-12-30,Industrials,0.21026666666666663
2021-12-31,Industrials,0.105375
2022-01-03,Industrials,0.0
2022-01-04,Industrials,0.24409
2022-01-05,Industrials,0.164325
2022-01-06,Industrials,0.11132222222222223
2022-01-07,Industrials,-0.04274999999999999
2022-01-10,Industrials,0.07914625
2022-01-11,Industrials,0.18739714285714285
2022-01-12,Industrials,0.1270075
2022-01-13,Industrials,0.24818541666666666
2022-01-14,Industrials,0.08734603174603174
2022-01-18,Industrials,0.23939444444444447
2022-01-19,Industrials,0.158338
2022-01-20,Industrials,0.1883257142857143
2022-01-21,Industrials,0.13552933333333333
2022-01-24,Industrials,0.06317833333333334
2022-01-25,Industrials,0.13698514285714286
2022-01-26,Industrials,0.05873385118149823
2022-01-27,Industrials,0.09396289855072464
2022-01-28,Industrials,0.20696375
2022-01-31,Industrials,0.162332
2022-02-01,Industrials,0.18848875
2022-02-02,Industrials,0.022977850877192972
2022-02-03,Industrials,0.06998958333333333
2022-02-04,Industrials,0.17758250000000003
2022-02-07,Industrials,0.3951666666666667
2022-02-08,Industrials,0.269025
2022-02-09,Industrials,0.02991388888888888
2022-02-10,Industrials,0.10115
2022-02-11,Industrials,0.022134
2022-02-14,Industrials,0.18458666666666665
2022-02-15,Industrials,-0.10657291666666667
2022-02-16,Industrials,0.1789277777777778
2022-02-17,Industrials,0.07023214285714285
2022-02-18,Industrials,0.10081
2022-02-22,Industrials,-0.011774999999999997
2022-02-23,Industrials,0.0
2022-02-24,Industrials,-0.08688749999999999
2022-02-25,Industrials,0.022762500000000005
2022-02-28,Industrials,-0.01339333333333333
2022-03-01,Industrials,0.18222
2022-03-02,Industrials,0.21242916666666667
2022-03-03,Industrials,0.12981916666666665
2022-03-04,Industrials,0.16102083333333334
2022-03-07,Industrials,0.2218966666666667
2022-03-08,Industrials,0.2670041666666667
2022-03-09,Industrials,-0.13369666666666666
2022-03-10,Industrials,0.22770761904761905
2022-03-11,Industrials,0.020132380952380947
2022-03-14,Industrials,0.11408
2022-03-15,Industrials,0.2663025
2022-03-16,Industrials,0.206175
2022-03-17,Industrials,0.01190376984126984
2022-03-18,Industrials,0.19859545454545452
2022-03-21,Industrials,-0.0359534188034188
2022-03-22,Industrials,0.035894
2022-03-23,Industrials,-0.15815833333333335
2022-03-24,Industrials,0.024277777777777777
2022-03-25,Industrials,-0.10631428571428574
2022-03-28,Industrials,0.24655
2022-03-29,Industrials,0.05854416666666667
2022-03-30,Industrials,0.12603266666666668
2022-03-31,Industrials,0.36819444444444444
2022-04-01,Industrials,0.20839333333333335
2022-04-04,Industrials,-0.054279999999999995
2022-04-05,Industrials,0.11125499999999999
2022-04-06,Industrials,0.025967619047619052
2022-04-07,Industrials,0.1441725
2022-04-08,Industrials,0.06450357142857142
2022-04-11,Industrials,0.18910833333333332
2022-04-12,Industrials,0.02846527777777778
2022-04-13,Industrials,0.08248833333333333
2022-04-14,Industrials,0.018233333333333334
2022-04-18,Industrials,0.1097
2022-04-19,Industrials,0.0535
2022-04-20,Industrials,0.030472500000000007
2022-04-21,Industrials,0.20185
2022-04-22,Industrials,0.21934666666666666
2022-04-25,Industrials,-0.08736000000000001
2022-04-26,Industrials,0.1495657142857143
2022-04-27,Industrials,-0.016838411255411252
2022-04-28,Industrials,0.058834090909090905
2022-04-29,Industrials,0.11027142857142855
2022-05-02,Industrials,0.20226533333333335
2022-05-03,Industrials,0.06344066666666666
2022-05-04,Industrials,0.31275
2022-05-05,Industrials,0.11836666666666666
2022-05-06,Industrials,0.03408733333333334
2022-05-09,Industrials,0.1623333333333333
2022-05-10,Industrials,0.035096499999999996
2022-05-11,Industrials,0.05308958333333333
2022-05-12,Industrials,0.10924523809523812
2022-05-13,Industrials,0.14164166666666667
2022-05-16,Industrials,0.058140833333333336
2022-05-17,Industrials,0.15129
2022-05-18,Industrials,0.11529199999999999
2022-05-19,Industrials,0.00029333333333333436
2022-05-20,Industrials,0.3299611111111111
2022-05-23,Industrials,0.1294509259259259
2022-05-24,Industrials,0.16016458333333333
2022-05-25,Industrials,0.42611333333333334
2022-05-26,Industrials,0.2593816666666667
2022-05-27,Industrials,0.14327916666666668
2022-05-31,Industrials,0.12723666666666666
2022-06-01,Industrials,0.2790111111111111
2022-06-02,Industrials,0.238698
2022-06-03,Industrials,0.05708833333333335
2022-06-06,Industrials,0.14037777777777777
2022-06-07,Industrials,0.021065000000000007
2022-06-08,Industrials,0.26934
2022-06-09,Industrials,-0.030100000000000002
2022-06-10,Industrials,0.26386729166666667
2022-06-13,Industrials,0.06280833333333334
2022-06-14,Industrials,-0.057560000000000014
2022-06-15,Industrials,0.18406466666666668
2022-06-16,Industrials,0.18499727272727273
2022-06-17,Industrials,0.07423400000000001
2022-06-21,Industrials,0.1963
2022-06-22,Industrials,0.13998125
2022-06-23,Industrials,-0.06365833333333334
2022-06-24,Industrials,0.130004
2022-06-27,Industrials,0.0053888888888888875
2022-06-28,Industrials,0.16790500000000003
2022-06-29,Industrials,0.037497142857142854
2022-06-30,Industrials,0.17250666666666667
2022-07-01,Industrials,0.32361666666666666
2022-07-05,Industrials,0.08596666666666668
2022-07-06,Industrials,0.1928083333333333
2022-07-07,Industrials,0.075595
2022-07-08,Industrials,0.0772725
2022-07-11,Industrials,0.14285
2022-07-12,Industrials,0.178025
2022-07-13,Industrials,-0.03335749999999999
2022-07-14,Industrials,0.18887666666666666
2022-07-15,Industrials,0.19301333333333331
2022-07-18,Industrials,-0.02206666666666666
2022-07-19,Industrials,0.17103333333333337
2022-07-20,Industrials,0.09692083333333333
2022-07-21,Industrials,0.1580125
2022-07-22,Industrials,-0.012761111111111117
2022-07-25,Industrials,0.0429
2022-07-26,Industrials,0.04014285714285714
2022-07-27,Industrials,0.16867001488095235
2022-07-28,Industrials,0.0
2022-07-29,Industrials,0.07643333333333333
2022-08-01,Industrials,0.30632499999999996
2022-08-02,Industrials,0.2068825
2022-08-03,Industrials,-0.0021038461538461506
2022-08-04,Industrials,0.12653333333333333
2022-08-05,Industrials,0.0
2022-08-08,Industrials,0.05940833333333334
2022-08-09,Industrials,0.31456666666666666
2022-08-10,Industrials,0.0377125
2022-08-11,Industrials,0.10863611111111111
2022-08-12,Industrials,0.033833333333333326
2022-08-15,Industrials,0.27624444444444446
2022-08-16,Industrials,0.33145
2022-08-17,Industrials,-0.15630000000000002
2022-08-18,Industrials,0.02928333333333334
2022-08-19,Industrials,0.041999999999999996
2022-08-22,Industrials,0.06363333333333333
2022-08-23,Industrials,0.2505178571428571
2022-08-24,Industrials,0.18076666666666666
2022-08-25,Industrials,0.132375
2022-08-26,Industrials,0.1988
2022-08-29,Industrials,-0.09206666666666667
2022-08-30,Industrials,0.013965
2022-08-31,Industrials,0.17825625
2022-09-01,Industrials,0.19134444444444443
2022-09-02,Industrials,0.22688125
2022-09-06,Industrials,0.07985833333333332
2022-09-07,Industrials,0.17528749999999998
2022-09-08,Industrials,0.108
2022-09-09,Industrials,-0.029012499999999983
2022-09-12,Industrials,0.020516666666666673
2022-09-13,Industrials,0.1297275
2022-09-14,Industrials,0.2863
2022-09-15,Industrials,0.08269375000000001
2022-09-16,Industrials,0.049800000000000004
2022-09-19,Industrials,0.18526176470588232
2022-09-20,Industrials,0.29500198412698414
2022-09-21,Industrials,0.13586666666666666
2022-09-22,Industrials,0.053579999999999996
2022-09-23,Industrials,-0.06588416666666665
2022-09-26,Industrials,0.10351333333333333
2022-09-27,Industrials,0.03523125
2022-09-28,Industrials,0.054675
2022-09-29,Industrials,-0.11262222222222222
2022-09-30,Industrials,0.0572
2022-10-03,Industrials,0.1468
2022-10-04,Industrials,0.2319
2022-10-05,Industrials,0.0456625
2022-10-06,Industrials,0.3094222222222222
2022-10-07,Industrials,0.15805
2022-10-10,Industrials,0.020768749999999996
2022-10-11,Industrials,0.26585000000000003
2022-10-12,Industrials,0.2917666666666667
2022-10-13,Industrials,0.4334
2022-10-14,Industrials,0.1474
2022-10-17,Industrials,0.13406666666666667
2022-10-18,Industrials,-0.0929
2022-10-19,Industrials,0.09912083333333332
2022-10-20,Industrials,0.02971666666666667
2022-10-21,Industrials,0.21665416666666668
2022-10-24,Industrials,0.25155
2022-10-25,Industrials,0.16692777777777779
2022-10-26,Industrials,0.06132031440781441
2022-10-27,Industrials,0.06103499999999999
2022-10-28,Industrials,0.36234305555555557
2022-10-31,Industrials,0.19216249999999999
2022-11-01,Industrials,0.24259444444444442
2022-11-02,Industrials,0.44260000000000005
2022-11-03,Industrials,0.1909
2022-11-04,Industrials,0.03453833333333334
2022-11-07,Industrials,0.1975
2022-11-08,Industrials,0.09545
2022-11-09,Industrials,0.1610375
2022-11-10,Industrials,0.14049999999999999
2022-11-11,Industrials,0.0966888888888889
2022-11-14,Industrials,0.3236833333333333
2022-11-15,Industrials,-0.028741666666666672
2022-11-16,Industrials,-0.0005166666666666653
2022-11-17,Industrials,0.111025
2022-11-18,Industrials,0.15380833333333332
2022-11-21,Industrials,-0.042666666666666665
2022-11-22,Industrials,0.10607777777777778
2022-11-23,Industrials,0.18368416666666665
2022-11-25,Industrials,0.0
2022-11-28,Industrials,0.0
2022-11-29,Industrials,0.031795000000000004
2022-11-30,Industrials,0.20939999999999998
2022-12-01,Industrials,0.10210000000000001
2022-12-02,Industrials,0.2927666666666667
2022-12-05,Industrials,-0.061720000000000004
2022-12-06,Industrials,-0.004329166666666662
2022-12-07,Industrials,-0.2884111111111111
2022-12-08,Industrials,0.2294
2022-12-09,Industrials,0.1554875
2022-12-12,Industrials,0.18409999999999999
2022-12-13,Industrials,-0.04855555555555555
2022-12-14,Industrials,0.2719166666666667
2022-12-15,Industrials,0.312325
2022-12-16,Industrials,0.16564
2022-12-19,Industrials,0.040560000000000006
2022-12-20,Industrials,0.21841249999999998
2022-12-21,Industrials,0.19306041666666662
2022-12-22,Industrials,0.47358869047619045
2022-12-23,Industrials,0.14516249999999997
2022-12-27,Industrials,0.06258749999999999
2022-12-28,Industrials,0.21083375000000001
2022-12-29,Industrials,0.0808611111111111
2022-12-30,Industrials,0.06812708333333334
2023-01-03,Industrials,0.2376666666666667
2023-01-04,Industrials,0.16593333333333335
2023-01-05,Industrials,0.14518055555555556
2023-01-06,Industrials,0.1149625
2023-01-09,Industrials,0.0252875
2023-01-10,Industrials,0.25443125
2023-01-11,Industrials,0.1503607142857143
2023-01-12,Industrials,0.005500000000000005
2023-01-13,Industrials,0.16565208333333334
2023-01-17,Industrials,0.047075000000000006
2023-01-18,Industrials,0.3458333333333333
2023-01-19,Industrials,-0.08882500000000002
2023-01-20,Industrials,0.11364999999999999
2023-01-23,Industrials,-0.00526666666666666
2023-01-24,Industrials,0.32985178571428575
2023-01-25,Industrials,0.06105098484848484
2023-01-26,Industrials,0.09866666666666667
2023-01-27,Industrials,0.045918214285714284
2023-01-30,Industrials,0.18764444444444442
2023-01-31,Industrials,0.018124999999999995
2023-02-01,Industrials,0.22348382352941176
2023-02-02,Industrials,0.09509999999999999
2023-02-03,Industrials,0.168625
2023-02-06,Industrials,0.26208125
2023-02-07,Industrials,0.11857222222222223
2023-02-08,Industrials,-0.0682
2023-02-09,Industrials,0.3160833333333333
2023-02-10,Industrials,0.13476666666666667
2023-02-13,Industrials,0.08231666666666666
2023-02-14,Industrials,0.10072500000000001
2023-02-15,Industrials,0.10818222222222222
2023-02-16,Industrials,0.024716666666666665
2023-02-17,Industrials,0.14906875
2023-02-21,Industrials,-0.017958333333333347
2023-02-22,Industrials,0.16995
2023-02-23,Industrials,0.0
2023-02-24,Industrials,0.16662916666666666
2023-02-27,Industrials,0.04507777777777778
2023-02-28,Industrials,0.08860625
2023-03-01,Industrials,0.2218611111111111
2023-03-02,Industrials,0.04367142857142858
2023-03-03,Industrials,0.5363333333333333
2023-03-06,Industrials,0.14519583333333333
2023-03-07,Industrials,0.21904375
2023-03-08,Industrials,0.2940583333333333
2023-03-09,Industrials,0.20925
2023-03-10,Industrials,0.0717525
2023-03-13,Industrials,0.07407559523809523
2023-03-14,Industrials,0.11200333333333332
2023-03-15,Industrials,0.2775375
2023-03-16,Industrials,-0.0014249999999999888
2023-03-17,Industrials,0.43601666666666666
2023-03-20,Industrials,0.15908888888888886
2023-03-21,Industrials,0.0989375
2023-03-22,Industrials,0.3559166666666667
2023-03-23,Industrials,0.29096666666666665
2023-03-24,Industrials,0.06480000000000001
2023-03-27,Industrials,0.05242083333333334
2023-03-28,Industrials,0.1991527777777778
2023-03-29,Industrials,0.10886249999999999
2023-03-30,Industrials,0.062268750000000005
2023-03-31,Industrials,0.3144777777777778
2023-04-03,Industrials,-0.049244444444444445
2023-04-04,Industrials,0.11327916666666665
2023-04-05,Industrials,0.13318660714285713
2023-04-06,Industrials,0.03738888888888889
2023-04-10,Industrials,0.06086999999999999
2023-04-11,Industrials,0.2159625
2023-04-12,Industrials,-0.02064166666666667
2023-04-13,Industrials,0.07866583333333332
2023-04-14,Industrials,0.2989
2023-04-17,Industrials,0.13618958333333334
2023-04-18,Industrials,0.16016624999999998
2023-04-19,Industrials,0.07929583333333334
2023-04-20,Industrials,0.17889791666666668
2023-04-21,Industrials,0.04026000000000001
2023-04-24,Industrials,0.2722833333333333
2023-04-25,Industrials,0.1542791666666667
2023-04-26,Industrials,0.04892380952380952
2023-04-27,Industrials,0.17099241071428573
2023-04-28,Industrials,0.2100875
2023-05-01,Industrials,0.10812708333333333
2023-05-02,Industrials,0.15259374999999997
2023-05-03,Industrials,0.08719166666666667
2023-05-04,Industrials,0.12727083333333333
2023-05-05,Industrials,0.3985416666666667
2023-05-08,Industrials,-0.290775
2023-05-09,Industrials,0.05234583333333334
2023-05-10,Industrials,0.2561833333333334
2023-05-11,Industrials,0.08935
2023-05-12,Industrials,0.10784444444444445
2023-05-15,Industrials,0.0924
2023-05-16,Industrials,0.14353749999999998
2023-05-17,Industrials,0.05296666666666667
2023-05-18,Industrials,0.083225
2023-05-19,Industrials,0.024666666666666667
2023-05-22,Industrials,0.0947
2023-05-23,Industrials,0.1870872023809524
2023-05-24,Industrials,0.21075
2023-05-25,Industrials,0.056196031746031744
2023-05-26,Industrials,0.16993333333333333
2023-05-30,Industrials,0.13546666666666668
2023-05-31,Industrials,0.1761
2023-06-01,Industrials,0.10464166666666666
2023-06-02,Industrials,0.13343833333333333
2023-06-05,Industrials,0.2458613095238095
2023-06-06,Industrials,0.09866642857142857
2023-06-07,Industrials,0.2660666666666667
2023-06-08,Industrials,0.23123333333333335
2023-06-09,Industrials,-0.012016666666666669
2023-06-12,Industrials,-0.02596944444444445
2023-06-13,Industrials,0.15180625
2023-06-14,Industrials,0.095625
2023-06-15,Industrials,0.140655
2023-06-16,Industrials,0.09799791666666666
2023-06-20,Industrials,0.10877500000000001
2023-06-21,Industrials,0.2534645833333333
2023-06-22,Industrials,-0.11185440476190475
2023-06-23,Industrials,0.012837500000000005
2023-06-26,Industrials,0.056792499999999996
2023-06-27,Industrials,0.21286190476190478
2023-06-28,Industrials,0.02166944444444445
2023-06-29,Industrials,0.09438333333333333
2023-06-30,Industrials,0.0595875
2023-07-03,Industrials,0.1541875
2023-07-05,Industrials,0.11665541666666666
2023-07-06,Industrials,0.25297916666666664
2023-07-07,Industrials,0.06319
2023-07-10,Industrials,-0.04826874999999999
2023-07-11,Industrials,0.06498095238095239
2023-07-12,Industrials,0.1534325
2023-07-13,Industrials,0.03338333333333333
2023-07-14,Industrials,0.10622916666666667
2023-07-17,Industrials,0.066025
2023-07-18,Industrials,0.013412500000000004
2023-07-19,Industrials,0.18212916666666668
2023-07-20,Industrials,0.26033660714285717
2023-07-21,Industrials,-0.03149999999999999
2023-07-24,Industrials,0.06518958333333333
2023-07-25,Industrials,0.24900624999999998
2023-07-26,Industrials,0.10695751361161523
2023-07-27,Industrials,-0.08986770833333332
2023-07-28,Industrials,0.2880675
2023-07-31,Industrials,0.02740625
2023-08-01,Industrials,0.10198326086956522
2023-08-02,Industrials,0.11544346153846155
2023-08-03,Industrials,0.0651228431372549
2023-08-04,Industrials,0.1852366666666667
2023-08-07,Industrials,0.12743333333333334
2023-08-08,Industrials,0.029083333333333343
2023-08-09,Industrials,0.043415625000000006
2023-08-10,Industrials,0.16573222222222223
2023-08-11,Industrials,0.10497777777777777
2023-08-14,Industrials,0.098845
2023-08-15,Industrials,0.07925
2023-08-16,Industrials,0.1572125
2023-08-17,Industrials,0.22486874999999998
2023-08-18,Industrials,0.030928571428571427
2023-08-21,Industrials,-0.095625
2023-08-22,Industrials,0.13685999999999998
2023-08-23,Industrials,0.2961354166666667
2023-08-24,Industrials,0.1609
2023-08-25,Industrials,0.16195
2023-08-28,Industrials,0.03430875
2023-08-29,Industrials,-0.02356447368421053
2023-08-30,Industrials,0.06021190476190476
2023-08-31,Industrials,0.02244166666666667
2023-09-01,Industrials,0.10306333333333334
2023-09-05,Industrials,0.20900833333333335
2023-09-06,Industrials,0.1173525
2023-09-07,Industrials,0.10459166666666667
2023-09-08,Industrials,0.2713
2023-09-11,Industrials,0.09179444444444444
2023-09-12,Industrials,0.11488625
2023-09-13,Industrials,0.13646208333333334
2023-09-14,Industrials,0.07921357142857142
2023-09-15,Industrials,0.10245625
2023-09-18,Industrials,0.09773333333333332
2023-09-19,Industrials,0.1639451388888889
2023-09-20,Industrials,0.15281488095238094
2023-09-21,Industrials,0.0856611111111111
2023-09-22,Industrials,0.19126255952380955
2023-09-25,Industrials,0.2612083333333334
2023-09-26,Industrials,0.18737916666666668
2023-09-27,Industrials,0.19623958333333333
2023-09-28,Industrials,0.21651416666666667
2023-09-29,Industrials,0.06306428571428571
2023-10-02,Industrials,0.1921527777777778
2023-10-03,Industrials,0.2138182738095238
2023-10-04,Industrials,0.129738
2023-10-05,Industrials,0.03911666666666667
2023-10-06,Industrials,0.137195
2023-10-09,Industrials,0.00724583333333334
2023-10-10,Industrials,-0.01653933333333334
2023-10-11,Industrials,0.11597873015873017
2023-10-12,Industrials,0.17967266666666667
2023-10-13,Industrials,0.18486979166666667
2023-10-16,Industrials,0.025531730769230765
2023-10-17,Industrials,0.08828666666666667
2023-10-18,Industrials,-0.058794444444444434
2023-10-19,Industrials,0.04653035714285715
2023-10-20,Industrials,0.11199738095238095
2023-10-23,Industrials,-0.0023103333333333365
2023-10-24,Industrials,0.18665179487179487
2023-10-25,Industrials,0.32005543478260867
2023-10-26,Industrials,0.151607
2023-10-27,Industrials,0.12541215873015873
2023-10-30,Industrials,-0.03771466666666666
2023-10-31,Industrials,0.15350448717948717
2023-11-01,Industrials,0.1400095238095238
2023-11-02,Industrials,0.08675
2023-11-03,Industrials,0.23410633333333336
2023-11-06,Industrials,-0.046188888888888883
2023-11-07,Industrials,0.1042106666666667
2023-11-08,Industrials,0.08329666666666667
2023-11-09,Industrials,0.07765333333333334
2023-11-10,Industrials,0.2864791666666667
2023-11-13,Industrials,0.0993375
2023-11-14,Industrials,-0.006864166666666662
2023-11-15,Industrials,0.07978125
2023-11-16,Industrials,0.13190119047619048
2023-11-17,Industrials,0.162296
2023-11-20,Industrials,0.20057049999999998
2023-11-21,Industrials,0.04176666666666667
2023-11-22,Industrials,0.09647333333333334
2023-11-24,Industrials,0.17248166666666667
2023-11-27,Industrials,0.08993333333333332
2023-11-28,Industrials,0.03903
2023-11-29,Industrials,0.043621875000000004
2023-11-30,Industrials,0.11957333333333335
2023-12-01,Industrials,0.0940375
2023-12-04,Industrials,0.048760000000000005
2023-12-05,Industrials,0.14339380952380953
2023-12-06,Industrials,-0.06629
2023-12-07,Industrials,0.05241666666666666
2023-12-08,Industrials,-0.04766916666666666
2023-12-11,Industrials,0.027591666666666667
2023-12-12,Industrials,0.09455147619047619
2023-12-13,Industrials,0.279065
2023-12-14,Industrials,0.20278085714285715
2023-12-15,Industrials,0.11304166666666667
2023-12-18,Industrials,0.074
2023-12-19,Industrials,0.21584142857142857
2023-12-20,Industrials,0.21584142857142857
2023-12-21,Industrials,0.21584142857142857
2023-12-22,Industrials,0.21584142857142857
2023-12-26,Industrials,0.21584142857142857
2023-12-27,Industrials,0.21584142857142857
2023-12-28,Industrials,0.21584142857142857
2023-12-29,Industrials,0.21584142857142857
2020-01-02,Materials,
2020-01-03,Materials,0.18291666666666664
2020-01-06,Materials,-0.08987500000000001
2020-01-07,Materials,-0.05331999999999999
2020-01-08,Materials,0.12726666666666667
2020-01-09,Materials,-0.16428749999999998
2020-01-10,Materials,-0.1381777777777778
2020-01-13,Materials,-0.10715
2020-01-14,Materials,0.51045
2020-01-15,Materials,0.159
2020-01-16,Materials,0.17298333333333335
2020-01-17,Materials,0.1101
2020-01-21,Materials,0.31393333333333334
2020-01-22,Materials,0.037895
2020-01-23,Materials,-0.09866666666666667
2020-01-24,Materials,0.09407
2020-01-27,Materials,0.14948
2020-01-28,Materials,-0.028745833333333342
2020-01-29,Materials,0.184485
2020-01-30,Materials,0.14293333333333333
2020-01-31,Materials,-0.055880929487179494
2020-02-03,Materials,4.29166666666668e-05
2020-02-04,Materials,0.20349166666666668
2020-02-05,Materials,0.14666249999999997
2020-02-06,Materials,0.04634999999999999
2020-02-07,Materials,0.06415138888888888
2020-02-10,Materials,0.012288888888888886
2020-02-11,Materials,0.23231333333333332
2020-02-12,Materials,0.11732800000000002
2020-02-13,Materials,0.074
2020-02-14,Materials,0.045804761904761904
2020-02-18,Materials,-0.027325
2020-02-19,Materials,0.11615166666666668
2020-02-20,Materials,0.024666666666666667
2020-02-21,Materials,0.12283030303030303
2020-02-24,Materials,0.1653
2020-02-25,Materials,0.10896416666666667
2020-02-26,Materials,-0.12191666666666666
2020-02-27,Materials,0.14393333333333336
2020-02-28,Materials,0.06768035714285714
2020-03-02,Materials,-0.09889722222222223
2020-03-03,Materials,0.08411833333333332
2020-03-04,Materials,0.36738
2020-03-05,Materials,0.29361666666666664
2020-03-06,Materials,0.06280000000000001
2020-03-09,Materials,-0.018600000000000005
2020-03-10,Materials,0.06470291666666667
2020-03-11,Materials,0.04451666666666666
2020-03-12,Materials,0.1188277777777778
2020-03-13,Materials,-0.159015
2020-03-16,Materials,0.07677777777777776
2020-03-17,Materials,-0.04236666666666667
2020-03-18,Materials,0.17584722222222224
2020-03-19,Materials,-0.06793333333333333
2020-03-20,Materials,0.19625166666666666
2020-03-23,Materials,0.10615000000000001
2020-03-24,Materials,0.19239285714285714
2020-03-25,Materials,0.31854
2020-03-26,Materials,0.213775
2020-03-27,Materials,0.12393833333333333
2020-03-30,Materials,0.32342499999999996
2020-03-31,Materials,0.03359833333333334
2020-04-01,Materials,0.273059
2020-04-02,Materials,0.03576833333333332
2020-04-03,Materials,0.08272777777777778
2020-04-06,Materials,0.06721666666666666
2020-04-07,Materials,0.0201475
2020-04-08,Materials,0.5103625
2020-04-09,Materials,0.22547666666666666
2020-04-13,Materials,0.15096285714285715
2020-04-14,Materials,0.0721475
2020-04-15,Materials,0.011322222222222225
2020-04-16,Materials,-0.08613134920634923
2020-04-17,Materials,0.106355
2020-04-20,Materials,0.4074
2020-04-21,Materials,0.1709947619047619
2020-04-22,Materials,-0.12635555555555553
2020-04-23,Materials,0.17389375
2020-04-24,Materials,0.15418400000000002
2020-04-27,Materials,-0.0647888888888889
2020-04-28,Materials,0.22393999999999997
2020-04-29,Materials,0.116591
2020-04-30,Materials,0.3134072727272727
2020-05-01,Materials,0.12577392857142858
2020-05-04,Materials,0.21610277777777778
2020-05-05,Materials,0.05055166666666666
2020-05-06,Materials,0.2476213725490196
2020-05-07,Materials,-0.014160357142857141
2020-05-08,Materials,0.1927066666666667
2020-05-11,Materials,0.1695777777777778
2020-05-12,Materials,0.060957500000000005
2020-05-13,Materials,0.09328777777777779
2020-05-14,Materials,0.15005666666666667
2020-05-15,Materials,0.138625
2020-05-18,Materials,0.24078472222222225
2020-05-19,Materials,0.1012875
2020-05-20,Materials,0.04156111111111111
2020-05-21,Materials,0.21408888888888888
2020-05-22,Materials,0.08298333333333333
2020-05-26,Materials,0.0683
2020-05-27,Materials,0.20554166666666665
2020-05-28,Materials,0.0
2020-05-29,Materials,0.15875
2020-06-01,Materials,0.009000000000000003
2020-06-02,Materials,0.09106666666666667
2020-06-03,Materials,0.28547500000000003
2020-06-04,Materials,0.15915416666666668
2020-06-05,Materials,-0.032
2020-06-08,Materials,0.31150625
2020-06-09,Materials,0.22085
2020-06-10,Materials,0.4521
2020-06-11,Materials,0.4521
2020-06-12,Materials,0.18076666666666666
2020-06-15,Materials,0.010883333333333337
2020-06-16,Materials,0.2732
2020-06-17,Materials,0.0
2020-06-18,Materials,-0.6124
2020-06-19,Materials,0.0
2020-06-22,Materials,-0.11315
2020-06-23,Materials,0.10485
2020-06-24,Materials,0.07646666666666667
2020-06-25,Materials,0.0
2020-06-26,Materials,0.4019
2020-06-29,Materials,0.34
2020-06-30,Materials,0.11315
2020-07-01,Materials,0.06743333333333333
2020-07-02,Materials,0.10115
2020-07-06,Materials,0.0
2020-07-07,Materials,-0.19387500000000002
2020-07-08,Materials,-0.3818
2020-07-09,Materials,0.5719
2020-07-10,Materials,0.0
2020-07-13,Materials,0.0
2020-07-14,Materials,0.0
2020-07-15,Materials,0.0
2020-07-16,Materials,0.0
2020-07-17,Materials,0.0172
2020-07-20,Materials,0.0
2020-07-21,Materials,0.0
2020-07-22,Materials,0.0
2020-07-23,Materials,0.3243
2020-07-24,Materials,0.007979166666666676
2020-07-27,Materials,0.20663333333333334
2020-07-28,Materials,0.024695
2020-07-29,Materials,0.31410625
2020-07-30,Materials,0.06363333333333333
2020-07-31,Materials,0.08159000000000001
2020-08-03,Materials,0.2732
2020-08-04,Materials,0.63375
2020-08-05,Materials,0.148
2020-08-06,Materials,-0.017116666666666665
2020-08-07,Materials,0.34626666666666667
2020-08-10,Materials,0.34626666666666667
2020-08-11,Materials,0.15057777777777778
2020-08-12,Materials,0.0
2020-08-13,Materials,0.0
2020-08-14,Materials,0.0
2020-08-17,Materials,0.13396666666666665
2020-08-18,Materials,0.377475
2020-08-19,Materials,0.09866666666666667
2020-08-20,Materials,0.0
2020-08-21,Materials,0.0
2020-08-24,Materials,-0.128
2020-08-25,Materials,0.06743333333333333
2020-08-26,Materials,-0.1779
2020-08-27,Materials,0.296
2020-08-28,Materials,0.0
2020-08-31,Materials,-0.03771666666666667
2020-09-01,Materials,0.0
2020-09-02,Materials,0.0
2020-09-03,Materials,0.0
2020-09-04,Materials,0.05735
2020-09-08,Materials,0.11296666666666666
2020-09-09,Materials,0.0
2020-09-10,Materials,0.0
2020-09-11,Materials,0.16455
2020-09-14,Materials,-0.296
2020-09-15,Materials,-0.0365625
2020-09-16,Materials,-0.0365625
2020-09-17,Materials,0.0
2020-09-18,Materials,0.16239166666666666
2020-09-21,Materials,0.16239166666666666
2020-09-22,Materials,0.15951666666666667
2020-09-23,Materials,0.15951666666666667
2020-09-24,Materials,0.0
2020-09-25,Materials,0.6369
2020-09-28,Materials,0.3818
2020-09-29,Materials,-0.024949999999999996
2020-09-30,Materials,-0.024949999999999996
2020-10-01,Materials,0.0
2020-10-02,Materials,0.0
2020-10-05,Materials,0.0
2020-10-06,Materials,0.14465
2020-10-07,Materials,0.14465
2020-10-08,Materials,0.0
2020-10-09,Materials,0.3182
2020-10-12,Materials,0.0
2020-10-13,Materials,0.10115
2020-10-14,Materials,0.0
2020-10-15,Materials,0.5859
2020-10-16,Materials,0.2997
2020-10-19,Materials,0.5562
2020-10-20,Materials,0.60605
2020-10-21,Materials,0.60605
2020-10-22,Materials,0.17
2020-10-23,Materials,0.09739166666666665
2020-10-26,Materials,0.20095
2020-10-27,Materials,0.0
2020-10-28,Materials,0.0617375
2020-10-29,Materials,0.0617375
2020-10-30,Materials,0.13954
2020-11-02,Materials,0.13954
2020-11-03,Materials,0.26025
2020-11-04,Materials,0.4576
2020-11-05,Materials,0.0
2020-11-06,Materials,0.0
2020-11-09,Materials,0.13053333333333333
2020-11-10,Materials,0.13053333333333333
2020-11-11,Materials,-0.17
2020-11-12,Materials,0.12333333333333332
2020-11-13,Materials,0.0851
2020-11-16,Materials,0.28595
2020-11-17,Materials,0.24695
2020-11-18,Materials,0.45855
2020-11-19,Materials,0.45855
2020-11-20,Materials,0.13753333333333334
2020-11-23,Materials,0.13753333333333334
2020-11-24,Materials,0.04046
2020-11-25,Materials,0.4404
2020-11-27,Materials,0.2679333333333333
2020-11-30,Materials,0.2679333333333333
2020-12-01,Materials,0.10115
2020-12-02,Materials,0.3062
2020-12-03,Materials,0.2658666666666667
2020-12-04,Materials,0.0
2020-12-07,Materials,0.0
2020-12-08,Materials,0.0
2020-12-09,Materials,0.12040000000000001
2020-12-10,Materials,0.12593333333333334
2020-12-11,Materials,0.296
2020-12-14,Materials,0.0
2020-12-15,Materials,0.0
2020-12-16,Materials,0.0
2020-12-17,Materials,0.2294
2020-12-18,Materials,0.1468
2020-12-21,Materials,0.11337499999999999
2020-12-22,Materials,0.204525
2020-12-23,Materials,0.0
2020-12-24,Materials,0.0
2020-12-28,Materials,0.0
2020-12-29,Materials,0.0
2020-12-30,Materials,0.23835
2020-12-31,Materials,0.3182
2021-01-04,Materials,0.4019
2021-01-05,Materials,0.0734
2021-01-06,Materials,0.2044
2021-01-07,Materials,0.4215
2021-01-08,Materials,-0.1706
2021-01-11,Materials,0.02732
2021-01-12,Materials,0.1654
2021-01-13,Materials,0.0
2021-01-14,Materials,0.0
2021-01-15,Materials,0.0
2021-01-19,Materials,0.0734
2021-01-20,Materials,0.0734
2021-01-21,Materials,0.4019
2021-01-22,Materials,0.063475
2021-01-25,Materials,0.3612
2021-01-26,Materials,-0.07466666666666667
2021-01-27,Materials,-0.042666666666666665
2021-01-28,Materials,0.0
2021-01-29,Materials,0.19562291666666667
2021-02-01,Materials,-0.07655
2021-02-02,Materials,0.225805
2021-02-03,Materials,0.0
2021-02-04,Materials,0.0344
2021-02-05,Materials,0.0344
2021-02-08,Materials,0.0
2021-02-09,Materials,0.2232
2021-02-10,Materials,0.36395
2021-02-11,Materials,0.038275
2021-02-12,Materials,0.038275
2021-02-16,Materials,0.038275
2021-02-17,Materials,0.28563333333333335
2021-02-18,Materials,0.18948333333333334
2021-02-19,Materials,0.26510833333333333
2021-02-22,Materials,0.10218333333333333
2021-02-23,Materials,0.19155833333333333
2021-02-24,Materials,0.06219999999999999
2021-02-25,Materials,0.0
2021-02-26,Materials,-0.06363333333333333
2021-03-01,Materials,0.04933333333333333
2021-03-02,Materials,0.0033374999999999932
2021-03-03,Materials,0.20095
2021-03-04,Materials,0.20095
2021-03-05,Materials,0.296
2021-03-08,Materials,0.0
2021-03-09,Materials,0.06833333333333334
2021-03-10,Materials,0.0
2021-03-11,Materials,0.2139
2021-03-12,Materials,0.320675
2021-03-15,Materials,0.148
2021-03-16,Materials,0.0
2021-03-17,Materials,0.0
2021-03-18,Materials,0.1366
2021-03-19,Materials,0.1366
2021-03-22,Materials,0.17
2021-03-23,Materials,0.10115
2021-03-24,Materials,-0.125
2021-03-25,Materials,0.1366
2021-03-26,Materials,0.264225
2021-03-29,Materials,-0.19733333333333333
2021-03-30,Materials,-0.19733333333333333
2021-03-31,Materials,-0.19733333333333333
2021-04-01,Materials,0.148
2021-04-05,Materials,0.0
2021-04-06,Materials,0.563225
2021-04-07,Materials,0.1779
2021-04-08,Materials,-0.1591
2021-04-09,Materials,0.162675
2021-04-12,Materials,0.162675
2021-04-13,Materials,0.13768333333333335
2021-04-14,Materials,0.13768333333333335
2021-04-15,Materials,0.146875
2021-04-16,Materials,0.146875
2021-04-19,Materials,0.0
2021-04-20,Materials,0.33486666666666665
2021-04-21,Materials,-0.0258
2021-04-22,Materials,0.24422500000000003
2021-04-23,Materials,0.15970357142857142
2021-04-26,Materials,0.1101
2021-04-27,Materials,0.0
2021-04-28,Materials,0.171
2021-04-29,Materials,0.5574
2021-04-30,Materials,0.04933333333333333
2021-05-03,Materials,0.1779
2021-05-04,Materials,0.045533333333333335
2021-05-05,Materials,-0.016171875000000002
2021-05-06,Materials,0.8591
2021-05-07,Materials,0.178525
2021-05-10,Materials,0.178525
2021-05-11,Materials,0.191225
2021-05-12,Materials,0.3404
2021-05-13,Materials,0.4939
2021-05-14,Materials,0.1806
2021-05-17,Materials,0.148
2021-05-18,Materials,0.31928
2021-05-19,Materials,0.11820000000000001
2021-05-20,Materials,-0.20095
2021-05-21,Materials,0.0
2021-05-24,Materials,0.1591
2021-05-25,Materials,0.1301875
2021-05-26,Materials,0.13396666666666665
2021-05-27,Materials,0.0
2021-05-28,Materials,0.33956666666666663
2021-06-01,Materials,0.14923333333333333
2021-06-02,Materials,0.1366
2021-06-03,Materials,0.0
2021-06-04,Materials,0.20095
2021-06-07,Materials,-0.2294
2021-06-08,Materials,0.11035625
2021-06-09,Materials,0.2421333333333333
2021-06-10,Materials,0.0
2021-06-11,Materials,0.0
2021-06-14,Materials,0.0
2021-06-15,Materials,0.33956666666666663
2021-06-16,Materials,0.0
2021-06-17,Materials,0.0
2021-06-18,Materials,0.044265
2021-06-21,Materials,0.148
2021-06-22,Materials,-0.06837777777777779
2021-06-23,Materials,0.009925000000000003
2021-06-24,Materials,0.009925000000000003
2021-06-25,Materials,0.098675
2021-06-28,Materials,0.07538333333333334
2021-06-29,Materials,0.0
2021-06-30,Materials,0.0258
2021-07-01,Materials,0.0258
2021-07-02,Materials,0.06743333333333333
2021-07-06,Materials,0.296
2021-07-07,Materials,0.2732
2021-07-08,Materials,0.0
2021-07-09,Materials,-0.10882499999999999
2021-07-12,Materials,-0.10882499999999999
2021-07-13,Materials,0.3818
2021-07-14,Materials,-0.24695
2021-07-15,Materials,0.0
2021-07-16,Materials,0.20095
2021-07-19,Materials,0.11333333333333334
2021-07-20,Materials,-0.022716666666666673
2021-07-21,Materials,0.13473333333333334
2021-07-22,Materials,-0.054877777777777775
2021-07-23,Materials,0.16578333333333334
2021-07-26,Materials,0.20095
2021-07-27,Materials,0.10573333333333335
2021-07-28,Materials,0.1963
2021-07-29,Materials,0.1963
2021-07-30,Materials,0.2584125
2021-08-02,Materials,0.296
2021-08-03,Materials,0.0
2021-08-04,Materials,0.19944444444444442
2021-08-05,Materials,0.0
2021-08-06,Materials,0.0
2021-08-09,Materials,0.4019
2021-08-10,Materials,0.09106666666666667
2021-08-11,Materials,0.0683
2021-08-12,Materials,-0.19658888888888892
2021-08-13,Materials,0.13396666666666665
2021-08-16,Materials,0.20095
2021-08-17,Materials,0.04046
2021-08-18,Materials,0.35875
2021-08-19,Materials,0.2049
2021-08-20,Materials,-0.02551666666666667
2021-08-23,Materials,0.02034999999999998
2021-08-24,Materials,0.11132500000000001
2021-08-25,Materials,0.0
2021-08-26,Materials,0.0
2021-08-27,Materials,0.296
2021-08-30,Materials,0.24695
2021-08-31,Materials,0.13935
2021-09-01,Materials,0.05666666666666667
2021-09-02,Materials,0.0
2021-09-03,Materials,0.0
2021-09-07,Materials,0.0
2021-09-08,Materials,0.0
2021-09-09,Materials,-0.17906666666666668
2021-09-10,Materials,0.05685000000000001
2021-09-13,Materials,0.0
2021-09-14,Materials,0.07007333333333333
2021-09-15,Materials,0.12726666666666667
2021-09-16,Materials,0.12726666666666667
2021-09-17,Materials,0.148
2021-09-20,Materials,0.21330000000000002
2021-09-21,Materials,0.1342625
2021-09-22,Materials,-0.4404
2021-09-23,Materials,0.03682
2021-09-24,Materials,0.0
2021-09-27,Materials,0.0
2021-09-28,Materials,0.100475
2021-09-29,Materials,0.0
2021-09-30,Materials,0.0
2021-10-01,Materials,0.2083
2021-10-04,Materials,0.0
2021-10-05,Materials,0.0
2021-10-06,Materials,-0.00686666666666665
2021-10-07,Materials,0.16676825396825398
2021-10-08,Materials,0.21230000000000002
2021-10-11,Materials,0.185
2021-10-12,Materials,0.1889
2021-10-13,Materials,-0.40775
2021-10-14,Materials,-0.014358333333333334
2021-10-15,Materials,-0.12765
2021-10-18,Materials,0.148
2021-10-19,Materials,0.31245
2021-10-20,Materials,0.0
2021-10-21,Materials,-0.0222375
2021-10-22,Materials,0.19161875
2021-10-25,Materials,0.13396666666666665
2021-10-26,Materials,0.12478333333333334
2021-10-27,Materials,-0.038275
2021-10-28,Materials,0.26335
2021-10-29,Materials,-0.10236666666666666
2021-11-01,Materials,0.4215
2021-11-02,Materials,0.0
2021-11-03,Materials,-0.06604318181818182
2021-11-04,Materials,-0.06604318181818182
2021-11-05,Materials,0.0
2021-11-08,Materials,0.07024999999999999
2021-11-09,Materials,0.20568
2021-11-10,Materials,0.296
2021-11-11,Materials,0.4514666666666667
2021-11-12,Materials,-0.10115
2021-11-15,Materials,0.1806333333333333
2021-11-16,Materials,0.31845
2021-11-17,Materials,0.09209999999999999
2021-11-18,Materials,-0.0511
2021-11-19,Materials,0.0
2021-11-22,Materials,0.0
2021-11-23,Materials,0.25709499999999996
2021-11-24,Materials,0.12695
2021-11-26,Materials,0.0
2021-11-29,Materials,0.0
2021-11-30,Materials,0.0
2021-12-01,Materials,0.201625
2021-12-02,Materials,-0.24766666666666667
2021-12-03,Materials,-0.23701111111111114
2021-12-06,Materials,-0.009841666666666665
2021-12-07,Materials,0.119175
2021-12-08,Materials,0.0
2021-12-09,Materials,0.2202
2021-12-10,Materials,0.19453
2021-12-13,Materials,0.34
2021-12-14,Materials,0.0
2021-12-15,Materials,0.24253333333333335
2021-12-16,Materials,0.18480833333333332
2021-12-17,Materials,0.12703333333333333
2021-12-20,Materials,0.0
2021-12-21,Materials,0.054266666666666664
2021-12-22,Materials,0.054266666666666664
2021-12-23,Materials,0.054266666666666664
2021-12-27,Materials,0.16787000000000002
2021-12-28,Materials,-0.1027
2021-12-29,Materials,0.1360125
2021-12-30,Materials,0.6369
2021-12-31,Materials,0.100475
2022-01-03,Materials,0.100475
2022-01-04,Materials,0.10115
2022-01-05,Materials,0.0
2022-01-06,Materials,0.09106666666666667
2022-01-07,Materials,0.1838
2022-01-10,Materials,0.20095
2022-01-11,Materials,0.31245
2022-01-12,Materials,0.0
2022-01-13,Materials,0.0
2022-01-14,Materials,0.27615
2022-01-18,Materials,0.20466666666666666
2022-01-19,Materials,0.050575
2022-01-20,Materials,0.18057222222222222
2022-01-21,Materials,0.0339
2022-01-24,Materials,0.13746666666666665
2022-01-25,Materials,0.13701999999999998
2022-01-26,Materials,0.1737125
2022-01-27,Materials,0.033716666666666666
2022-01-28,Materials,0.1729075
2022-01-31,Materials,0.0
2022-02-01,Materials,-0.05643333333333333
2022-02-02,Materials,0.1013888888888889
2022-02-03,Materials,0.11401666666666667
2022-02-04,Materials,-0.1468
2022-02-07,Materials,0.085
2022-02-08,Materials,0.1591
2022-02-09,Materials,0.1315215909090909
2022-02-10,Materials,0.20095
2022-02-11,Materials,0.10443333333333334
2022-02-14,Materials,0.38584999999999997
2022-02-15,Materials,0.34
2022-02-16,Materials,0.0
2022-02-17,Materials,-0.0065333333333333354
2022-02-18,Materials,0.0617375
2022-02-22,Materials,-0.164148
2022-02-23,Materials,0.4298333333333333
2022-02-24,Materials,0.1702
2022-02-25,Materials,0.049475000000000005
2022-02-28,Materials,0.12726666666666667
2022-03-01,Materials,0.0
2022-03-02,Materials,0.32313333333333333
2022-03-03,Materials,0.56955
2022-03-04,Materials,0.0
2022-03-07,Materials,-0.0052249999999999935
2022-03-08,Materials,0.056575
2022-03-09,Materials,0.16403333333333334
2022-03-10,Materials,0.19469999999999998
2022-03-11,Materials,0.13698
2022-03-14,Materials,0.1735888888888889
2022-03-15,Materials,0.125
2022-03-16,Materials,0.0843
2022-03-17,Materials,0.35372499999999996
2022-03-18,Materials,-0.00645
2022-03-21,Materials,0.10615000000000002
2022-03-22,Materials,0.16121666666666667
2022-03-23,Materials,0.14049999999999999
2022-03-24,Materials,-0.34
2022-03-25,Materials,0.16592500000000002
2022-03-28,Materials,0.3138666666666667
2022-03-29,Materials,0.05023333333333333
2022-03-30,Materials,-0.06193333333333333
2022-03-31,Materials,0.11333333333333334
2022-04-01,Materials,0.4479666666666667
2022-04-04,Materials,0.31806666666666666
2022-04-05,Materials,-0.041916666666666665
2022-04-06,Materials,0.15108749999999999
2022-04-07,Materials,0.339525
2022-04-08,Materials,0.148
2022-04-11,Materials,0.02965
2022-04-12,Materials,0.44565
2022-04-13,Materials,0.209345
2022-04-14,Materials,0.3686083333333333
2022-04-18,Materials,0.151515
2022-04-19,Materials,0.15001875
2022-04-20,Materials,-0.03115000000000001
2022-04-21,Materials,0.11568555555555556
2022-04-22,Materials,0.08347377777777779
2022-04-25,Materials,0.027928333333333333
2022-04-26,Materials,0.16774333333333333
2022-04-27,Materials,0.07495000000000002
2022-04-28,Materials,0.21075
2022-04-29,Materials,0.09209444444444444
2022-05-02,Materials,0.0
2022-05-03,Materials,0.0
2022-05-04,Materials,-0.10407777777777777
2022-05-05,Materials,0.03870000000000001
2022-05-06,Materials,0.31235
2022-05-09,Materials,0.06901666666666666
2022-05-10,Materials,0.0
2022-05-11,Materials,0.302375
2022-05-12,Materials,0.0
2022-05-13,Materials,0.3370083333333333
2022-05-16,Materials,0.159225
2022-05-17,Materials,0.0903
2022-05-18,Materials,0.08958958333333333
2022-05-19,Materials,0.296
2022-05-20,Materials,0.2174111111111111
2022-05-23,Materials,0.19425
2022-05-24,Materials,0.281725
2022-05-25,Materials,-0.14200000000000002
2022-05-26,Materials,0.1618777777777778
2022-05-27,Materials,0.14993125000000002
2022-05-31,Materials,-0.1858
2022-06-01,Materials,0.181925
2022-06-02,Materials,0.098875
2022-06-03,Materials,0.14909999999999998
2022-06-06,Materials,0.10115
2022-06-07,Materials,0.07341249999999999
2022-06-08,Materials,0.03877499999999999
2022-06-09,Materials,0.123475
2022-06-10,Materials,0.029024999999999995
2022-06-13,Materials,-0.1589
2022-06-14,Materials,0.14033333333333334
2022-06-15,Materials,0.1618
2022-06-16,Materials,0.06342500000000001
2022-06-17,Materials,0.21621
2022-06-21,Materials,-0.027224999999999992
2022-06-22,Materials,0.029133333333333355
2022-06-23,Materials,0.09828888888888888
2022-06-24,Materials,0.09153666666666666
2022-06-27,Materials,0.148
2022-06-28,Materials,0.443435
2022-06-29,Materials,0.4088333333333334
2022-06-30,Materials,0.085
2022-07-01,Materials,0.110675
2022-07-05,Materials,0.20095
2022-07-06,Materials,0.13169166666666665
2022-07-07,Materials,0.23322500000000002
2022-07-08,Materials,-0.05039999999999999
2022-07-11,Materials,0.164925
2022-07-12,Materials,-0.018499999999999996
2022-07-13,Materials,0.0
2022-07-14,Materials,0.09145
2022-07-15,Materials,0.012945833333333337
2022-07-18,Materials,-0.4215
2022-07-19,Materials,0.12761666666666668
2022-07-20,Materials,0.043825
2022-07-21,Materials,0.06521666666666667
2022-07-22,Materials,0.07143869047619048
2022-07-25,Materials,-0.016783333333333334
2022-07-26,Materials,0.19295098039215686
2022-07-27,Materials,-0.0875
2022-07-28,Materials,0.22464285714285712
2022-07-29,Materials,0.16028333333333333
2022-08-01,Materials,0.0
2022-08-02,Materials,0.0
2022-08-03,Materials,0.10967666666666666
2022-08-04,Materials,0.17596666666666663
2022-08-05,Materials,0.04609
2022-08-08,Materials,0.23835
2022-08-09,Materials,0.4144
2022-08-10,Materials,0.0
2022-08-11,Materials,0.20095
2022-08-12,Materials,0.20095
2022-08-15,Materials,0.20095
2022-08-16,Materials,0.09038333333333333
2022-08-17,Materials,0.04515
2022-08-18,Materials,0.1101
2022-08-19,Materials,0.0282875
2022-08-22,Materials,0.0282875
2022-08-23,Materials,0.0677875
2022-08-24,Materials,0.011066666666666667
2022-08-25,Materials,0.0
2022-08-26,Materials,0.003225
2022-08-29,Materials,0.09621666666666667
2022-08-30,Materials,-0.06148333333333334
2022-08-31,Materials,0.03796666666666667
2022-09-01,Materials,-0.12040000000000001
2022-09-02,Materials,0.21487499999999998
2022-09-06,Materials,0.2288
2022-09-07,Materials,0.0
2022-09-08,Materials,0.06632500000000001
2022-09-09,Materials,0.2354875
2022-09-12,Materials,0.26335
2022-09-13,Materials,-0.06761249999999999
2022-09-14,Materials,0.128
2022-09-15,Materials,0.02902777777777778
2022-09-16,Materials,0.04337777777777777
2022-09-19,Materials,0.0
2022-09-20,Materials,-0.10345
2022-09-21,Materials,-0.10345
2022-09-22,Materials,-0.03704999999999999
2022-09-23,Materials,0.21305833333333332
2022-09-26,Materials,0.17688333333333334
2022-09-27,Materials,0.16513333333333335
2022-09-28,Materials,0.0
2022-09-29,Materials,-0.016783333333333327
2022-09-30,Materials,0.0
2022-10-03,Materials,0.0
2022-10-04,Materials,0.11808333333333333
2022-10-05,Materials,0.3825
2022-10-06,Materials,0.09316666666666668
2022-10-07,Materials,-0.1909
2022-10-10,Materials,0.1338
2022-10-11,Materials,0.09469000000000001
2022-10-12,Materials,0.0
2022-10-13,Materials,0.34
2022-10-14,Materials,-0.14066249999999997
2022-10-17,Materials,0.0
2022-10-18,Materials,-0.178475
2022-10-19,Materials,0.06844444444444446
2022-10-20,Materials,0.0
2022-10-21,Materials,0.08016333333333334
2022-10-24,Materials,0.320025
2022-10-25,Materials,0.09540833333333334
2022-10-26,Materials,0.06541111111111114
2022-10-27,Materials,0.056050000000000016
2022-10-28,Materials,0.13396666666666665
2022-10-31,Materials,0.0
2022-11-01,Materials,0.0
2022-11-02,Materials,-0.13498749999999998
2022-11-03,Materials,-0.16315
2022-11-04,Materials,-0.14625000000000002
2022-11-07,Materials,-0.14625000000000002
2022-11-08,Materials,0.0
2022-11-09,Materials,0.05197142857142857
2022-11-10,Materials,0.0
2022-11-11,Materials,0.0
2022-11-14,Materials,0.19125
2022-11-15,Materials,0.2160666666666667
2022-11-16,Materials,0.28788749999999996
2022-11-17,Materials,0.28788749999999996
2022-11-18,Materials,0.7096
2022-11-21,Materials,0.22467777777777778
2022-11-22,Materials,0.12416666666666669
2022-11-23,Materials,0.0
2022-11-25,Materials,0.148
2022-11-28,Materials,0.0
2022-11-29,Materials,0.2023
2022-11-30,Materials,0.0
2022-12-01,Materials,0.22732000000000002
2022-12-02,Materials,0.09205833333333333
2022-12-05,Materials,-0.17
2022-12-06,Materials,0.0
2022-12-07,Materials,0.18416666666666667
2022-12-08,Materials,0.18416666666666667
2022-12-09,Materials,-0.0258
2022-12-12,Materials,0.159225
2022-12-13,Materials,-0.1858
2022-12-14,Materials,0.231275
2022-12-15,Materials,0.06363333333333333
2022-12-16,Materials,0.0
2022-12-19,Materials,-0.6249
2022-12-20,Materials,0.08231666666666666
2022-12-21,Materials,0.235625
2022-12-22,Materials,0.16973333333333332
2022-12-23,Materials,0.0
2022-12-27,Materials,0.0
2022-12-28,Materials,0.4253
2022-12-29,Materials,0.045533333333333335
2022-12-30,Materials,0.158625
2023-01-03,Materials,-0.1591
2023-01-04,Materials,0.17020000000000002
2023-01-05,Materials,0.1101
2023-01-06,Materials,0.12264
2023-01-09,Materials,0.0
2023-01-10,Materials,0.12625999999999998
2023-01-11,Materials,0.13396666666666665
2023-01-12,Materials,0.09817708333333333
2023-01-13,Materials,0.2011375
2023-01-17,Materials,0.29235
2023-01-18,Materials,0.34715
2023-01-19,Materials,0.16949166666666668
2023-01-20,Materials,0.11227708333333335
2023-01-23,Materials,0.16671111111111112
2023-01-24,Materials,0.21798055555555554
2023-01-25,Materials,0.09344166666666666
2023-01-26,Materials,-0.09030399999999998
2023-01-27,Materials,0.10604464285714285
2023-01-30,Materials,0.148
2023-01-31,Materials,0.23793749999999997
2023-02-01,Materials,-0.054083333333333324
2023-02-02,Materials,0.0
2023-02-03,Materials,-0.062416666666666655
2023-02-06,Materials,0.009885000000000005
2023-02-07,Materials,0.09178571428571428
2023-02-08,Materials,-0.06154666666666666
2023-02-09,Materials,0.02063333333333332
2023-02-10,Materials,-0.060337499999999995
2023-02-13,Materials,0.1101
2023-02-14,Materials,-0.003225
2023-02-15,Materials,0.07543333333333334
2023-02-16,Materials,0.19315238095238094
2023-02-17,Materials,0.21445
2023-02-21,Materials,0.020958333333333332
2023-02-22,Materials,0.006552777777777773
2023-02-23,Materials,0.15784166666666666
2023-02-24,Materials,0.086425
2023-02-27,Materials,0.13927916666666668
2023-02-28,Materials,0.30675
2023-03-01,Materials,0.5106
2023-03-02,Materials,0.15888666666666668
2023-03-03,Materials,-0.043725
2023-03-06,Materials,0.027424999999999998
2023-03-07,Materials,-0.00645
2023-03-08,Materials,0.0595875
2023-03-09,Materials,0.16503333333333334
2023-03-10,Materials,-0.02551666666666667
2023-03-13,Materials,0.10500000000000001
2023-03-14,Materials,0.13992
2023-03-15,Materials,0.05205625000000001
2023-03-16,Materials,0.08374181818181818
2023-03-17,Materials,0.05312222222222224
2023-03-20,Materials,0.006176190476190474
2023-03-21,Materials,0.23766111111111113
2023-03-22,Materials,0.20655875
2023-03-23,Materials,0.09775833333333334
2023-03-24,Materials,0.05849375
2023-03-27,Materials,0.0
2023-03-28,Materials,0.0541
2023-03-29,Materials,0.371025
2023-03-30,Materials,0.14385555555555554
2023-03-31,Materials,0.16655
2023-04-03,Materials,0.03988333333333335
2023-04-04,Materials,-0.0658375
2023-04-05,Materials,0.11621111111111111
2023-04-06,Materials,0.28400000000000003
2023-04-10,Materials,0.1820125
2023-04-11,Materials,0.2641958333333333
2023-04-12,Materials,0.07090357142857143
2023-04-13,Materials,0.1806
2023-04-14,Materials,0.04895
2023-04-17,Materials,0.07955
2023-04-18,Materials,0.26335
2023-04-19,Materials,0.1276
2023-04-20,Materials,0.026311111111111115
2023-04-21,Materials,0.10683414285714285
2023-04-24,Materials,0.03415
2023-04-25,Materials,0.06069
2023-04-26,Materials,0.11921333333333335
2023-04-27,Materials,-0.009560000000000006
2023-04-28,Materials,0.08309333333333332
2023-05-01,Materials,0.15495
2023-05-02,Materials,0.12691666666666668
2023-05-03,Materials,0.007473333333333335
2023-05-04,Materials,-0.28121
2023-05-05,Materials,0.008412500000000003
2023-05-08,Materials,0.0
2023-05-09,Materials,0.3349375
2023-05-10,Materials,0.0
2023-05-11,Materials,0.2023
2023-05-12,Materials,0.19445666666666667
2023-05-15,Materials,0.148
2023-05-16,Materials,0.11008214285714285
2023-05-17,Materials,0.1517777777777778
2023-05-18,Materials,0.2787
2023-05-19,Materials,0.0409375
2023-05-22,Materials,0.16463333333333333
2023-05-23,Materials,0.15072333333333332
2023-05-24,Materials,0.14597333333333332
2023-05-25,Materials,0.01630000000000001
2023-05-26,Materials,0.06833466666666667
2023-05-30,Materials,0.0005222222222222203
2023-05-31,Materials,0.15736666666666665
2023-06-01,Materials,0.15469999999999998
2023-06-02,Materials,-0.012306999999999993
2023-06-05,Materials,0.25546785714285714
2023-06-06,Materials,0.1798
2023-06-07,Materials,0.14220000000000002
2023-06-08,Materials,0.16094999999999998
2023-06-09,Materials,-0.0043
2023-06-12,Materials,-0.0258
2023-06-13,Materials,0.016700000000000007
2023-06-14,Materials,0.286275
2023-06-15,Materials,0.3727666666666667
2023-06-16,Materials,0.09620999999999999
2023-06-20,Materials,0.2356
2023-06-21,Materials,0.07100000000000001
2023-06-22,Materials,0.22541250000000002
2023-06-23,Materials,0.07558333333333332
2023-06-26,Materials,0.024666666666666667
2023-06-27,Materials,0.16215
2023-06-28,Materials,0.04432
2023-06-29,Materials,0.2566125
2023-06-30,Materials,0.03507333333333334
2023-07-03,Materials,-0.1858
2023-07-05,Materials,0.03777777777777778
2023-07-06,Materials,0.34138333333333337
2023-07-07,Materials,0.096575
2023-07-10,Materials,0.11872
2023-07-11,Materials,0.3281
2023-07-12,Materials,0.08631
2023-07-13,Materials,0.10863
2023-07-14,Materials,0.0
2023-07-17,Materials,0.0
2023-07-18,Materials,-0.10719999999999999
2023-07-19,Materials,-0.08907999999999998
2023-07-20,Materials,-0.047725
2023-07-21,Materials,0.03388055555555555
2023-07-24,Materials,-0.06486
2023-07-25,Materials,0.10688214285714286
2023-07-26,Materials,0.14943354978354978
2023-07-27,Materials,-0.007229999999999993
2023-07-28,Materials,0.02511875
2023-07-31,Materials,0.2732
2023-08-01,Materials,0.2732
2023-08-02,Materials,0.2106
2023-08-03,Materials,0.0028225000000000056
2023-08-04,Materials,-0.01695
2023-08-07,Materials,-0.01695
2023-08-08,Materials,0.4939
2023-08-09,Materials,0.0258
2023-08-10,Materials,0.21476666666666666
2023-08-11,Materials,0.04404
2023-08-14,Materials,0.29973333333333335
2023-08-15,Materials,0.2635722222222222
2023-08-16,Materials,0.046294999999999996
2023-08-17,Materials,0.046294999999999996
2023-08-18,Materials,0.13688499999999998
2023-08-21,Materials,0.06535
2023-08-22,Materials,0.025264285714285722
2023-08-23,Materials,0.018858333333333335
2023-08-24,Materials,0.0
2023-08-25,Materials,0.14813749999999998
2023-08-28,Materials,0.3084222222222222
2023-08-29,Materials,0.28123333333333334
2023-08-30,Materials,0.0
2023-08-31,Materials,0.3404777777777778
2023-09-01,Materials,0.22485
2023-09-05,Materials,0.4199625
2023-09-06,Materials,0.14985
2023-09-07,Materials,0.12696000000000002
2023-09-08,Materials,0.09480000000000001
2023-09-11,Materials,0.14076666666666668
2023-09-12,Materials,0.16076
2023-09-13,Materials,0.0502375
2023-09-14,Materials,0.046725
2023-09-15,Materials,-0.01870000000000001
2023-09-18,Materials,-0.14176875
2023-09-19,Materials,0.074915
2023-09-20,Materials,0.0
2023-09-21,Materials,0.033716666666666666
2023-09-22,Materials,0.1356
2023-09-25,Materials,0.12765
2023-09-26,Materials,-0.11402916666666667
2023-09-27,Materials,0.1366
2023-09-28,Materials,0.11567333333333334
2023-09-29,Materials,0.1918375
2023-10-02,Materials,0.0
2023-10-03,Materials,0.18959
2023-10-04,Materials,0.19635
2023-10-05,Materials,0.05175555555555556
2023-10-06,Materials,0.16942083333333333
2023-10-09,Materials,0.31775
2023-10-10,Materials,0.02629999999999999
2023-10-11,Materials,0.123475
2023-10-12,Materials,0.20277777777777775
2023-10-13,Materials,0.17804999999999999
2023-10-16,Materials,0.3050277777777778
2023-10-17,Materials,0.27214166666666667
2023-10-18,Materials,0.27100416666666666
2023-10-19,Materials,-0.06348666666666668
2023-10-20,Materials,0.036535
2023-10-23,Materials,-0.13229166666666667
2023-10-24,Materials,0.10935222222222221
2023-10-25,Materials,0.20298690476190476
2023-10-26,Materials,0.15309999999999999
2023-10-27,Materials,0.12988583333333334
2023-10-30,Materials,0.0193
2023-10-31,Materials,0.16892000000000001
2023-11-01,Materials,0.0
2023-11-02,Materials,0.23611200000000002
2023-11-03,Materials,0.0979625
2023-11-06,Materials,0.18189999999999998
2023-11-07,Materials,0.2998
2023-11-08,Materials,0.005249999999999998
2023-11-09,Materials,-0.1806
2023-11-10,Materials,0.0016125
2023-11-13,Materials,-0.01766666666666668
2023-11-14,Materials,0.16375833333333334
2023-11-15,Materials,0.20937777777777777
2023-11-16,Materials,0.3088416666666667
2023-11-17,Materials,0.0502375
2023-11-20,Materials,0.24135
2023-11-21,Materials,0.3876833333333334
2023-11-22,Materials,0.05505
2023-11-24,Materials,0.27741666666666664
2023-11-27,Materials,0.08778333333333332
2023-11-28,Materials,0.035449999999999995
2023-11-29,Materials,0.3002777777777778
2023-11-30,Materials,0.17971666666666666
2023-12-01,Materials,0.100475
2023-12-04,Materials,0.06953749999999999
2023-12-05,Materials,0.0
2023-12-06,Materials,0.0
2023-12-07,Materials,0.100475
2023-12-08,Materials,0.01690166666666666
2023-12-11,Materials,0.2895666666666667
2023-12-12,Materials,0.14307333333333333
2023-12-13,Materials,0.08463333333333334
2023-12-14,Materials,0.3432604166666667
2023-12-15,Materials,-0.085
2023-12-18,Materials,-0.2732
2023-12-19,Materials,-0.1279375
2023-12-20,Materials,-0.1279375
2023-12-21,Materials,-0.1279375
2023-12-22,Materials,-0.1279375
2023-12-26,Materials,-0.1279375
2023-12-27,Materials,-0.1279375
2023-12-28,Materials,-0.1279375
2023-12-29,Materials,-0.1279375
2020-01-02,RealEstate,
2020-01-03,RealEstate,0.24695
2020-01-06,RealEstate,-0.06403333333333334
2020-01-07,RealEstate,0.148
2020-01-08,RealEstate,0.32985
2020-01-09,RealEstate,-0.10079999999999999
2020-01-10,RealEstate,0.0
2020-01-13,RealEstate,-0.08412
2020-01-14,RealEstate,0.39293333333333336
2020-01-15,RealEstate,0.148
2020-01-16,RealEstate,0.0734375
2020-01-17,RealEstate,0.24766666666666667
2020-01-21,RealEstate,0.18714999999999998
2020-01-22,RealEstate,0.11333333333333334
2020-01-23,RealEstate,0.058324999999999995
2020-01-24,RealEstate,0.314
2020-01-27,RealEstate,0.0903
2020-01-28,RealEstate,0.08510000000000001
2020-01-29,RealEstate,0.12631666666666666
2020-01-30,RealEstate,0.16463333333333333
2020-01-31,RealEstate,0.12286000000000001
2020-02-03,RealEstate,0.24126666666666666
2020-02-04,RealEstate,0.085
2020-02-05,RealEstate,0.06497916666666667
2020-02-06,RealEstate,0.0
2020-02-07,RealEstate,0.308725
2020-02-10,RealEstate,0.0
2020-02-11,RealEstate,0.12363333333333333
2020-02-12,RealEstate,0.07745555555555557
2020-02-13,RealEstate,0.4930083333333334
2020-02-14,RealEstate,0.138515
2020-02-18,RealEstate,0.242125
2020-02-19,RealEstate,0.19481666666666667
2020-02-20,RealEstate,0.13235666666666668
2020-02-21,RealEstate,0.12397041666666667
2020-02-24,RealEstate,0.0468125
2020-02-25,RealEstate,0.08034166666666666
2020-02-26,RealEstate,0.049550000000000004
2020-02-27,RealEstate,0.023012999999999995
2020-02-28,RealEstate,0.12939333333333333
2020-03-02,RealEstate,-0.015887777777777785
2020-03-03,RealEstate,0.16710222222222224
2020-03-04,RealEstate,0.25524166666666664
2020-03-05,RealEstate,0.4655500000000001
2020-03-06,RealEstate,0.3723666666666667
2020-03-09,RealEstate,0.146875
2020-03-10,RealEstate,0.15583750000000002
2020-03-11,RealEstate,0.09866666666666667
2020-03-12,RealEstate,0.30446
2020-03-13,RealEstate,-0.060125
2020-03-16,RealEstate,-0.08895
2020-03-17,RealEstate,-0.019305208333333324
2020-03-18,RealEstate,0.2439
2020-03-19,RealEstate,-0.2202
2020-03-20,RealEstate,0.21692222222222224
2020-03-23,RealEstate,0.082725
2020-03-24,RealEstate,0.05378749999999999
2020-03-25,RealEstate,0.1620125
2020-03-26,RealEstate,0.3063166666666667
2020-03-27,RealEstate,0.4433708333333333
2020-03-30,RealEstate,0.6390333333333333
2020-03-31,RealEstate,0.37575625
2020-04-01,RealEstate,-0.14829374999999997
2020-04-02,RealEstate,-0.08347777777777776
2020-04-03,RealEstate,-0.039025
2020-04-06,RealEstate,0.28265
2020-04-07,RealEstate,0.18343333333333334
2020-04-08,RealEstate,0.08879583333333332
2020-04-09,RealEstate,0.556075
2020-04-13,RealEstate,0.3421294642857143
2020-04-14,RealEstate,0.018568749999999995
2020-04-15,RealEstate,0.5639111111111111
2020-04-16,RealEstate,-0.149725
2020-04-17,RealEstate,-0.0683
2020-04-20,RealEstate,0.44408333333333333
2020-04-21,RealEstate,0.02965
2020-04-22,RealEstate,0.004418749999999999
2020-04-23,RealEstate,0.21082499999999998
2020-04-24,RealEstate,0.2083
2020-04-27,RealEstate,0.05164375
2020-04-28,RealEstate,0.05312333333333334
2020-04-29,RealEstate,0.0259825
2020-04-30,RealEstate,0.08830606060606061
2020-05-01,RealEstate,0.10959583333333334
2020-05-04,RealEstate,0.18896000000000002
2020-05-05,RealEstate,0.015462500000000004
2020-05-06,RealEstate,0.12011666666666666
2020-05-07,RealEstate,-0.03181666666666667
2020-05-08,RealEstate,0.32705666666666666
2020-05-11,RealEstate,0.18711666666666668
2020-05-12,RealEstate,0.013816666666666663
2020-05-13,RealEstate,-0.3745875
2020-05-14,RealEstate,0.27305
2020-05-15,RealEstate,0.15836666666666668
2020-05-18,RealEstate,-0.06106249999999999
2020-05-19,RealEstate,0.5519083333333333
2020-05-20,RealEstate,0.10423333333333333
2020-05-21,RealEstate,0.06369
2020-05-22,RealEstate,0.0
2020-05-26,RealEstate,0.2570791666666667
2020-05-27,RealEstate,0.1843
2020-05-28,RealEstate,0.0
2020-05-29,RealEstate,0.20835
2020-06-01,RealEstate,0.020066666666666667
2020-06-02,RealEstate,-0.06100000000000001
2020-06-03,RealEstate,0.11605
2020-06-04,RealEstate,0.0872
2020-06-05,RealEstate,0.148
2020-06-08,RealEstate,0.0
2020-06-09,RealEstate,0.2611
2020-06-10,RealEstate,0.0129
2020-06-11,RealEstate,0.024575
2020-06-12,RealEstate,0.033716666666666666
2020-06-15,RealEstate,0.296
2020-06-16,RealEstate,0.20095
2020-06-17,RealEstate,0.263075
2020-06-18,RealEstate,-0.02070000000000001
2020-06-19,RealEstate,0.34626666666666667
2020-06-22,RealEstate,0.34626666666666667
2020-06-23,RealEstate,0.34626666666666667
2020-06-24,RealEstate,0.0
2020-06-25,RealEstate,-0.1806
2020-06-26,RealEstate,-0.1806
2020-06-29,RealEstate,0.0191
2020-06-30,RealEstate,0.0
2020-07-01,RealEstate,0.3609
2020-07-02,RealEstate,0.0
2020-07-06,RealEstate,-0.064
2020-07-07,RealEstate,-0.1591
2020-07-08,RealEstate,0.48385
2020-07-09,RealEstate,-0.5994
2020-07-10,RealEstate,0.0
2020-07-13,RealEstate,0.0772
2020-07-14,RealEstate,0.0
2020-07-15,RealEstate,0.0
2020-07-16,RealEstate,0.014283333333333334
2020-07-17,RealEstate,0.014283333333333334
2020-07-20,RealEstate,0.014283333333333334
2020-07-21,RealEstate,0.0
2020-07-22,RealEstate,0.18686
2020-07-23,RealEstate,0.14934999999999998
2020-07-24,RealEstate,0.148
2020-07-27,RealEstate,0.0
2020-07-28,RealEstate,0.26125
2020-07-29,RealEstate,0.26125
2020-07-30,RealEstate,0.10452999999999998
2020-07-31,RealEstate,-0.0574375
2020-08-03,RealEstate,0.29295
2020-08-04,RealEstate,-0.03175
2020-08-05,RealEstate,-0.2997
2020-08-06,RealEstate,0.197475
2020-08-07,RealEstate,0.0
2020-08-10,RealEstate,0.33947499999999997
2020-08-11,RealEstate,0.0
2020-08-12,RealEstate,0.4019
2020-08-13,RealEstate,0.0
2020-08-14,RealEstate,0.0
2020-08-17,RealEstate,0.12726666666666667
2020-08-18,RealEstate,0.31845
2020-08-19,RealEstate,0.5594
2020-08-20,RealEstate,0.0
2020-08-21,RealEstate,0.0
2020-08-24,RealEstate,0.08436666666666666
2020-08-25,RealEstate,-0.025675
2020-08-26,RealEstate,0.125
2020-08-27,RealEstate,0.15293333333333334
2020-08-28,RealEstate,0.32425
2020-08-31,RealEstate,0.0
2020-09-01,RealEstate,0.6044
2020-09-02,RealEstate,0.04148333333333334
2020-09-03,RealEstate,0.0
2020-09-04,RealEstate,0.0
2020-09-08,RealEstate,0.15568888888888888
2020-09-09,RealEstate,0.15568888888888888
2020-09-10,RealEstate,-0.6249
2020-09-11,RealEstate,-0.6249
2020-09-14,RealEstate,0.0
2020-09-15,RealEstate,0.31845
2020-09-16,RealEstate,0.08231666666666666
2020-09-17,RealEstate,0.0
2020-09-18,RealEstate,-0.3753
2020-09-21,RealEstate,0.2202
2020-09-22,RealEstate,0.0
2020-09-23,RealEstate,0.0
2020-09-24,RealEstate,0.0
2020-09-25,RealEstate,0.0
2020-09-28,RealEstate,0.0
2020-09-29,RealEstate,0.10115
2020-09-30,RealEstate,0.0
2020-10-01,RealEstate,0.3818
2020-10-02,RealEstate,0.3818
2020-10-05,RealEstate,0.3818
2020-10-06,RealEstate,0.28595
2020-10-07,RealEstate,0.4404
2020-10-08,RealEstate,0.4404
2020-10-09,RealEstate,0.4404
2020-10-12,RealEstate,0.4404
2020-10-13,RealEstate,0.0
2020-10-14,RealEstate,0.0
2020-10-15,RealEstate,0.26335
2020-10-16,RealEstate,0.26335
2020-10-19,RealEstate,0.26335
2020-10-20,RealEstate,0.0
2020-10-21,RealEstate,0.44576666666666664
2020-10-22,RealEstate,0.148
2020-10-23,RealEstate,-0.2997
2020-10-26,RealEstate,0.0
2020-10-27,RealEstate,0.26663333333333333
2020-10-28,RealEstate,0.26663333333333333
2020-10-29,RealEstate,0.2288
2020-10-30,RealEstate,0.0
2020-11-02,RealEstate,0.0
2020-11-03,RealEstate,0.24695
2020-11-04,RealEstate,0.0
2020-11-05,RealEstate,0.0
2020-11-06,RealEstate,0.13396666666666665
2020-11-09,RealEstate,0.124575
2020-11-10,RealEstate,0.24126666666666666
2020-11-11,RealEstate,0.24126666666666666
2020-11-12,RealEstate,0.3062
2020-11-13,RealEstate,0.3062
2020-11-16,RealEstate,0.26335
2020-11-17,RealEstate,0.0
2020-11-18,RealEstate,0.0
2020-11-19,RealEstate,0.4404
2020-11-20,RealEstate,0.0
2020-11-23,RealEstate,0.0
2020-11-24,RealEstate,0.0
2020-11-25,RealEstate,0.10711666666666668
2020-11-27,RealEstate,0.10711666666666668
2020-11-30,RealEstate,0.012650000000000002
2020-12-01,RealEstate,0.25806666666666667
2020-12-02,RealEstate,0.34
2020-12-03,RealEstate,0.1909
2020-12-04,RealEstate,0.33926666666666666
2020-12-07,RealEstate,0.0
2020-12-08,RealEstate,0.4767
2020-12-09,RealEstate,0.0
2020-12-10,RealEstate,0.00645
2020-12-11,RealEstate,0.0
2020-12-14,RealEstate,0.0
2020-12-15,RealEstate,0.07218
2020-12-16,RealEstate,0.1053
2020-12-17,RealEstate,0.32288333333333336
2020-12-18,RealEstate,0.0
2020-12-21,RealEstate,0.18185
2020-12-22,RealEstate,0.03415
2020-12-23,RealEstate,0.03415
2020-12-24,RealEstate,-0.10115
2020-12-28,RealEstate,0.2202
2020-12-29,RealEstate,-0.1027
2020-12-30,RealEstate,0.0
2020-12-31,RealEstate,0.0
2021-01-04,RealEstate,0.2037
2021-01-05,RealEstate,0.0
2021-01-06,RealEstate,0.0
2021-01-07,RealEstate,0.148
2021-01-08,RealEstate,0.0
2021-01-11,RealEstate,0.2732
2021-01-12,RealEstate,0.17776666666666666
2021-01-13,RealEstate,0.03813333333333333
2021-01-14,RealEstate,0.3126833333333333
2021-01-15,RealEstate,0.0
2021-01-19,RealEstate,0.2307125
2021-01-20,RealEstate,0.0
2021-01-21,RealEstate,0.003187499999999996
2021-01-22,RealEstate,0.003187499999999996
2021-01-25,RealEstate,0.003187499999999996
2021-01-26,RealEstate,0.13834444444444446
2021-01-27,RealEstate,0.04933333333333333
2021-01-28,RealEstate,0.3672666666666667
2021-01-29,RealEstate,0.0
2021-02-01,RealEstate,-0.070525
2021-02-02,RealEstate,0.2083
2021-02-03,RealEstate,0.06743333333333333
2021-02-04,RealEstate,0.28605
2021-02-05,RealEstate,0.0
2021-02-08,RealEstate,0.4967
2021-02-09,RealEstate,0.2637
2021-02-10,RealEstate,0.0
2021-02-11,RealEstate,0.0
2021-02-12,RealEstate,0.08808
2021-02-16,RealEstate,0.5370250000000001
2021-02-17,RealEstate,0.5370250000000001
2021-02-18,RealEstate,0.0
2021-02-19,RealEstate,0.0
2021-02-22,RealEstate,0.0425
2021-02-23,RealEstate,0.16463333333333333
2021-02-24,RealEstate,0.06743333333333333
2021-02-25,RealEstate,0.15180833333333332
2021-02-26,RealEstate,0.05234666666666667
2021-03-01,RealEstate,0.17585
2021-03-02,RealEstate,0.49612500000000004
2021-03-03,RealEstate,0.0
2021-03-04,RealEstate,0.0028666666666666667
2021-03-05,RealEstate,0.5574
2021-03-08,RealEstate,0.0
2021-03-09,RealEstate,0.3731
2021-03-10,RealEstate,0.3731
2021-03-11,RealEstate,0.1779
2021-03-12,RealEstate,0.0
2021-03-15,RealEstate,0.14613333333333334
2021-03-16,RealEstate,0.3569333333333333
2021-03-17,RealEstate,-0.014116666666666666
2021-03-18,RealEstate,-0.0128375
2021-03-19,RealEstate,0.3285
2021-03-22,RealEstate,0.3285
2021-03-23,RealEstate,0.3285
2021-03-24,RealEstate,0.0
2021-03-25,RealEstate,0.0
2021-03-26,RealEstate,0.2992
2021-03-29,RealEstate,0.2992
2021-03-30,RealEstate,0.0806875
2021-03-31,RealEstate,0.12726666666666667
2021-04-01,RealEstate,0.0
2021-04-05,RealEstate,-0.2942
2021-04-06,RealEstate,-0.2732
2021-04-07,RealEstate,0.4767
2021-04-08,RealEstate,0.4019
2021-04-09,RealEstate,0.0
2021-04-12,RealEstate,0.0
2021-04-13,RealEstate,0.49429999999999996
2021-04-14,RealEstate,0.0
2021-04-15,RealEstate,0.0
2021-04-16,RealEstate,0.1147
2021-04-19,RealEstate,0.0
2021-04-20,RealEstate,0.1015125
2021-04-21,RealEstate,0.1015125
2021-04-22,RealEstate,0.123475
2021-04-23,RealEstate,0.13396666666666665
2021-04-26,RealEstate,0.7783
2021-04-27,RealEstate,0.0795
2021-04-28,RealEstate,0.0795
2021-04-29,RealEstate,0.24168888888888893
2021-04-30,RealEstate,0.1487775
2021-05-03,RealEstate,0.28300000000000003
2021-05-04,RealEstate,0.3880166666666667
2021-05-05,RealEstate,0.3880166666666667
2021-05-06,RealEstate,0.0
2021-05-07,RealEstate,-0.0605
2021-05-10,RealEstate,-0.0605
2021-05-11,RealEstate,-0.0605
2021-05-12,RealEstate,0.296
2021-05-13,RealEstate,0.34895
2021-05-14,RealEstate,0.0
2021-05-17,RealEstate,0.0
2021-05-18,RealEstate,0.0
2021-05-19,RealEstate,0.0
2021-05-20,RealEstate,0.0
2021-05-21,RealEstate,0.0
2021-05-24,RealEstate,0.0
2021-05-25,RealEstate,0.1158
2021-05-26,RealEstate,0.583725
2021-05-27,RealEstate,0.0
2021-05-28,RealEstate,-0.05135
2021-06-01,RealEstate,0.5028
2021-06-02,RealEstate,0.28595
2021-06-03,RealEstate,0.5719
2021-06-04,RealEstate,0.16836666666666666
2021-06-07,RealEstate,0.6369
2021-06-08,RealEstate,0.6369
2021-06-09,RealEstate,0.6369
2021-06-10,RealEstate,0.0
2021-06-11,RealEstate,0.15928
2021-06-14,RealEstate,0.0
2021-06-15,RealEstate,-0.0386
2021-06-16,RealEstate,-0.148
2021-06-17,RealEstate,0.13155555555555556
2021-06-18,RealEstate,0.23835
2021-06-21,RealEstate,0.1628166666666667
2021-06-22,RealEstate,0.1628166666666667
2021-06-23,RealEstate,-0.2023
2021-06-24,RealEstate,-0.2023
2021-06-25,RealEstate,-0.1909
2021-06-28,RealEstate,0.31845
2021-06-29,RealEstate,0.06443333333333333
2021-06-30,RealEstate,0.0
2021-07-01,RealEstate,0.1909
2021-07-02,RealEstate,0.4983666666666666
2021-07-06,RealEstate,0.61895
2021-07-07,RealEstate,0.296
2021-07-08,RealEstate,0.2882
2021-07-09,RealEstate,0.0
2021-07-12,RealEstate,-0.1366
2021-07-13,RealEstate,0.0
2021-07-14,RealEstate,0.0
2021-07-15,RealEstate,0.0252875
2021-07-16,RealEstate,0.0
2021-07-19,RealEstate,0.0
2021-07-20,RealEstate,-0.142975
2021-07-21,RealEstate,0.0
2021-07-22,RealEstate,0.0
2021-07-23,RealEstate,0.148
2021-07-26,RealEstate,0.148
2021-07-27,RealEstate,0.48355
2021-07-28,RealEstate,0.48355
2021-07-29,RealEstate,0.074
2021-07-30,RealEstate,-0.058455555555555566
2021-08-02,RealEstate,0.0
2021-08-03,RealEstate,0.183425
2021-08-04,RealEstate,0.146475
2021-08-05,RealEstate,0.0
2021-08-06,RealEstate,0.0
2021-08-09,RealEstate,0.148
2021-08-10,RealEstate,-0.0128375
2021-08-11,RealEstate,0.46645000000000003
2021-08-12,RealEstate,0.4393
2021-08-13,RealEstate,0.296
2021-08-16,RealEstate,0.296
2021-08-17,RealEstate,0.12743749999999998
2021-08-18,RealEstate,0.296
2021-08-19,RealEstate,0.46618333333333334
2021-08-20,RealEstate,0.25
2021-08-23,RealEstate,0.296
2021-08-24,RealEstate,-0.1027
2021-08-25,RealEstate,0.296
2021-08-26,RealEstate,0.3034
2021-08-27,RealEstate,0.3034
2021-08-30,RealEstate,0.050575
2021-08-31,RealEstate,-0.0353
2021-09-01,RealEstate,0.0
2021-09-02,RealEstate,0.2732
2021-09-03,RealEstate,0.2732
2021-09-07,RealEstate,0.0516
2021-09-08,RealEstate,0.296
2021-09-09,RealEstate,0.041800000000000004
2021-09-10,RealEstate,0.0
2021-09-13,RealEstate,0.2654666666666667
2021-09-14,RealEstate,0.0
2021-09-15,RealEstate,0.34040000000000004
2021-09-16,RealEstate,0.0
2021-09-17,RealEstate,0.023500000000000004
2021-09-20,RealEstate,0.0
2021-09-21,RealEstate,0.0732375
2021-09-22,RealEstate,0.17
2021-09-23,RealEstate,0.151725
2021-09-24,RealEstate,0.0
2021-09-27,RealEstate,0.0
2021-09-28,RealEstate,0.24671666666666667
2021-09-29,RealEstate,0.5267
2021-09-30,RealEstate,0.0
2021-10-01,RealEstate,0.3021
2021-10-04,RealEstate,0.0
2021-10-05,RealEstate,-0.1909
2021-10-06,RealEstate,0.0
2021-10-07,RealEstate,0.128025
2021-10-08,RealEstate,0.0
2021-10-11,RealEstate,0.50935
2021-10-12,RealEstate,0.100475
2021-10-13,RealEstate,0.0
2021-10-14,RealEstate,0.51885
2021-10-15,RealEstate,0.10780555555555556
2021-10-18,RealEstate,0.1514
2021-10-19,RealEstate,0.0
2021-10-20,RealEstate,0.1909
2021-10-21,RealEstate,0.125
2021-10-22,RealEstate,0.164
2021-10-25,RealEstate,0.7184
2021-10-26,RealEstate,0.10115
2021-10-27,RealEstate,0.1957
2021-10-28,RealEstate,0.151725
2021-10-29,RealEstate,0.211975
2021-11-01,RealEstate,0.16892222222222222
2021-11-02,RealEstate,0.054877777777777775
2021-11-03,RealEstate,0.033716666666666666
2021-11-04,RealEstate,0.0
2021-11-05,RealEstate,-0.0764111111111111
2021-11-08,RealEstate,-0.0764111111111111
2021-11-09,RealEstate,0.0166
2021-11-10,RealEstate,0.32257499999999995
2021-11-11,RealEstate,0.32257499999999995
2021-11-12,RealEstate,0.26713333333333333
2021-11-15,RealEstate,0.2294
2021-11-16,RealEstate,0.13039777777777775
2021-11-17,RealEstate,0.0
2021-11-18,RealEstate,0.050575
2021-11-19,RealEstate,0.3968333333333333
2021-11-22,RealEstate,0.3968333333333333
2021-11-23,RealEstate,0.24995833333333334
2021-11-24,RealEstate,0.24995833333333334
2021-11-26,RealEstate,0.296
2021-11-29,RealEstate,0.31845
2021-11-30,RealEstate,0.052075
2021-12-01,RealEstate,0.0
2021-12-02,RealEstate,0.10115
2021-12-03,RealEstate,0.47250000000000003
2021-12-06,RealEstate,-0.1404
2021-12-07,RealEstate,0.033716666666666666
2021-12-08,RealEstate,0.0
2021-12-09,RealEstate,0.011499999999999996
2021-12-10,RealEstate,0.3243
2021-12-13,RealEstate,0.18130000000000002
2021-12-14,RealEstate,0.013486666666666666
2021-12-15,RealEstate,0.46525
2021-12-16,RealEstate,0.16858333333333334
2021-12-17,RealEstate,0.07655
2021-12-20,RealEstate,0.11009999999999998
2021-12-21,RealEstate,0.144975
2021-12-22,RealEstate,0.3446
2021-12-23,RealEstate,0.0
2021-12-27,RealEstate,0.0
2021-12-28,RealEstate,-0.031375
2021-12-29,RealEstate,0.21075
2021-12-30,RealEstate,0.20365
2021-12-31,RealEstate,0.2364833333333333
2022-01-03,RealEstate,0.19179999999999997
2022-01-04,RealEstate,0.10615000000000001
2022-01-05,RealEstate,0.30722499999999997
2022-01-06,RealEstate,0.1468
2022-01-07,RealEstate,0.12086666666666666
2022-01-10,RealEstate,0.0
2022-01-11,RealEstate,0.31845
2022-01-12,RealEstate,-0.1769666666666667
2022-01-13,RealEstate,-0.06778125
2022-01-14,RealEstate,0.11333333333333334
2022-01-18,RealEstate,0.09100000000000001
2022-01-19,RealEstate,-0.0502375
2022-01-20,RealEstate,0.3610333333333333
2022-01-21,RealEstate,0.27708
2022-01-24,RealEstate,0.2862125
2022-01-25,RealEstate,0.16029
2022-01-26,RealEstate,0.35345000000000004
2022-01-27,RealEstate,0.1468
2022-01-28,RealEstate,0.30445
2022-01-31,RealEstate,0.013487499999999986
2022-02-01,RealEstate,0.34211
2022-02-02,RealEstate,0.28595
2022-02-03,RealEstate,0.1490875
2022-02-04,RealEstate,0.148
2022-02-07,RealEstate,0.0
2022-02-08,RealEstate,0.0781125
2022-02-09,RealEstate,0.08178333333333333
2022-02-10,RealEstate,0.04085
2022-02-11,RealEstate,0.2245375
2022-02-14,RealEstate,0.050575
2022-02-15,RealEstate,0.4689875
2022-02-16,RealEstate,0.15603333333333333
2022-02-17,RealEstate,0.48013333333333336
2022-02-18,RealEstate,0.04166
2022-02-22,RealEstate,0.0406
2022-02-23,RealEstate,0.18257166666666666
2022-02-24,RealEstate,0.05957000000000001
2022-02-25,RealEstate,0.3673133333333333
2022-02-28,RealEstate,0.09272083333333334
2022-03-01,RealEstate,0.26356666666666667
2022-03-02,RealEstate,0.050575
2022-03-03,RealEstate,0.06597
2022-03-04,RealEstate,0.21821875000000002
2022-03-07,RealEstate,0.42413333333333336
2022-03-08,RealEstate,0.09067777777777779
2022-03-09,RealEstate,0.17
2022-03-10,RealEstate,-0.05643333333333333
2022-03-11,RealEstate,0.0425
2022-03-14,RealEstate,0.2841
2022-03-15,RealEstate,0.12754000000000001
2022-03-16,RealEstate,0.30433333333333334
2022-03-17,RealEstate,0.34231666666666666
2022-03-18,RealEstate,0.0
2022-03-21,RealEstate,0.07003000000000001
2022-03-22,RealEstate,0.11514166666666667
2022-03-23,RealEstate,0.03855000000000001
2022-03-24,RealEstate,0.4404
2022-03-25,RealEstate,0.06193333333333333
2022-03-28,RealEstate,0.10026666666666668
2022-03-29,RealEstate,0.09233333333333334
2022-03-30,RealEstate,0.21713333333333332
2022-03-31,RealEstate,0.3933166666666666
2022-04-01,RealEstate,0.025412500000000005
2022-04-04,RealEstate,0.369025
2022-04-05,RealEstate,0.009356249999999998
2022-04-06,RealEstate,0.15486
2022-04-07,RealEstate,0.1285333333333333
2022-04-08,RealEstate,0.08236
2022-04-11,RealEstate,0.09866666666666667
2022-04-12,RealEstate,0.03539166666666667
2022-04-13,RealEstate,0.28442
2022-04-14,RealEstate,0.038125000000000006
2022-04-18,RealEstate,0.33046111111111115
2022-04-19,RealEstate,0.0
2022-04-20,RealEstate,0.03613200000000001
2022-04-21,RealEstate,-0.077775
2022-04-22,RealEstate,0.05234000000000001
2022-04-25,RealEstate,0.10115
2022-04-26,RealEstate,0.11094
2022-04-27,RealEstate,0.0
2022-04-28,RealEstate,0.120825
2022-04-29,RealEstate,0.32335
2022-05-02,RealEstate,0.17865
2022-05-03,RealEstate,0.2526333333333333
2022-05-04,RealEstate,0.20181666666666667
2022-05-05,RealEstate,0.06919166666666668
2022-05-06,RealEstate,0.06193333333333333
2022-05-09,RealEstate,0.11297777777777777
2022-05-10,RealEstate,0.059170000000000014
2022-05-11,RealEstate,0.15819
2022-05-12,RealEstate,0.02968333333333334
2022-05-13,RealEstate,0.31751111111111113
2022-05-16,RealEstate,0.17701250000000002
2022-05-17,RealEstate,0.12654583333333333
2022-05-18,RealEstate,0.3404375
2022-05-19,RealEstate,-0.06143333333333333
2022-05-20,RealEstate,0.08919374999999999
2022-05-23,RealEstate,0.07935999999999999
2022-05-24,RealEstate,0.098474
2022-05-25,RealEstate,0.32005
2022-05-26,RealEstate,0.256675
2022-05-27,RealEstate,0.01651666666666667
2022-05-31,RealEstate,0.1334875
2022-06-01,RealEstate,0.30557500000000004
2022-06-02,RealEstate,0.23835
2022-06-03,RealEstate,0.29715
2022-06-06,RealEstate,0.2366625
2022-06-07,RealEstate,0.07598666666666666
2022-06-08,RealEstate,0.04432666666666667
2022-06-09,RealEstate,0.25039
2022-06-10,RealEstate,0.34031666666666666
2022-06-13,RealEstate,0.16952499999999998
2022-06-14,RealEstate,0.114735
2022-06-15,RealEstate,0.08678999999999999
2022-06-16,RealEstate,-0.03735
2022-06-17,RealEstate,0.1064875
2022-06-21,RealEstate,0.35871666666666674
2022-06-22,RealEstate,0.3086875
2022-06-23,RealEstate,0.38398333333333334
2022-06-24,RealEstate,0.25239999999999996
2022-06-27,RealEstate,-0.1858
2022-06-28,RealEstate,0.08831
2022-06-29,RealEstate,0.0913
2022-06-30,RealEstate,0.1771625
2022-07-01,RealEstate,0.085
2022-07-05,RealEstate,0.09706
2022-07-06,RealEstate,0.23398333333333332
2022-07-07,RealEstate,0.005550000000000006
2022-07-08,RealEstate,0.061108333333333334
2022-07-11,RealEstate,0.2759333333333333
2022-07-12,RealEstate,0.29322
2022-07-13,RealEstate,-0.00645
2022-07-14,RealEstate,0.23718333333333333
2022-07-15,RealEstate,0.1107
2022-07-18,RealEstate,-0.2384375
2022-07-19,RealEstate,0.12911562499999998
2022-07-20,RealEstate,-0.10491666666666666
2022-07-21,RealEstate,0.30252666666666667
2022-07-22,RealEstate,0.2966
2022-07-25,RealEstate,0.44436666666666663
2022-07-26,RealEstate,0.21288
2022-07-27,RealEstate,0.1748
2022-07-28,RealEstate,0.28449066666666667
2022-07-29,RealEstate,0.22789166666666666
2022-08-01,RealEstate,0.28646000000000005
2022-08-02,RealEstate,0.2648625
2022-08-03,RealEstate,0.1672625
2022-08-04,RealEstate,0.05472916666666667
2022-08-05,RealEstate,0.33331666666666665
2022-08-08,RealEstate,0.2974666666666667
2022-08-09,RealEstate,0.1282
2022-08-10,RealEstate,0.29035
2022-08-11,RealEstate,0.12040000000000001
2022-08-12,RealEstate,0.3131
2022-08-15,RealEstate,0.022575
2022-08-16,RealEstate,-0.037562500000000026
2022-08-17,RealEstate,0.06669999999999998
2022-08-18,RealEstate,0.25003125
2022-08-19,RealEstate,0.05135
2022-08-22,RealEstate,0.3654
2022-08-23,RealEstate,0.3100275
2022-08-24,RealEstate,0.21378333333333333
2022-08-25,RealEstate,0.20147000000000004
2022-08-26,RealEstate,0.30996250000000003
2022-08-29,RealEstate,0.35150000000000003
2022-08-30,RealEstate,0.08582291666666667
2022-08-31,RealEstate,0.27115
2022-09-01,RealEstate,0.22335
2022-09-02,RealEstate,0.34
2022-09-06,RealEstate,0.15535000000000002
2022-09-07,RealEstate,0.17
2022-09-08,RealEstate,0.02761666666666667
2022-09-09,RealEstate,0.39463333333333334
2022-09-12,RealEstate,0.5379
2022-09-13,RealEstate,0.29308055555555557
2022-09-14,RealEstate,0.1181375
2022-09-15,RealEstate,0.17961666666666667
2022-09-16,RealEstate,0.316625
2022-09-19,RealEstate,0.2793325
2022-09-20,RealEstate,0.25734666666666667
2022-09-21,RealEstate,0.22997083333333335
2022-09-22,RealEstate,0.065825
2022-09-23,RealEstate,0.046950000000000006
2022-09-26,RealEstate,0.07544444444444445
2022-09-27,RealEstate,0.07312142857142859
2022-09-28,RealEstate,0.22918333333333332
2022-09-29,RealEstate,-0.08837916666666666
2022-09-30,RealEstate,0.0
2022-10-03,RealEstate,0.40345000000000003
2022-10-04,RealEstate,0.35955
2022-10-05,RealEstate,0.33353
2022-10-06,RealEstate,0.20609999999999998
2022-10-07,RealEstate,0.0
2022-10-10,RealEstate,0.05740624999999999
2022-10-11,RealEstate,0.10796999999999998
2022-10-12,RealEstate,-0.14049999999999999
2022-10-13,RealEstate,0.156225
2022-10-14,RealEstate,0.0
2022-10-17,RealEstate,0.12755000000000002
2022-10-18,RealEstate,0.06738500000000003
2022-10-19,RealEstate,0.016858333333333333
2022-10-20,RealEstate,0.14014166666666666
2022-10-21,RealEstate,0.24210833333333331
2022-10-24,RealEstate,0.261395
2022-10-25,RealEstate,0.25793
2022-10-26,RealEstate,0.14091
2022-10-27,RealEstate,0.147625
2022-10-28,RealEstate,0.07644
2022-10-31,RealEstate,0.0
2022-11-01,RealEstate,0.19326714285714286
2022-11-02,RealEstate,0.3458291666666667
2022-11-03,RealEstate,0.15698555555555557
2022-11-04,RealEstate,0.15046111111111113
2022-11-07,RealEstate,-0.2732
2022-11-08,RealEstate,0.12118125
2022-11-09,RealEstate,0.3119
2022-11-10,RealEstate,0.10115
2022-11-11,RealEstate,0.1029375
2022-11-14,RealEstate,0.5327999999999999
2022-11-15,RealEstate,0.15305555555555558
2022-11-16,RealEstate,0.4939
2022-11-17,RealEstate,0.27128888888888886
2022-11-18,RealEstate,0.27128888888888886
2022-11-21,RealEstate,-0.13486666666666666
2022-11-22,RealEstate,0.1947583333333333
2022-11-23,RealEstate,-0.41169999999999995
2022-11-25,RealEstate,0.22020000000000003
2022-11-28,RealEstate,0.34
2022-11-29,RealEstate,0.47812499999999997
2022-11-30,RealEstate,0.47812499999999997
2022-12-01,RealEstate,0.14885
2022-12-02,RealEstate,0.261275
2022-12-05,RealEstate,0.1661
2022-12-06,RealEstate,0.31845
2022-12-07,RealEstate,0.25445
2022-12-08,RealEstate,0.33755
2022-12-09,RealEstate,0.0
2022-12-12,RealEstate,0.39794999999999997
2022-12-13,RealEstate,0.06743333333333333
2022-12-14,RealEstate,0.10115
2022-12-15,RealEstate,0.05666666666666667
2022-12-16,RealEstate,0.08631666666666667
2022-12-19,RealEstate,0.5194
2022-12-20,RealEstate,0.16439499999999999
2022-12-21,RealEstate,0.056537500000000004
2022-12-22,RealEstate,-0.043444444444444445
2022-12-23,RealEstate,-0.043444444444444445
2022-12-27,RealEstate,-0.043444444444444445
2022-12-28,RealEstate,0.28481666666666666
2022-12-29,RealEstate,0.42046666666666666
2022-12-30,RealEstate,0.10115
2023-01-03,RealEstate,0.184925
2023-01-04,RealEstate,0.27490000000000003
2023-01-05,RealEstate,0.1806
2023-01-06,RealEstate,0.22976666666666667
2023-01-09,RealEstate,0.063325
2023-01-10,RealEstate,-0.02993333333333333
2023-01-11,RealEstate,-0.0129
2023-01-12,RealEstate,0.06363333333333333
2023-01-13,RealEstate,0.045325000000000004
2023-01-17,RealEstate,0.033716666666666666
2023-01-18,RealEstate,0.0
2023-01-19,RealEstate,0.046594444444444445
2023-01-20,RealEstate,0.12654374999999998
2023-01-23,RealEstate,0.07222777777777778
2023-01-24,RealEstate,0.07724666666666666
2023-01-25,RealEstate,0.3297875
2023-01-26,RealEstate,0.31570000000000004
2023-01-27,RealEstate,0.05325555555555555
2023-01-30,RealEstate,0.1108
2023-01-31,RealEstate,0.23276874999999997
2023-02-01,RealEstate,0.12202500000000001
2023-02-02,RealEstate,0.27355
2023-02-03,RealEstate,0.1418125
2023-02-06,RealEstate,0.10512777777777778
2023-02-07,RealEstate,0.2150504761904762
2023-02-08,RealEstate,0.13606666666666664
2023-02-09,RealEstate,0.0
2023-02-10,RealEstate,0.20509583333333334
2023-02-13,RealEstate,0.4179166666666667
2023-02-14,RealEstate,0.4631
2023-02-15,RealEstate,0.15886
2023-02-16,RealEstate,0.008577777777777778
2023-02-17,RealEstate,0.022638888888888892
2023-02-21,RealEstate,0.0
2023-02-22,RealEstate,0.04747
2023-02-23,RealEstate,0.12279583333333333
2023-02-24,RealEstate,0.06803000000000001
2023-02-27,RealEstate,0.0
2023-02-28,RealEstate,0.12796666666666667
2023-03-01,RealEstate,0.16455
2023-03-02,RealEstate,0.028475
2023-03-03,RealEstate,0.23394444444444443
2023-03-06,RealEstate,-0.0129
2023-03-07,RealEstate,0.023300000000000005
2023-03-08,RealEstate,0.1101
2023-03-09,RealEstate,0.237625
2023-03-10,RealEstate,0.0972
2023-03-13,RealEstate,0.26161999999999996
2023-03-14,RealEstate,0.021646666666666665
2023-03-15,RealEstate,0.20270000000000002
2023-03-16,RealEstate,0.1579425
2023-03-17,RealEstate,0.23317500000000002
2023-03-20,RealEstate,0.1994375
2023-03-21,RealEstate,0.050725000000000006
2023-03-22,RealEstate,0.270025
2023-03-23,RealEstate,0.23206666666666667
2023-03-24,RealEstate,0.1365
2023-03-27,RealEstate,0.17
2023-03-28,RealEstate,0.08817666666666667
2023-03-29,RealEstate,0.148
2023-03-30,RealEstate,0.2021888888888889
2023-03-31,RealEstate,0.2383611111111111
2023-04-03,RealEstate,0.24450000000000002
2023-04-04,RealEstate,-0.012589999999999997
2023-04-05,RealEstate,0.16390625
2023-04-06,RealEstate,0.10591428571428572
2023-04-10,RealEstate,0.11836250000000001
2023-04-11,RealEstate,0.10270000000000001
2023-04-12,RealEstate,0.4405625
2023-04-13,RealEstate,0.2838
2023-04-14,RealEstate,-0.025675
2023-04-17,RealEstate,0.12273333333333332
2023-04-18,RealEstate,0.0132375
2023-04-19,RealEstate,0.12976916666666666
2023-04-20,RealEstate,0.07776250000000001
2023-04-21,RealEstate,0.11643125
2023-04-24,RealEstate,0.16019166666666665
2023-04-25,RealEstate,0.20308
2023-04-26,RealEstate,0.09619
2023-04-27,RealEstate,-0.03566111111111111
2023-04-28,RealEstate,0.1316
2023-05-01,RealEstate,0.6116333333333334
2023-05-02,RealEstate,0.08318888888888887
2023-05-03,RealEstate,0.09715599999999999
2023-05-04,RealEstate,0.05384444444444444
2023-05-05,RealEstate,0.13341541666666668
2023-05-08,RealEstate,0.16644000000000003
2023-05-09,RealEstate,0.11322666666666667
2023-05-10,RealEstate,0.2023
2023-05-11,RealEstate,-0.012758333333333335
2023-05-12,RealEstate,0.04404
2023-05-15,RealEstate,0.31845
2023-05-16,RealEstate,0.28542083333333335
2023-05-17,RealEstate,0.11315
2023-05-18,RealEstate,0.11333333333333334
2023-05-19,RealEstate,0.09217291666666666
2023-05-22,RealEstate,0.0
2023-05-23,RealEstate,0.159
2023-05-24,RealEstate,-0.01630000000000001
2023-05-25,RealEstate,0.2897
2023-05-26,RealEstate,0.059500000000000004
2023-05-30,RealEstate,0.0
2023-05-31,RealEstate,0.2092166666666667
2023-06-01,RealEstate,0.2308
2023-06-02,RealEstate,0.15113333333333334
2023-06-05,RealEstate,0.043
2023-06-06,RealEstate,0.11005555555555556
2023-06-07,RealEstate,0.13066666666666665
2023-06-08,RealEstate,0.4215
2023-06-09,RealEstate,0.034585
2023-06-12,RealEstate,0.18206666666666668
2023-06-13,RealEstate,0.1261
2023-06-14,RealEstate,0.0
2023-06-15,RealEstate,0.10627500000000001
2023-06-16,RealEstate,0.14985
2023-06-20,RealEstate,-0.2844833333333333
2023-06-21,RealEstate,0.0
2023-06-22,RealEstate,0.0
2023-06-23,RealEstate,0.007185000000000002
2023-06-26,RealEstate,0.11247666666666664
2023-06-27,RealEstate,0.19596249999999998
2023-06-28,RealEstate,0.33015
2023-06-29,RealEstate,0.14466666666666667
2023-06-30,RealEstate,0.23190000000000002
2023-07-03,RealEstate,0.018575
2023-07-05,RealEstate,0.19841499999999998
2023-07-06,RealEstate,0.28352222222222223
2023-07-07,RealEstate,0.09404666666666665
2023-07-10,RealEstate,0.0252875
2023-07-11,RealEstate,0.2540166666666667
2023-07-12,RealEstate,0.010299999999999976
2023-07-13,RealEstate,0.1285125
2023-07-14,RealEstate,0.11733333333333333
2023-07-17,RealEstate,0.0416875
2023-07-18,RealEstate,0.20958133333333331
2023-07-19,RealEstate,0.12144833333333335
2023-07-20,RealEstate,0.2658325
2023-07-21,RealEstate,0.0543432380952381
2023-07-24,RealEstate,0.18693333333333337
2023-07-25,RealEstate,0.29675
2023-07-26,RealEstate,0.13660999999999998
2023-07-27,RealEstate,0.11497666666666667
2023-07-28,RealEstate,0.1649
2023-07-31,RealEstate,0.3529266666666667
2023-08-01,RealEstate,0.11409375
2023-08-02,RealEstate,0.21318
2023-08-03,RealEstate,0.265605
2023-08-04,RealEstate,0.049856666666666674
2023-08-07,RealEstate,-0.10640500000000001
2023-08-08,RealEstate,0.05405833333333335
2023-08-09,RealEstate,0.0
2023-08-10,RealEstate,-0.03062
2023-08-11,RealEstate,0.40095000000000003
2023-08-14,RealEstate,0.3044
2023-08-15,RealEstate,0.06690833333333333
2023-08-16,RealEstate,0.08895
2023-08-17,RealEstate,0.1997625
2023-08-18,RealEstate,0.07299833333333332
2023-08-21,RealEstate,0.16151666666666667
2023-08-22,RealEstate,0.2313625
2023-08-23,RealEstate,0.3353333333333333
2023-08-24,RealEstate,0.0
2023-08-25,RealEstate,0.06904
2023-08-28,RealEstate,0.05138333333333333
2023-08-29,RealEstate,0.24765
2023-08-30,RealEstate,0.16419999999999998
2023-08-31,RealEstate,0.1784
2023-09-01,RealEstate,0.3206425
2023-09-05,RealEstate,0.21553999999999998
2023-09-06,RealEstate,0.10146
2023-09-07,RealEstate,0.32030000000000003
2023-09-08,RealEstate,0.02266666666666667
2023-09-11,RealEstate,0.0592
2023-09-12,RealEstate,0.194174
2023-09-13,RealEstate,-0.19063333333333332
2023-09-14,RealEstate,0.033933333333333336
2023-09-15,RealEstate,0.0502375
2023-09-18,RealEstate,0.2822766666666666
2023-09-19,RealEstate,0.07825
2023-09-20,RealEstate,0.26406250000000003
2023-09-21,RealEstate,0.4331875
2023-09-22,RealEstate,0.2136458333333333
2023-09-25,RealEstate,0.22115
2023-09-26,RealEstate,0.08711666666666666
2023-09-27,RealEstate,0.19356666666666666
2023-09-28,RealEstate,0.191345
2023-09-29,RealEstate,0.4616
2023-10-02,RealEstate,0.08503333333333335
2023-10-03,RealEstate,0.2882375
2023-10-04,RealEstate,0.19070333333333334
2023-10-05,RealEstate,0.141225
2023-10-06,RealEstate,0.2085125
2023-10-09,RealEstate,0.18730000000000002
2023-10-10,RealEstate,0.21775
2023-10-11,RealEstate,0.09106249999999999
2023-10-12,RealEstate,0.0
2023-10-13,RealEstate,0.33874666666666664
2023-10-16,RealEstate,0.26335
2023-10-17,RealEstate,0.13651125
2023-10-18,RealEstate,0.011721874999999993
2023-10-19,RealEstate,0.12746607142857141
2023-10-20,RealEstate,0.018733928571428568
2023-10-23,RealEstate,0.25922999999999996
2023-10-24,RealEstate,0.34828888888888887
2023-10-25,RealEstate,0.21791999999999997
2023-10-26,RealEstate,0.2497555555555556
2023-10-27,RealEstate,0.155084375
2023-10-30,RealEstate,0.124825
2023-10-31,RealEstate,0.23992400000000003
2023-11-01,RealEstate,0.14568333333333333
2023-11-02,RealEstate,0.06804444444444445
2023-11-03,RealEstate,0.24320833333333336
2023-11-06,RealEstate,0.2868
2023-11-07,RealEstate,0.28648125
2023-11-08,RealEstate,0.34007777777777776
2023-11-09,RealEstate,-0.0784
2023-11-10,RealEstate,0.18625625
2023-11-13,RealEstate,-0.11866666666666666
2023-11-14,RealEstate,0.127965
2023-11-15,RealEstate,0.24080000000000001
2023-11-16,RealEstate,0.3395
2023-11-17,RealEstate,0.15621000000000002
2023-11-20,RealEstate,-0.008862499999999999
2023-11-21,RealEstate,0.13764166666666666
2023-11-22,RealEstate,0.18286666666666665
2023-11-24,RealEstate,-0.02435555555555555
2023-11-27,RealEstate,0.1909
2023-11-28,RealEstate,0.0008176282051282069
2023-11-29,RealEstate,0.2063333333333333
2023-11-30,RealEstate,0.15807000000000002
2023-12-01,RealEstate,0.10236250000000001
2023-12-04,RealEstate,0.09654
2023-12-05,RealEstate,0.2895975
2023-12-06,RealEstate,0.18615
2023-12-07,RealEstate,0.13620416666666668
2023-12-08,RealEstate,0.11
2023-12-11,RealEstate,0.074
2023-12-12,RealEstate,0.09051666666666666
2023-12-13,RealEstate,0.06296333333333334
2023-12-14,RealEstate,0.29874466666666666
2023-12-15,RealEstate,0.063965
2023-12-18,RealEstate,0.14148333333333332
2023-12-19,RealEstate,0.24271944444444446
2023-12-20,RealEstate,0.24271944444444446
2023-12-21,RealEstate,0.24271944444444446
2023-12-22,RealEstate,0.24271944444444446
2023-12-26,RealEstate,0.24271944444444446
2023-12-27,RealEstate,0.24271944444444446
2023-12-28,RealEstate,0.24271944444444446
2023-12-29,RealEstate,0.24271944444444446
2020-01-02,Tech,
2020-01-03,Tech,0.08016371794871795
2020-01-06,Tech,0.10622901785714287
2020-01-07,Tech,0.08559333333333334
2020-01-08,Tech,0.03290178571428572
2020-01-09,Tech,0.087443125
2020-01-10,Tech,0.11617066666666667
2020-01-13,Tech,0.32229583333333334
2020-01-14,Tech,0.29333241666666665
2020-01-15,Tech,0.22985333333333333
2020-01-16,Tech,0.03896666666666666
2020-01-17,Tech,0.28149722222222223
2020-01-21,Tech,0.11631510323010323
2020-01-22,Tech,-0.10410365217391301
2020-01-23,Tech,0.21596500000000002
2020-01-24,Tech,0.04361814814814814
2020-01-27,Tech,0.0807377688172043
2020-01-28,Tech,-0.14846383333333332
2020-01-29,Tech,0.010227884615384597
2020-01-30,Tech,0.1467438492063492
2020-01-31,Tech,-0.05029270833333333
2020-02-03,Tech,-0.011843055555555537
2020-02-04,Tech,0.1038
2020-02-05,Tech,0.07922233333333334
2020-02-06,Tech,0.1441765625
2020-02-07,Tech,0.2950988888888889
2020-02-10,Tech,0.17913428571428572
2020-02-11,Tech,0.20109583333333333
2020-02-12,Tech,0.0952007142857143
2020-02-13,Tech,0.0738775
2020-02-14,Tech,-0.01790227272727272
2020-02-18,Tech,0.0826875
2020-02-19,Tech,-0.05346457142857142
2020-02-20,Tech,0.031574206349206345
2020-02-21,Tech,0.003004904761904763
2020-02-24,Tech,-0.2589611428571429
2020-02-25,Tech,0.010426818181818181
2020-02-26,Tech,0.10188333333333333
2020-02-27,Tech,0.2533033333333333
2020-02-28,Tech,-0.16447933333333334
2020-03-02,Tech,0.17746444444444442
2020-03-03,Tech,0.06786600000000001
2020-03-04,Tech,0.015458
2020-03-05,Tech,0.45410690476190474
2020-03-06,Tech,0.16232433333333335
2020-03-09,Tech,0.03956707692307692
2020-03-10,Tech,-0.12830999999999998
2020-03-11,Tech,0.261495
2020-03-12,Tech,0.08924833333333333
2020-03-13,Tech,-0.12807571428571426
2020-03-16,Tech,0.22537464285714287
2020-03-17,Tech,-0.15499619047619045
2020-03-18,Tech,0.19785783333333334
2020-03-19,Tech,-0.16733166666666666
2020-03-20,Tech,-0.14115333333333333
2020-03-23,Tech,0.2023
2020-03-24,Tech,0.18370166666666665
2020-03-25,Tech,0.4845202083333333
2020-03-26,Tech,0.14734000000000003
2020-03-27,Tech,0.2892468888888889
2020-03-30,Tech,0.3383550000000001
2020-03-31,Tech,0.29503333333333337
2020-04-01,Tech,0.018877333333333322
2020-04-02,Tech,0.27771999999999997
2020-04-03,Tech,0.17213125
2020-04-06,Tech,-0.21993333333333337
2020-04-07,Tech,0.31925136363636364
2020-04-08,Tech,0.17432799999999998
2020-04-09,Tech,0.2672468571428571
2020-04-13,Tech,0.23119666666666666
2020-04-14,Tech,0.19768988095238096
2020-04-15,Tech,0.582098761904762
2020-04-16,Tech,0.101396
2020-04-17,Tech,0.30889855555555557
2020-04-20,Tech,0.12616207142857144
2020-04-21,Tech,0.2569941666666667
2020-04-22,Tech,-0.33059000000000005
2020-04-23,Tech,0.31620952380952383
2020-04-24,Tech,0.28985285714285713
2020-04-27,Tech,0.06105967741935483
2020-04-28,Tech,0.15723877922077922
2020-04-29,Tech,0.10864623015873016
2020-04-30,Tech,0.210487
2020-05-01,Tech,0.11000399999999999
2020-05-04,Tech,-0.05006666666666667
2020-05-05,Tech,0.37395588235294114
2020-05-06,Tech,0.2416875
2020-05-07,Tech,0.16321416666666666
2020-05-08,Tech,0.29087199999999996
2020-05-11,Tech,0.5721064285714286
2020-05-12,Tech,0.12826677777777779
2020-05-13,Tech,-0.04530033333333333
2020-05-14,Tech,0.19830277777777777
2020-05-15,Tech,0.14902500000000002
2020-05-18,Tech,0.04287619047619048
2020-05-19,Tech,0.049402380952380955
2020-05-20,Tech,0.10255666666666667
2020-05-21,Tech,0.24350166666666667
2020-05-22,Tech,0.06914722222222222
2020-05-26,Tech,-0.153394
2020-05-27,Tech,0.09062119047619048
2020-05-28,Tech,0.15682333333333334
2020-05-29,Tech,0.10966000000000001
2020-06-01,Tech,-0.014441250000000013
2020-06-02,Tech,0.14087666666666665
2020-06-03,Tech,0.22830266666666668
2020-06-04,Tech,0.42201
2020-06-05,Tech,0.1507666666666667
2020-06-08,Tech,0.21694814814814814
2020-06-09,Tech,0.09585333333333333
2020-06-10,Tech,0.29664238095238094
2020-06-11,Tech,0.01658125
2020-06-12,Tech,0.21306458333333333
2020-06-15,Tech,0.11026666666666668
2020-06-16,Tech,0.18420833333333334
2020-06-17,Tech,0.2732375
2020-06-18,Tech,0.053137500000000004
2020-06-19,Tech,0.083375
2020-06-22,Tech,-0.12040000000000001
2020-06-23,Tech,0.2096352380952381
2020-06-24,Tech,0.07456666666666667
2020-06-25,Tech,-0.30219583333333333
2020-06-26,Tech,-0.42828333333333335
2020-06-29,Tech,-0.054025
2020-06-30,Tech,0.19183333333333333
2020-07-01,Tech,0.39919
2020-07-02,Tech,0.18099999999999997
2020-07-06,Tech,0.295125
2020-07-07,Tech,0.04428625
2020-07-08,Tech,0.35015
2020-07-09,Tech,0.030240000000000003
2020-07-10,Tech,0.16613809523809522
2020-07-13,Tech,0.054877777777777775
2020-07-14,Tech,0.32982500000000003
2020-07-15,Tech,0.17097
2020-07-16,Tech,0.135525
2020-07-17,Tech,0.00449833333333334
2020-07-20,Tech,-0.032093333333333335
2020-07-21,Tech,0.1595073076923077
2020-07-22,Tech,0.28789750000000003
2020-07-23,Tech,0.24363888888888888
2020-07-24,Tech,0.26705555555555555
2020-07-27,Tech,0.18959619047619047
2020-07-28,Tech,0.17971011904761902
2020-07-29,Tech,0.0935827380952381
2020-07-30,Tech,0.2568321763833992
2020-07-31,Tech,0.030534974747474755
2020-08-03,Tech,0.26335
2020-08-04,Tech,0.15939222222222224
2020-08-05,Tech,0.2176309090909091
2020-08-06,Tech,0.07138839285714287
2020-08-07,Tech,0.190325
2020-08-10,Tech,0.31845
2020-08-11,Tech,0.15958333333333333
2020-08-12,Tech,0.24845166666666665
2020-08-13,Tech,0.03169285714285714
2020-08-14,Tech,0.07164761904761903
2020-08-17,Tech,0.27919583333333337
2020-08-18,Tech,-0.0011175000000000074
2020-08-19,Tech,0.04107083333333334
2020-08-20,Tech,0.09380833333333333
2020-08-21,Tech,-0.15131666666666668
2020-08-24,Tech,0.06362333333333334
2020-08-25,Tech,0.07713611111111113
2020-08-26,Tech,0.05148625
2020-08-27,Tech,0.18091944444444444
2020-08-28,Tech,0.12994791666666666
2020-08-31,Tech,0.49533333333333335
2020-09-01,Tech,0.13762738095238095
2020-09-02,Tech,0.019481250000000006
2020-09-03,Tech,0.3311253968253968
2020-09-04,Tech,0.12549166666666667
2020-09-08,Tech,0.2797875
2020-09-09,Tech,0.0
2020-09-10,Tech,0.09683125000000001
2020-09-11,Tech,0.15872222222222224
2020-09-14,Tech,0.2659111111111111
2020-09-15,Tech,0.126475
2020-09-16,Tech,-0.1113833333333333
2020-09-17,Tech,0.4053999999999999
2020-09-18,Tech,0.3163492063492064
2020-09-21,Tech,0.0
2020-09-22,Tech,0.029588888888888887
2020-09-23,Tech,0.10902222222222223
2020-09-24,Tech,-0.05135
2020-09-25,Tech,0.15489375
2020-09-28,Tech,-0.038233333333333334
2020-09-29,Tech,0.24196041666666665
2020-09-30,Tech,0.3205166666666666
2020-10-01,Tech,0.125975
2020-10-02,Tech,0.0
2020-10-05,Tech,0.16598666666666667
2020-10-06,Tech,0.2924866666666667
2020-10-07,Tech,0.0008055555555555594
2020-10-08,Tech,0.33195
2020-10-09,Tech,0.1166031746031746
2020-10-12,Tech,0.24694166666666667
2020-10-13,Tech,0.18307916666666668
2020-10-14,Tech,-0.06399999999999999
2020-10-15,Tech,0.007166666666666666
2020-10-16,Tech,0.18224583333333333
2020-10-19,Tech,0.13092222222222225
2020-10-20,Tech,-0.033934374999999996
2020-10-21,Tech,0.14126249999999999
2020-10-22,Tech,0.17803750000000002
2020-10-23,Tech,0.28084375
2020-10-26,Tech,0.1290340909090909
2020-10-27,Tech,0.05966919642857143
2020-10-28,Tech,0.16540778571428572
2020-10-29,Tech,0.10808928571428572
2020-10-30,Tech,0.170545
2020-11-02,Tech,0.0929
2020-11-03,Tech,0.139085
2020-11-04,Tech,0.26425
2020-11-05,Tech,0.08407833333333334
2020-11-06,Tech,0.1655903846153846
2020-11-09,Tech,0.2843166666666667
2020-11-10,Tech,-0.049791666666666665
2020-11-11,Tech,-0.05637583333333334
2020-11-12,Tech,0.23808809523809524
2020-11-13,Tech,0.23108333333333334
2020-11-16,Tech,-0.011291111111111104
2020-11-17,Tech,0.35775833333333334
2020-11-18,Tech,0.37318333333333326
2020-11-19,Tech,0.25051875
2020-11-20,Tech,-0.026587499999999993
2020-11-23,Tech,0.23048888888888888
2020-11-24,Tech,0.08877499999999999
2020-11-25,Tech,0.0
2020-11-27,Tech,0.12424444444444445
2020-11-30,Tech,0.15293333333333334
2020-12-01,Tech,0.03912708333333333
2020-12-02,Tech,0.07980833333333333
2020-12-03,Tech,0.20024375
2020-12-04,Tech,-0.06475555555555555
2020-12-07,Tech,0.2138375
2020-12-08,Tech,0.12645
2020-12-09,Tech,0.13448749999999998
2020-12-10,Tech,0.3018591666666667
2020-12-11,Tech,0.32591666666666663
2020-12-14,Tech,0.10508041666666668
2020-12-15,Tech,0.09489500000000001
2020-12-16,Tech,0.10724333333333334
2020-12-17,Tech,0.10756666666666666
2020-12-18,Tech,0.2908928571428571
2020-12-21,Tech,0.28745
2020-12-22,Tech,0.12327333333333333
2020-12-23,Tech,0.20185
2020-12-24,Tech,0.2049
2020-12-28,Tech,0.20768333333333333
2020-12-29,Tech,0.24318194444444444
2020-12-30,Tech,-0.07313624999999999
2020-12-31,Tech,0.21244375
2021-01-04,Tech,0.20435
2021-01-05,Tech,0.1948
2021-01-06,Tech,0.07074375
2021-01-07,Tech,0.15588444444444446
2021-01-08,Tech,0.031656666666666666
2021-01-11,Tech,-0.003658333333333333
2021-01-12,Tech,0.17367673611111112
2021-01-13,Tech,0.066025
2021-01-14,Tech,0.11379565217391303
2021-01-15,Tech,0.23356666666666667
2021-01-19,Tech,0.0901225
2021-01-20,Tech,0.036226666666666664
2021-01-21,Tech,0.11877499999999999
2021-01-22,Tech,0.23047708333333333
2021-01-25,Tech,0.14326083333333334
2021-01-26,Tech,0.16346858974358974
2021-01-27,Tech,0.28394888888888886
2021-01-28,Tech,0.3733777777777778
2021-01-29,Tech,-0.10381388888888887
2021-02-01,Tech,0.13175625
2021-02-02,Tech,0.2842746428571429
2021-02-03,Tech,0.40635
2021-02-04,Tech,0.2373875
2021-02-05,Tech,0.14937243867243868
2021-02-08,Tech,0.21494166666666667
2021-02-09,Tech,0.19317499999999999
2021-02-10,Tech,0.05666666666666667
2021-02-11,Tech,-0.028625000000000005
2021-02-12,Tech,0.019776666666666665
2021-02-16,Tech,0.11841666666666668
2021-02-17,Tech,0.0483625
2021-02-18,Tech,0.2140022222222222
2021-02-19,Tech,0.088275
2021-02-22,Tech,0.22086666666666668
2021-02-23,Tech,0.23552499999999998
2021-02-24,Tech,0.23183125
2021-02-25,Tech,0.2503722222222222
2021-02-26,Tech,-0.00785
2021-03-01,Tech,0.11974722222222223
2021-03-02,Tech,0.0807625
2021-03-03,Tech,-0.052466666666666655
2021-03-04,Tech,0.3404
2021-03-05,Tech,0.08723333333333333
2021-03-08,Tech,0.12480000000000001
2021-03-09,Tech,0.2452125
2021-03-10,Tech,-0.012631249999999997
2021-03-11,Tech,0.2083
2021-03-12,Tech,0.10174642857142857
2021-03-15,Tech,0.23511666666666667
2021-03-16,Tech,0.043179999999999996
2021-03-17,Tech,-0.023805000000000003
2021-03-18,Tech,0.32783333333333337
2021-03-19,Tech,0.3678444444444444
2021-03-22,Tech,0.148
2021-03-23,Tech,0.09926374999999998
2021-03-24,Tech,0.2343375
2021-03-25,Tech,0.007347794117647058
2021-03-26,Tech,0.030883333333333332
2021-03-29,Tech,-0.053489583333333326
2021-03-30,Tech,0.20929375
2021-03-31,Tech,0.35508888888888884
2021-04-01,Tech,0.09447777777777777
2021-04-05,Tech,-0.02151749999999998
2021-04-06,Tech,0.29307962962962963
2021-04-07,Tech,-0.07585111111111112
2021-04-08,Tech,0.007983333333333334
2021-04-09,Tech,0.06525
2021-04-12,Tech,0.2734361111111111
2021-04-13,Tech,0.09599374999999999
2021-04-14,Tech,0.1364388888888889
2021-04-15,Tech,0.09248333333333333
2021-04-16,Tech,0.20173750000000001
2021-04-19,Tech,0.021410000000000002
2021-04-20,Tech,0.058910476190476194
2021-04-21,Tech,0.08261250000000002
2021-04-22,Tech,0.054837500000000004
2021-04-23,Tech,0.2805225
2021-04-26,Tech,0.10628621794871795
2021-04-27,Tech,0.10357407407407408
2021-04-28,Tech,0.184735
2021-04-29,Tech,0.09603279220779222
2021-04-30,Tech,0.1658714285714286
2021-05-03,Tech,0.02694166666666666
2021-05-04,Tech,0.04942361111111112
2021-05-05,Tech,-0.014508333333333337
2021-05-06,Tech,0.21639444444444444
2021-05-07,Tech,0.18491666666666665
2021-05-10,Tech,0.2519777777777778
2021-05-11,Tech,0.005888888888888888
2021-05-12,Tech,0.04053333333333333
2021-05-13,Tech,0.22020000000000003
2021-05-14,Tech,-0.0252875
2021-05-17,Tech,0.05689444444444444
2021-05-18,Tech,0.07626666666666666
2021-05-19,Tech,0.35885
2021-05-20,Tech,-0.19401428571428572
2021-05-21,Tech,0.16495583333333333
2021-05-24,Tech,0.2834
2021-05-25,Tech,0.33765
2021-05-26,Tech,-0.04800666666666666
2021-05-27,Tech,0.325525
2021-05-28,Tech,0.22606499999999996
2021-06-01,Tech,0.1454125
2021-06-02,Tech,0.11973333333333334
2021-06-03,Tech,0.13198333333333334
2021-06-04,Tech,0.08251666666666667
2021-06-07,Tech,0.15014333333333332
2021-06-08,Tech,0.297036875
2021-06-09,Tech,0.3763
2021-06-10,Tech,0.21001250000000002
2021-06-11,Tech,0.14963437500000001
2021-06-14,Tech,-0.007481249999999995
2021-06-15,Tech,-0.013186249999999997
2021-06-16,Tech,0.0
2021-06-17,Tech,0.13639166666666666
2021-06-18,Tech,-0.013618148148148155
2021-06-21,Tech,0.10966312499999999
2021-06-22,Tech,0.12927812500000002
2021-06-23,Tech,0.059400000000000015
2021-06-24,Tech,0.09089333333333334
2021-06-25,Tech,0.26868333333333333
2021-06-28,Tech,0.5199
2021-06-29,Tech,0.06652166666666667
2021-06-30,Tech,0.33261875
2021-07-01,Tech,0.10346444444444447
2021-07-02,Tech,0.16049166666666664
2021-07-06,Tech,-0.08375555555555557
2021-07-07,Tech,0.23829999999999998
2021-07-08,Tech,0.34613333333333335
2021-07-09,Tech,0.205025
2021-07-12,Tech,0.22415833333333332
2021-07-13,Tech,0.13435416666666666
2021-07-14,Tech,0.16463333333333333
2021-07-15,Tech,0.017360000000000004
2021-07-16,Tech,-0.049715714285714294
2021-07-19,Tech,0.08456038461538462
2021-07-20,Tech,-0.04544077380952381
2021-07-21,Tech,0.12433749999999999
2021-07-22,Tech,0.11396875000000001
2021-07-23,Tech,0.03855555555555554
2021-07-26,Tech,-0.04865791666666667
2021-07-27,Tech,0.118890625
2021-07-28,Tech,0.1052020202020202
2021-07-29,Tech,0.1997577380952381
2021-07-30,Tech,0.19117291666666666
2021-08-02,Tech,0.363025
2021-08-03,Tech,0.10725608465608466
2021-08-04,Tech,0.12255694444444444
2021-08-05,Tech,-0.03536249999999999
2021-08-06,Tech,0.10112559523809525
2021-08-09,Tech,0.07719000000000001
2021-08-10,Tech,0.10206874999999999
2021-08-11,Tech,0.14422
2021-08-12,Tech,0.0
2021-08-13,Tech,0.38633333333333336
2021-08-16,Tech,0.038825
2021-08-17,Tech,0.07106
2021-08-18,Tech,-0.02628666666666667
2021-08-19,Tech,0.3069455
2021-08-20,Tech,0.032457142857142865
2021-08-23,Tech,-0.10403
2021-08-24,Tech,0.1289818181818182
2021-08-25,Tech,0.08502857142857141
2021-08-26,Tech,0.011455555555555556
2021-08-27,Tech,0.313285
2021-08-30,Tech,-0.017557500000000007
2021-08-31,Tech,0.32964333333333334
2021-09-01,Tech,-0.02590833333333334
2021-09-02,Tech,-0.040555555555555546
2021-09-03,Tech,0.3401625
2021-09-07,Tech,0.258025
2021-09-08,Tech,0.15814666666666666
2021-09-09,Tech,0.13435416666666666
2021-09-10,Tech,0.18947166666666665
2021-09-13,Tech,-0.10527333333333336
2021-09-14,Tech,0.03742766666666666
2021-09-15,Tech,0.194275
2021-09-16,Tech,0.10454910714285713
2021-09-17,Tech,0.21394333333333332
2021-09-20,Tech,-0.004446666666666654
2021-09-21,Tech,0.3002633333333334
2021-09-22,Tech,0.12351928571428569
2021-09-23,Tech,0.04273866666666667
2021-09-24,Tech,0.04324833333333335
2021-09-27,Tech,0.178675
2021-09-28,Tech,0.19013233333333335
2021-09-29,Tech,0.03281866666666668
2021-09-30,Tech,0.21318166666666666
2021-10-01,Tech,0.16957166666666665
2021-10-04,Tech,-0.171766
2021-10-05,Tech,0.19552607142857142
2021-10-06,Tech,0.16059
2021-10-07,Tech,0.12396229166666664
2021-10-08,Tech,-0.010751666666666677
2021-10-11,Tech,0.05983433333333334
2021-10-12,Tech,0.23374444444444445
2021-10-13,Tech,0.2212156666666667
2021-10-14,Tech,0.12900833333333334
2021-10-15,Tech,0.089475
2021-10-18,Tech,0.160025
2021-10-19,Tech,0.07482845238095237
2021-10-20,Tech,0.31696
2021-10-21,Tech,0.19067333333333333
2021-10-22,Tech,0.090328
2021-10-25,Tech,0.2323961111111111
2021-10-26,Tech,-0.03788958333333334
2021-10-27,Tech,0.10071119047619048
2021-10-28,Tech,0.07895410714285714
2021-10-29,Tech,0.25319
2021-11-01,Tech,0.075685
2021-11-02,Tech,0.25267833333333334
2021-11-03,Tech,0.1972304761904762
2021-11-04,Tech,0.23579066666666665
2021-11-05,Tech,0.24336476828434725
2021-11-08,Tech,0.13797
2021-11-09,Tech,0.076508
2021-11-10,Tech,0.1839375
2021-11-11,Tech,0.05687611111111111
2021-11-12,Tech,0.27074621212121214
2021-11-15,Tech,0.10120625
2021-11-16,Tech,0.17136041666666665
2021-11-17,Tech,0.24374128787878785
2021-11-18,Tech,0.04425359477124183
2021-11-19,Tech,0.11157553366174056
2021-11-22,Tech,0.11194736842105263
2021-11-23,Tech,0.2101459393939394
2021-11-24,Tech,0.357356
2021-11-26,Tech,-0.017913888888888882
2021-11-29,Tech,-0.05662500000000001
2021-11-30,Tech,0.15172166233766235
2021-12-01,Tech,0.02726966666666667
2021-12-02,Tech,-0.042864999999999986
2021-12-03,Tech,0.16322424242424244
2021-12-06,Tech,0.1825247767857143
2021-12-07,Tech,0.17363701010101013
2021-12-08,Tech,0.3060493778280543
2021-12-09,Tech,0.0659532738095238
2021-12-10,Tech,0.17226018181818178
2021-12-13,Tech,0.16965757575757578
2021-12-14,Tech,0.086905
2021-12-15,Tech,0.02833083333333334
2021-12-16,Tech,0.20152577777777778
2021-12-17,Tech,-0.010282083333333332
2021-12-20,Tech,-0.14333
2021-12-21,Tech,-0.041205666666666654
2021-12-22,Tech,0.13405555555555554
2021-12-23,Tech,0.5457966666666667
2021-12-27,Tech,0.10068833333333331
2021-12-28,Tech,0.17461294642857145
2021-12-29,Tech,0.22759413636363637
2021-12-30,Tech,0.08391722222222221
2021-12-31,Tech,0.16375
2022-01-03,Tech,0.23956985714285714
2022-01-04,Tech,0.3728925595238095
2022-01-05,Tech,0.03572705882352942
2022-01-06,Tech,0.03946600000000001
2022-01-07,Tech,0.15982
2022-01-10,Tech,-0.05404333333333333
2022-01-11,Tech,0.08916916666666666
2022-01-12,Tech,0.135884
2022-01-13,Tech,0.161616
2022-01-14,Tech,0.27086022222222217
2022-01-18,Tech,0.20481952380952378
2022-01-19,Tech,0.22002833333333333
2022-01-20,Tech,0.16232458333333333
2022-01-21,Tech,0.21796442857142856
2022-01-24,Tech,0.057435606060606055
2022-01-25,Tech,0.084875337995338
2022-01-26,Tech,0.06341066666666666
2022-01-27,Tech,0.11328206880838461
2022-01-28,Tech,0.15815392992424243
2022-01-31,Tech,0.19652133333333335
2022-02-01,Tech,0.11085966666666666
2022-02-02,Tech,0.1762444074074074
2022-02-03,Tech,0.24852802961223178
2022-02-04,Tech,0.2018558412698413
2022-02-07,Tech,0.06909583333333334
2022-02-08,Tech,0.08864738095238094
2022-02-09,Tech,0.2347222619047619
2022-02-10,Tech,0.18170861538461539
2022-02-11,Tech,0.05082250000000001
2022-02-14,Tech,0.04423944444444444
2022-02-15,Tech,0.06035766025641025
2022-02-16,Tech,0.1775171633986928
2022-02-17,Tech,0.1483216862745098
2022-02-18,Tech,0.11552493333333333
2022-02-22,Tech,0.187162
2022-02-23,Tech,0.19598805555555554
2022-02-24,Tech,0.1978388888888889
2022-02-25,Tech,0.09888000000000001
2022-02-28,Tech,-0.046735714285714276
2022-03-01,Tech,0.16917560606060605
2022-03-02,Tech,0.15706
2022-03-03,Tech,0.23633625000000003
2022-03-04,Tech,0.10565878787878788
2022-03-07,Tech,0.03437719047619048
2022-03-08,Tech,-0.008055309523809515
2022-03-09,Tech,0.16539791666666667
2022-03-10,Tech,0.09263628571428571
2022-03-11,Tech,0.29992230769230777
2022-03-14,Tech,0.07941400000000001
2022-03-15,Tech,0.22997311111111113
2022-03-16,Tech,0.12134399855699854
2022-03-17,Tech,0.18293530844155845
2022-03-18,Tech,0.10188916666666667
2022-03-21,Tech,0.15067466666666668
2022-03-22,Tech,0.15811333333333333
2022-03-23,Tech,0.14666933333333332
2022-03-24,Tech,0.09725690909090909
2022-03-25,Tech,0.14806621445221446
2022-03-28,Tech,0.0736925
2022-03-29,Tech,0.26842
2022-03-30,Tech,0.1084229761904762
2022-03-31,Tech,0.13714533333333334
2022-04-01,Tech,0.1205884126984127
2022-04-04,Tech,0.08065608391608392
2022-04-05,Tech,0.11694782894736841
2022-04-06,Tech,1.959935897435927e-05
2022-04-07,Tech,0.1552212857142857
2022-04-08,Tech,0.23719142857142855
2022-04-11,Tech,0.39634
2022-04-12,Tech,0.213447506993007
2022-04-13,Tech,0.12285428571428572
2022-04-14,Tech,0.12133833333333333
2022-04-18,Tech,0.020271666666666667
2022-04-19,Tech,0.04543272727272728
2022-04-20,Tech,0.16238755555555556
2022-04-21,Tech,0.17666375
2022-04-22,Tech,0.04760023809523809
2022-04-25,Tech,0.07675000000000001
2022-04-26,Tech,0.14848335714285715
2022-04-27,Tech,0.11403933333333334
2022-04-28,Tech,0.15924866666666668
2022-04-29,Tech,0.12216164772727273
2022-05-02,Tech,0.019402510822510818
2022-05-03,Tech,0.06565666666666667
2022-05-04,Tech,0.02059968253968254
2022-05-05,Tech,-0.04309447115384616
2022-05-06,Tech,0.24226916666666667
2022-05-09,Tech,0.07282428571428572
2022-05-10,Tech,0.08754051282051283
2022-05-11,Tech,0.24195564102564102
2022-05-12,Tech,0.09778178571428572
2022-05-13,Tech,0.01813916666666666
2022-05-16,Tech,0.14291848484848485
2022-05-17,Tech,0.05096711111111111
2022-05-18,Tech,0.2132910989010989
2022-05-19,Tech,0.1526725
2022-05-20,Tech,0.16040198863636362
2022-05-23,Tech,0.28715416666666665
2022-05-24,Tech,0.1714156591478697
2022-05-25,Tech,0.24001999999999998
2022-05-26,Tech,0.05617888888888889
2022-05-27,Tech,0.26281438596491224
2022-05-31,Tech,0.032118888888888884
2022-06-01,Tech,0.28861166666666666
2022-06-02,Tech,0.1893076388888889
2022-06-03,Tech,0.09290214285714285
2022-06-06,Tech,0.09922066666666667
2022-06-07,Tech,0.040275000000000005
2022-06-08,Tech,0.11386866666666666
2022-06-09,Tech,0.0805003125
2022-06-10,Tech,0.069794
2022-06-13,Tech,0.104895
2022-06-14,Tech,0.10258151587301587
2022-06-15,Tech,0.14968666666666666
2022-06-16,Tech,0.334414
2022-06-17,Tech,0.05206396536796537
2022-06-21,Tech,0.13449708333333335
2022-06-22,Tech,0.057887142857142845
2022-06-23,Tech,0.2405147619047619
2022-06-24,Tech,0.15304666666666666
2022-06-27,Tech,-0.009807999999999994
2022-06-28,Tech,0.21274980952380954
2022-06-29,Tech,0.05522964285714286
2022-06-30,Tech,0.12494444444444444
2022-07-01,Tech,0.11368711111111111
2022-07-05,Tech,0.1142720238095238
2022-07-06,Tech,0.10275000000000001
2022-07-07,Tech,0.14308400000000002
2022-07-08,Tech,0.17061242857142858
2022-07-11,Tech,0.06285999999999999
2022-07-12,Tech,0.2371707142857143
2022-07-13,Tech,0.1152452380952381
2022-07-14,Tech,0.0388604761904762
2022-07-15,Tech,0.1570682142857143
2022-07-18,Tech,0.17787357142857144
2022-07-19,Tech,0.24356414285714284
2022-07-20,Tech,0.11397133333333334
2022-07-21,Tech,0.16424571428571427
2022-07-22,Tech,0.19003333333333333
2022-07-25,Tech,0.183292
2022-07-26,Tech,0.07502172727272727
2022-07-27,Tech,0.023094444444444442
2022-07-28,Tech,0.11989857142857144
2022-07-29,Tech,0.0406648106060606
2022-08-01,Tech,0.266669269005848
2022-08-02,Tech,0.25132472222222224
2022-08-03,Tech,-0.05703845238095236
2022-08-04,Tech,0.18013214285714285
2022-08-05,Tech,0.050596666666666665
2022-08-08,Tech,0.1328666666666667
2022-08-09,Tech,0.11676574074074074
2022-08-10,Tech,0.04982444444444444
2022-08-11,Tech,0.04294528571428571
2022-08-12,Tech,0.09682928571428571
2022-08-15,Tech,0.309581
2022-08-16,Tech,0.16131819047619048
2022-08-17,Tech,0.19299066666666667
2022-08-18,Tech,0.047900000000000005
2022-08-19,Tech,0.11686800000000001
2022-08-22,Tech,0.16227
2022-08-23,Tech,0.2540783333333333
2022-08-24,Tech,0.121564
2022-08-25,Tech,0.10637579831932772
2022-08-26,Tech,0.2153675
2022-08-29,Tech,0.1601212380952381
2022-08-30,Tech,0.06935666666666666
2022-08-31,Tech,0.1192015
2022-09-01,Tech,0.09456770833333333
2022-09-02,Tech,-0.01043066526610643
2022-09-06,Tech,0.2464422857142857
2022-09-07,Tech,0.15615016666666665
2022-09-08,Tech,0.11681833333333333
2022-09-09,Tech,0.037015000000000006
2022-09-12,Tech,0.14664866666666668
2022-09-13,Tech,0.029740357142857148
2022-09-14,Tech,-0.0008000000000000007
2022-09-15,Tech,0.08958983333333333
2022-09-16,Tech,-0.006999608695652177
2022-09-19,Tech,0.06043914285714286
2022-09-20,Tech,0.06847733333333332
2022-09-21,Tech,0.06011059523809524
2022-09-22,Tech,0.04481397435897437
2022-09-23,Tech,0.10734628571428573
2022-09-26,Tech,0.04182371428571429
2022-09-27,Tech,0.10008011904761904
2022-09-28,Tech,0.17762250793650797
2022-09-29,Tech,-0.03704542857142856
2022-09-30,Tech,0.0904715
2022-10-03,Tech,-0.1387766666666667
2022-10-04,Tech,0.3503107142857143
2022-10-05,Tech,0.25642467532467533
2022-10-06,Tech,0.13143627777777778
2022-10-07,Tech,-0.14514416666666666
2022-10-10,Tech,-0.02991427432216906
2022-10-11,Tech,0.017382666666666657
2022-10-12,Tech,-0.0006708333333333358
2022-10-13,Tech,0.003685000000000005
2022-10-14,Tech,-0.012432857142857145
2022-10-17,Tech,0.08079
2022-10-18,Tech,0.036336
2022-10-19,Tech,0.06108400000000001
2022-10-20,Tech,-0.08324666666666668
2022-10-21,Tech,0.22935166666666668
2022-10-24,Tech,0.060576000000000005
2022-10-25,Tech,-0.013160714285714284
2022-10-26,Tech,0.022017500000000013
2022-10-27,Tech,0.2868266666666667
2022-10-28,Tech,0.0031720000000000025
2022-10-31,Tech,0.15635984848484846
2022-11-01,Tech,0.1256205
2022-11-02,Tech,0.137828
2022-11-03,Tech,0.176846
2022-11-04,Tech,0.013932738095238088
2022-11-07,Tech,0.0893125
2022-11-08,Tech,0.1397207619047619
2022-11-09,Tech,0.1192595238095238
2022-11-10,Tech,-0.012774999999999995
2022-11-11,Tech,0.0773083076923077
2022-11-14,Tech,0.2158892857142857
2022-11-15,Tech,0.05477509157509157
2022-11-16,Tech,0.13552250000000002
2022-11-17,Tech,-0.010378333333333335
2022-11-18,Tech,0.045782
2022-11-21,Tech,0.2388
2022-11-22,Tech,0.176582
2022-11-23,Tech,0.020345000000000002
2022-11-25,Tech,0.19465625
2022-11-28,Tech,-0.12333333333333334
2022-11-29,Tech,0.057077923076923075
2022-11-30,Tech,-0.08916533333333333
2022-12-01,Tech,0.031120000000000016
2022-12-02,Tech,0.22766350000000002
2022-12-05,Tech,0.10841440476190475
2022-12-06,Tech,0.07935714285714286
2022-12-07,Tech,0.006490666666666675
2022-12-08,Tech,0.23063228571428573
2022-12-09,Tech,0.15548916666666668
2022-12-12,Tech,0.13170625000000002
2022-12-13,Tech,0.15417880952380952
2022-12-14,Tech,0.2037391865079365
2022-12-15,Tech,0.03996333333333334
2022-12-16,Tech,-0.07848642857142857
2022-12-19,Tech,0.15218291666666667
2022-12-20,Tech,0.012095333333333328
2022-12-21,Tech,0.19426041666666666
2022-12-22,Tech,0.17409314285714284
2022-12-23,Tech,-0.1314381666666667
2022-12-27,Tech,0.08078416666666666
2022-12-28,Tech,-0.03605619047619048
2022-12-29,Tech,0.1082625
2022-12-30,Tech,0.17852666666666667
2023-01-03,Tech,0.011907714285714285
2023-01-04,Tech,0.05666666666666667
2023-01-05,Tech,0.0344045
2023-01-06,Tech,0.22351533333333334
2023-01-09,Tech,0.3024309523809524
2023-01-10,Tech,0.12115619047619046
2023-01-11,Tech,0.23811809523809524
2023-01-12,Tech,0.06118666666666667
2023-01-13,Tech,0.05665833333333333
2023-01-17,Tech,0.100065
2023-01-18,Tech,0.20255499999999999
2023-01-19,Tech,0.23502714285714282
2023-01-20,Tech,0.019511111111111108
2023-01-23,Tech,0.08266799999999999
2023-01-24,Tech,0.096227343358396
2023-01-25,Tech,0.12083770833333332
2023-01-26,Tech,0.061449166666666666
2023-01-27,Tech,0.06663473015873016
2023-01-30,Tech,-0.026963762626262624
2023-01-31,Tech,0.09781333333333334
2023-02-01,Tech,0.0031839393939393943
2023-02-02,Tech,-0.03846761250953471
2023-02-03,Tech,0.23045749999999998
2023-02-06,Tech,0.018639999999999997
2023-02-07,Tech,0.23641583333333333
2023-02-08,Tech,0.14656266666666667
2023-02-09,Tech,0.12985732142857143
2023-02-10,Tech,0.2603373333333333
2023-02-13,Tech,0.013994444444444452
2023-02-14,Tech,0.21571932773109243
2023-02-15,Tech,0.23456030303030304
2023-02-16,Tech,-0.0070519999999999914
2023-02-17,Tech,0.2031307792207792
2023-02-21,Tech,0.10610181818181819
2023-02-22,Tech,0.14573333333333333
2023-02-23,Tech,0.12259900000000001
2023-02-24,Tech,0.039898613821138205
2023-02-27,Tech,0.03909116666666666
2023-02-28,Tech,0.08698992063492064
2023-03-01,Tech,0.31204464285714284
2023-03-02,Tech,0.2037263492063492
2023-03-03,Tech,0.08789595238095238
2023-03-06,Tech,0.2400908888888889
2023-03-07,Tech,0.09771251282051281
2023-03-08,Tech,0.11298444444444444
2023-03-09,Tech,0.10579111111111113
2023-03-10,Tech,0.1660287878787879
2023-03-13,Tech,0.07694375
2023-03-14,Tech,0.062061
2023-03-15,Tech,0.19093854166666666
2023-03-16,Tech,0.030805238095238097
2023-03-17,Tech,0.16128356818181816
2023-03-20,Tech,0.11391433333333331
2023-03-21,Tech,0.12454066666666667
2023-03-22,Tech,0.08605766666666667
2023-03-23,Tech,0.0671015037593985
2023-03-24,Tech,0.1831457142857143
2023-03-27,Tech,0.0646697619047619
2023-03-28,Tech,0.1433102051282051
2023-03-29,Tech,0.13835555555555554
2023-03-30,Tech,0.20965305555555552
2023-03-31,Tech,0.20848609523809522
2023-04-03,Tech,0.16368316666666666
2023-04-04,Tech,0.15822701776384535
2023-04-05,Tech,0.13741923376623374
2023-04-06,Tech,0.10214276315789475
2023-04-10,Tech,0.31843076923076924
2023-04-11,Tech,0.22129611111111108
2023-04-12,Tech,0.062146
2023-04-13,Tech,0.132108
2023-04-14,Tech,0.08424567857142858
2023-04-17,Tech,0.16722580952380955
2023-04-18,Tech,0.13280434523809523
2023-04-19,Tech,0.2118623809523809
2023-04-20,Tech,0.07153599999999999
2023-04-21,Tech,0.03188877777777779
2023-04-24,Tech,0.07156671428571429
2023-04-25,Tech,0.2529088888888889
2023-04-26,Tech,0.26722047619047623
2023-04-27,Tech,0.10826700000000003
2023-04-28,Tech,0.08111166666666667
2023-05-01,Tech,0.10426714285714285
2023-05-02,Tech,0.16738458730158728
2023-05-03,Tech,0.08903125
2023-05-04,Tech,0.12441493976611624
2023-05-05,Tech,0.0629326507936508
2023-05-08,Tech,0.019781904761904757
2023-05-09,Tech,0.10642428571428572
2023-05-10,Tech,-0.029811858974358965
2023-05-11,Tech,0.1319825
2023-05-12,Tech,0.025232670454545452
2023-05-15,Tech,0.10566458333333334
2023-05-16,Tech,0.18090694805194804
2023-05-17,Tech,0.13101466666666667
2023-05-18,Tech,0.15775263636363637
2023-05-19,Tech,0.13407916666666667
2023-05-22,Tech,0.2679575
2023-05-23,Tech,0.027541326007326006
2023-05-24,Tech,0.23763
2023-05-25,Tech,0.04572333333333334
2023-05-26,Tech,0.3164434790741174
2023-05-30,Tech,0.15828780487804878
2023-05-31,Tech,0.1354889508196721
2023-06-01,Tech,0.09350586510590858
2023-06-02,Tech,0.20917004504504505
2023-06-05,Tech,0.068608
2023-06-06,Tech,0.08402712121212122
2023-06-07,Tech,0.04144276190476189
2023-06-08,Tech,0.1680131111111111
2023-06-09,Tech,0.16028283982683983
2023-06-12,Tech,0.12160333333333333
2023-06-13,Tech,0.1619891111111111
2023-06-14,Tech,0.1710634285714286
2023-06-15,Tech,0.20711929234851834
2023-06-16,Tech,0.14838666527021366
2023-06-20,Tech,0.1566112391304348
2023-06-21,Tech,0.10460968181818182
2023-06-22,Tech,0.013860833333333333
2023-06-23,Tech,0.14728333333333335
2023-06-26,Tech,0.14638253968253967
2023-06-27,Tech,0.17795971717171716
2023-06-28,Tech,0.18909455555555557
2023-06-29,Tech,-0.013229585737074978
2023-06-30,Tech,0.08419614285714286
2023-07-03,Tech,0.1070048387096774
2023-07-05,Tech,0.3085673333333333
2023-07-06,Tech,0.21590850793650795
2023-07-07,Tech,0.03997554556554557
2023-07-10,Tech,0.05835
2023-07-11,Tech,0.1457678096757044
2023-07-12,Tech,0.14993020146520147
2023-07-13,Tech,0.16585458201058204
2023-07-14,Tech,0.16165111111111113
2023-07-17,Tech,0.13210742307692308
2023-07-18,Tech,0.12574874725274726
2023-07-19,Tech,0.2849304782608696
2023-07-20,Tech,0.19034291666666667
2023-07-21,Tech,0.08162852097902099
2023-07-24,Tech,0.10325842424242423
2023-07-25,Tech,0.19200696969696968
2023-07-26,Tech,0.07076780952380952
2023-07-27,Tech,0.10857198601398602
2023-07-28,Tech,0.19629431104789
2023-07-31,Tech,0.28032960361067505
2023-08-01,Tech,0.22253774074074073
2023-08-02,Tech,0.24171682352941176
2023-08-03,Tech,-0.0041860593512767445
2023-08-04,Tech,0.06885992544492545
2023-08-07,Tech,0.12228583333333334
2023-08-08,Tech,0.029200238095238095
2023-08-09,Tech,0.13216904761904763
2023-08-10,Tech,0.14316283333333332
2023-08-11,Tech,0.06296376470588236
2023-08-14,Tech,0.15161444444444444
2023-08-15,Tech,0.17380664502164503
2023-08-16,Tech,0.15733128571428573
2023-08-17,Tech,0.1520218181818182
2023-08-18,Tech,0.11260453398453399
2023-08-21,Tech,0.21574208333333333
2023-08-22,Tech,0.07520351458885942
2023-08-23,Tech,0.10508859523809524
2023-08-24,Tech,0.2277911774891775
2023-08-25,Tech,0.15477368530020702
2023-08-28,Tech,0.13879721040189125
2023-08-29,Tech,0.20375580178686561
2023-08-30,Tech,0.21270338095238098
2023-08-31,Tech,0.13996812324929972
2023-09-01,Tech,0.1485055238095238
2023-09-05,Tech,0.23791857142857148
2023-09-06,Tech,0.19261033333333336
2023-09-07,Tech,0.13273653333333332
2023-09-08,Tech,0.10708977777777777
2023-09-11,Tech,0.0771199222999223
2023-09-12,Tech,0.2625574611801242
2023-09-13,Tech,0.0740973
2023-09-14,Tech,0.35938428571428566
2023-09-15,Tech,0.20904943518518518
2023-09-18,Tech,-0.03624555779569893
2023-09-19,Tech,0.13516643439319304
2023-09-20,Tech,0.071045
2023-09-21,Tech,-0.006526365079365071
2023-09-22,Tech,0.18747512500000002
2023-09-25,Tech,0.08194833333333333
2023-09-26,Tech,0.08121184981684981
2023-09-27,Tech,0.04826428571428571
2023-09-28,Tech,0.10769706666666667
2023-09-29,Tech,0.03756697435897436
2023-10-02,Tech,0.08870766233766234
2023-10-03,Tech,0.19926972327672327
2023-10-04,Tech,0.23829141025641026
2023-10-05,Tech,0.10438378461538463
2023-10-06,Tech,0.2056025641025641
2023-10-09,Tech,0.10167835164835166
2023-10-10,Tech,0.11792279319510898
2023-10-11,Tech,0.1175830989010989
2023-10-12,Tech,0.16190360846560847
2023-10-13,Tech,0.13996416666666667
2023-10-16,Tech,0.17577261904761904
2023-10-17,Tech,0.17381147619047618
2023-10-18,Tech,0.08716797185477061
2023-10-19,Tech,0.06205719141323792
2023-10-20,Tech,0.12057602564102565
2023-10-23,Tech,0.11146108695652175
2023-10-24,Tech,0.15971497685185185
2023-10-25,Tech,0.19402198801198803
2023-10-26,Tech,0.1684673245614035
2023-10-27,Tech,0.14664576470588236
2023-10-30,Tech,0.2206561785341096
2023-10-31,Tech,0.042380770562770564
2023-11-01,Tech,0.11814279316888046
2023-11-02,Tech,0.156972132505176
2023-11-03,Tech,0.23756159999999998
2023-11-06,Tech,0.214274
2023-11-07,Tech,0.20911915584415586
2023-11-08,Tech,0.3735267676767677
2023-11-09,Tech,0.06877950000000001
2023-11-10,Tech,0.27178761904761906
2023-11-13,Tech,0.2627562536231884
2023-11-14,Tech,0.1603763068783069
2023-11-15,Tech,0.30173787774294675
2023-11-16,Tech,0.08365572871572871
2023-11-17,Tech,0.12041257936507939
2023-11-20,Tech,0.1833348
2023-11-21,Tech,0.23845624113475178
2023-11-22,Tech,0.1670058625730994
2023-11-24,Tech,0.12500977124183005
2023-11-27,Tech,0.13583914285714288
2023-11-28,Tech,0.1823488888888889
2023-11-29,Tech,0.1850297619047619
2023-11-30,Tech,0.2418485714285714
2023-12-01,Tech,0.13183785714285717
2023-12-04,Tech,0.08965960784313726
2023-12-05,Tech,0.20034216246498598
2023-12-06,Tech,0.15949696078431372
2023-12-07,Tech,0.2086561111111111
2023-12-08,Tech,0.17918230476190475
2023-12-11,Tech,0.23029703937997487
2023-12-12,Tech,0.1295466530612245
2023-12-13,Tech,0.12272976984126985
2023-12-14,Tech,0.19266578431372547
2023-12-15,Tech,0.15120725
2023-12-18,Tech,0.11332220202020202
2023-12-19,Tech,0.12116450680272109
2023-12-20,Tech,0.21230000000000002
2023-12-21,Tech,-0.012939999999999997
2023-12-22,Tech,0.203625
2023-12-26,Tech,0.19412000000000001
2023-12-27,Tech,0.37260000000000004
2023-12-28,Tech,0.181675
2023-12-29,Tech,0.13560999999999998
2020-01-02,Utilities,
2020-01-03,Utilities,0.6369
2020-01-06,Utilities,0.17303333333333334
2020-01-07,Utilities,0.011312500000000003
2020-01-08,Utilities,0.6369
2020-01-09,Utilities,0.27973333333333333
2020-01-10,Utilities,0.074
2020-01-13,Utilities,0.2614958333333333
2020-01-14,Utilities,0.006599999999999999
2020-01-15,Utilities,0.2927166666666667
2020-01-16,Utilities,0.10642083333333334
2020-01-17,Utilities,0.13266041666666667
2020-01-21,Utilities,0.1450608888888889
2020-01-22,Utilities,0.16699
2020-01-23,Utilities,0.17324583333333332
2020-01-24,Utilities,-0.035124999999999997
2020-01-27,Utilities,0.19892800000000002
2020-01-28,Utilities,0.0010980158730158757
2020-01-29,Utilities,0.019550000000000005
2020-01-30,Utilities,0.16526875000000002
2020-01-31,Utilities,0.2739183333333333
2020-02-03,Utilities,0.14127499999999998
2020-02-04,Utilities,0.27975625000000004
2020-02-05,Utilities,0.1489375
2020-02-06,Utilities,0.05735666666666667
2020-02-07,Utilities,0.18895
2020-02-10,Utilities,0.22214791666666667
2020-02-11,Utilities,0.16160625
2020-02-12,Utilities,0.232325
2020-02-13,Utilities,0.3746208333333333
2020-02-14,Utilities,0.2270575
2020-02-18,Utilities,0.19511375
2020-02-19,Utilities,0.3500613095238095
2020-02-20,Utilities,0.17388181818181817
2020-02-21,Utilities,0.12662748717948719
2020-02-24,Utilities,0.44171
2020-02-25,Utilities,0.056410666666666665
2020-02-26,Utilities,0.3117
2020-02-27,Utilities,0.36515833333333336
2020-02-28,Utilities,0.3648083333333333
2020-03-02,Utilities,-0.1383125
2020-03-03,Utilities,0.25744666666666666
2020-03-04,Utilities,0.0071874999999999994
2020-03-05,Utilities,0.5907116666666666
2020-03-06,Utilities,0.09324166666666667
2020-03-09,Utilities,0.1729125
2020-03-10,Utilities,-0.27857291666666667
2020-03-11,Utilities,0.27871250000000003
2020-03-12,Utilities,0.04209166666666667
2020-03-13,Utilities,-0.07143113095238096
2020-03-16,Utilities,0.2471375
2020-03-17,Utilities,0.2732754761904762
2020-03-18,Utilities,0.49524166666666664
2020-03-19,Utilities,0.38556250000000003
2020-03-20,Utilities,0.23957777777777778
2020-03-23,Utilities,0.11968958333333332
2020-03-24,Utilities,0.006768392857142841
2020-03-25,Utilities,0.38545
2020-03-26,Utilities,0.4557041666666667
2020-03-27,Utilities,0.12445000000000002
2020-03-30,Utilities,0.4939927777777778
2020-03-31,Utilities,0.20398035714285714
2020-04-01,Utilities,-0.17609375
2020-04-02,Utilities,-0.14230833333333331
2020-04-03,Utilities,0.07491666666666667
2020-04-06,Utilities,0.27299999999999996
2020-04-07,Utilities,0.4456645833333333
2020-04-08,Utilities,0.26403583333333336
2020-04-09,Utilities,0.10695
2020-04-13,Utilities,0.52905
2020-04-14,Utilities,-0.006820416666666662
2020-04-15,Utilities,0.21045999999999998
2020-04-16,Utilities,0.004046250000000005
2020-04-17,Utilities,0.260425
2020-04-20,Utilities,0.3832455357142857
2020-04-21,Utilities,-0.004647666666666675
2020-04-22,Utilities,-0.15459
2020-04-23,Utilities,0.027149632352941166
2020-04-24,Utilities,0.1761375
2020-04-27,Utilities,-0.004883333333333332
2020-04-28,Utilities,0.3074409722222222
2020-04-29,Utilities,0.2794166666666667
2020-04-30,Utilities,0.09706666666666668
2020-05-01,Utilities,0.16319
2020-05-04,Utilities,0.144221875
2020-05-05,Utilities,0.20845000000000002
2020-05-06,Utilities,0.12999454545454547
2020-05-07,Utilities,0.17490916666666667
2020-05-08,Utilities,0.14364333333333335
2020-05-11,Utilities,0.12554757575757575
2020-05-12,Utilities,0.23801458333333333
2020-05-13,Utilities,0.19939625
2020-05-14,Utilities,0.37966666666666665
2020-05-15,Utilities,0.18259
2020-05-18,Utilities,0.1668552380952381
2020-05-19,Utilities,0.2887791666666667
2020-05-20,Utilities,0.2732
2020-05-21,Utilities,0.04806666666666665
2020-05-22,Utilities,0.3151525
2020-05-26,Utilities,0.10415
2020-05-27,Utilities,0.13396666666666665
2020-05-28,Utilities,0.2149875
2020-05-29,Utilities,0.12490000000000001
2020-06-01,Utilities,0.21371666666666667
2020-06-02,Utilities,0.06806666666666666
2020-06-03,Utilities,0.21880833333333335
2020-06-04,Utilities,0.0
2020-06-05,Utilities,-0.038973333333333325
2020-06-08,Utilities,0.1113875
2020-06-09,Utilities,0.7906
2020-06-10,Utilities,0.358825
2020-06-11,Utilities,0.0
2020-06-12,Utilities,0.0
2020-06-15,Utilities,0.2732
2020-06-16,Utilities,0.54005
2020-06-17,Utilities,0.1875
2020-06-18,Utilities,0.0
2020-06-19,Utilities,0.18185
2020-06-22,Utilities,0.32135
2020-06-23,Utilities,0.02232777777777778
2020-06-24,Utilities,0.0683
2020-06-25,Utilities,-0.1027
2020-06-26,Utilities,0.0
2020-06-29,Utilities,0.11333333333333334
2020-06-30,Utilities,0.0
2020-07-01,Utilities,0.17
2020-07-02,Utilities,0.176
2020-07-06,Utilities,0.8074
2020-07-07,Utilities,0.23807149758454105
2020-07-08,Utilities,-0.1796
2020-07-09,Utilities,-0.09633611111111111
2020-07-10,Utilities,0.17556666666666665
2020-07-13,Utilities,0.4989
2020-07-14,Utilities,0.020249999999999997
2020-07-15,Utilities,0.2732
2020-07-16,Utilities,0.529
2020-07-17,Utilities,0.142975
2020-07-20,Utilities,0.3197
2020-07-21,Utilities,0.0131
2020-07-22,Utilities,0.1495
2020-07-23,Utilities,0.1495
2020-07-24,Utilities,0.15332500000000002
2020-07-27,Utilities,0.4156666666666667
2020-07-28,Utilities,-0.013293749999999993
2020-07-29,Utilities,0.2202
2020-07-30,Utilities,0.17923333333333333
2020-07-31,Utilities,0.1701
2020-08-03,Utilities,0.173875
2020-08-04,Utilities,0.3444666666666667
2020-08-05,Utilities,0.3929666666666667
2020-08-06,Utilities,-0.03423333333333333
2020-08-07,Utilities,0.10345
2020-08-10,Utilities,0.0
2020-08-11,Utilities,0.07400555555555555
2020-08-12,Utilities,0.3568
2020-08-13,Utilities,0.10769999999999999
2020-08-14,Utilities,0.0
2020-08-17,Utilities,0.6369
2020-08-18,Utilities,0.473775
2020-08-19,Utilities,0.4576
2020-08-20,Utilities,0.4576
2020-08-21,Utilities,0.18508
2020-08-24,Utilities,0.32785
2020-08-25,Utilities,-0.03001666666666669
2020-08-26,Utilities,0.3243
2020-08-27,Utilities,0.35112999999999994
2020-08-28,Utilities,0.20095
2020-08-31,Utilities,0.20095
2020-09-01,Utilities,0.03904333333333333
2020-09-02,Utilities,0.0
2020-09-03,Utilities,0.5934666666666667
2020-09-04,Utilities,0.49135
2020-09-08,Utilities,0.2023
2020-09-09,Utilities,-0.24588000000000002
2020-09-10,Utilities,0.743
2020-09-11,Utilities,0.0
2020-09-14,Utilities,0.4019
2020-09-15,Utilities,0.11473749999999999
2020-09-16,Utilities,0.016975
2020-09-17,Utilities,0.1192125
2020-09-18,Utilities,0.1192125
2020-09-21,Utilities,0.0
2020-09-22,Utilities,0.5574
2020-09-23,Utilities,0.4404
2020-09-24,Utilities,0.0
2020-09-25,Utilities,0.0
2020-09-28,Utilities,0.0
2020-09-29,Utilities,0.10927333333333333
2020-09-30,Utilities,0.1366
2020-10-01,Utilities,0.3589233333333333
2020-10-02,Utilities,0.4404
2020-10-05,Utilities,0.5106
2020-10-06,Utilities,0.5583625
2020-10-07,Utilities,0.34676666666666667
2020-10-08,Utilities,0.36976666666666663
2020-10-09,Utilities,0.0
2020-10-12,Utilities,0.2023
2020-10-13,Utilities,0.4767
2020-10-14,Utilities,-0.022499999999999992
2020-10-15,Utilities,0.2732
2020-10-16,Utilities,0.5719
2020-10-19,Utilities,0.5719
2020-10-20,Utilities,0.29755
2020-10-21,Utilities,0.0
2020-10-22,Utilities,0.12047222222222222
2020-10-23,Utilities,0.16886666666666664
2020-10-26,Utilities,0.204175
2020-10-27,Utilities,0.0643875
2020-10-28,Utilities,0.08895
2020-10-29,Utilities,0.0
2020-10-30,Utilities,0.230925
2020-11-02,Utilities,0.1366
2020-11-03,Utilities,-0.02381666666666667
2020-11-04,Utilities,0.28595
2020-11-05,Utilities,0.016541666666666666
2020-11-06,Utilities,0.419925
2020-11-09,Utilities,0.14980000000000002
2020-11-10,Utilities,0.15142857142857144
2020-11-11,Utilities,0.2732
2020-11-12,Utilities,0.14784999999999998
2020-11-13,Utilities,0.3165166666666667
2020-11-16,Utilities,0.3165166666666667
2020-11-17,Utilities,-0.11735
2020-11-18,Utilities,-0.11735
2020-11-19,Utilities,0.2083
2020-11-20,Utilities,0.0104625
2020-11-23,Utilities,0.05303333333333333
2020-11-24,Utilities,0.3072166666666667
2020-11-25,Utilities,0.2023
2020-11-27,Utilities,0.37870000000000004
2020-11-30,Utilities,0.5267
2020-12-01,Utilities,0.1361125
2020-12-02,Utilities,0.2732
2020-12-03,Utilities,0.2823875
2020-12-04,Utilities,0.2823875
2020-12-07,Utilities,0.22615000000000002
2020-12-08,Utilities,0.2732
2020-12-09,Utilities,0.33873333333333333
2020-12-10,Utilities,0.57375
2020-12-11,Utilities,0.16083333333333336
2020-12-14,Utilities,0.14049999999999999
2020-12-15,Utilities,0.07491666666666666
2020-12-16,Utilities,0.07491666666666666
2020-12-17,Utilities,0.0
2020-12-18,Utilities,0.20631666666666668
2020-12-21,Utilities,0.2732
2020-12-22,Utilities,0.33035000000000003
2020-12-23,Utilities,0.148
2020-12-24,Utilities,0.1366
2020-12-28,Utilities,0.1366
2020-12-29,Utilities,0.4134333333333333
2020-12-30,Utilities,0.4134333333333333
2020-12-31,Utilities,0.0
2021-01-04,Utilities,0.4404
2021-01-05,Utilities,0.32893333333333336
2021-01-06,Utilities,0.21230000000000002
2021-01-07,Utilities,0.21230000000000002
2021-01-08,Utilities,0.1366
2021-01-11,Utilities,0.16861666666666666
2021-01-12,Utilities,0.3454
2021-01-13,Utilities,0.49425
2021-01-14,Utilities,0.20827777777777778
2021-01-15,Utilities,-0.3818
2021-01-19,Utilities,0.4404
2021-01-20,Utilities,0.045533333333333335
2021-01-21,Utilities,0.15105
2021-01-22,Utilities,0.0
2021-01-25,Utilities,0.1661
2021-01-26,Utilities,0.19028333333333336
2021-01-27,Utilities,0.281575
2021-01-28,Utilities,0.4959
2021-01-29,Utilities,0.31026666666666664
2021-02-01,Utilities,0.18926666666666667
2021-02-02,Utilities,0.5081
2021-02-03,Utilities,0.2732
2021-02-04,Utilities,0.11023888888888889
2021-02-05,Utilities,0.2809
2021-02-08,Utilities,0.11273333333333334
2021-02-09,Utilities,0.21815
2021-02-10,Utilities,0.2732
2021-02-11,Utilities,0.10099999999999999
2021-02-12,Utilities,-0.012074999999999999
2021-02-16,Utilities,0.16837333333333335
2021-02-17,Utilities,0.29295
2021-02-18,Utilities,0.2889
2021-02-19,Utilities,0.27950833333333336
2021-02-22,Utilities,0.60075
2021-02-23,Utilities,0.2732
2021-02-24,Utilities,0.2549333333333333
2021-02-25,Utilities,-0.05313333333333333
2021-02-26,Utilities,0.0
2021-03-01,Utilities,-0.2516
2021-03-02,Utilities,0.0623
2021-03-03,Utilities,-0.07089999999999999
2021-03-04,Utilities,0.2023
2021-03-05,Utilities,0.5563
2021-03-08,Utilities,0.19469999999999998
2021-03-09,Utilities,-0.100475
2021-03-10,Utilities,-0.0853
2021-03-11,Utilities,0.3919
2021-03-12,Utilities,0.3919
2021-03-15,Utilities,0.28175
2021-03-16,Utilities,0.24906666666666666
2021-03-17,Utilities,0.06388888888888888
2021-03-18,Utilities,0.06388888888888888
2021-03-19,Utilities,0.17
2021-03-22,Utilities,0.17
2021-03-23,Utilities,0.17
2021-03-24,Utilities,0.0683
2021-03-25,Utilities,0.0683
2021-03-26,Utilities,0.3792333333333333
2021-03-29,Utilities,0.296
2021-03-30,Utilities,0.47358749999999994
2021-03-31,Utilities,0.0
2021-04-01,Utilities,0.1366
2021-04-05,Utilities,0.07048888888888889
2021-04-06,Utilities,0.04320000000000001
2021-04-07,Utilities,0.0
2021-04-08,Utilities,0.1366
2021-04-09,Utilities,0.3996
2021-04-12,Utilities,0.2732
2021-04-13,Utilities,0.33926666666666666
2021-04-14,Utilities,0.0758888888888889
2021-04-15,Utilities,0.4279625
2021-04-16,Utilities,0.36005
2021-04-19,Utilities,0.36005
2021-04-20,Utilities,0.113075
2021-04-21,Utilities,0.3276
2021-04-22,Utilities,0.20835
2021-04-23,Utilities,0.18547499999999997
2021-04-26,Utilities,0.09106666666666667
2021-04-27,Utilities,0.1999
2021-04-28,Utilities,0.07541666666666667
2021-04-29,Utilities,0.17826666666666666
2021-04-30,Utilities,0.24695
2021-05-03,Utilities,0.197405
2021-05-04,Utilities,0.33525
2021-05-05,Utilities,0.3594
2021-05-06,Utilities,0.07373333333333333
2021-05-07,Utilities,0.0
2021-05-10,Utilities,0.1897333333333333
2021-05-11,Utilities,0.4433392857142857
2021-05-12,Utilities,0.4433392857142857
2021-05-13,Utilities,0.359
2021-05-14,Utilities,0.1909
2021-05-17,Utilities,0.5106
2021-05-18,Utilities,0.1366
2021-05-19,Utilities,0.1806
2021-05-20,Utilities,0.6908
2021-05-21,Utilities,0.19334999999999997
2021-05-24,Utilities,0.21230000000000002
2021-05-25,Utilities,0.28036666666666665
2021-05-26,Utilities,0.2732
2021-05-27,Utilities,0.3715
2021-05-28,Utilities,0.36345
2021-06-01,Utilities,0.2732
2021-06-02,Utilities,0.2732
2021-06-03,Utilities,0.43463333333333337
2021-06-04,Utilities,0.0
2021-06-07,Utilities,0.62465
2021-06-08,Utilities,0.62465
2021-06-09,Utilities,0.2083
2021-06-10,Utilities,0.1366
2021-06-11,Utilities,0.0
2021-06-14,Utilities,0.0
2021-06-15,Utilities,0.23534166666666667
2021-06-16,Utilities,0.6249
2021-06-17,Utilities,0.0
2021-06-18,Utilities,0.4019
2021-06-21,Utilities,0.0
2021-06-22,Utilities,0.08749375
2021-06-23,Utilities,0.08749375
2021-06-24,Utilities,-0.13797500000000001
2021-06-25,Utilities,0.5488500000000001
2021-06-28,Utilities,0.7096
2021-06-29,Utilities,0.34165
2021-06-30,Utilities,0.29583333333333334
2021-07-01,Utilities,0.24695
2021-07-02,Utilities,0.1366
2021-07-06,Utilities,0.2732
2021-07-07,Utilities,0.2214
2021-07-08,Utilities,0.296
2021-07-09,Utilities,0.6348499999999999
2021-07-12,Utilities,0.1366
2021-07-13,Utilities,0.014600000000000002
2021-07-14,Utilities,0.10455
2021-07-15,Utilities,0.34
2021-07-16,Utilities,-0.3182
2021-07-19,Utilities,0.3231833333333333
2021-07-20,Utilities,0.056833333333333326
2021-07-21,Utilities,0.1366
2021-07-22,Utilities,-0.07955
2021-07-23,Utilities,0.04895
2021-07-26,Utilities,0.3239666666666667
2021-07-27,Utilities,0.33912916666666665
2021-07-28,Utilities,0.0
2021-07-29,Utilities,0.0
2021-07-30,Utilities,0.09951666666666666
2021-08-02,Utilities,0.0
2021-08-03,Utilities,-0.08843333333333332
2021-08-04,Utilities,0.0
2021-08-05,Utilities,0.1366
2021-08-06,Utilities,0.17333333333333334
2021-08-09,Utilities,0.166275
2021-08-10,Utilities,0.2533166666666667
2021-08-11,Utilities,0.2436
2021-08-12,Utilities,0.0683
2021-08-13,Utilities,0.060275
2021-08-16,Utilities,0.243
2021-08-17,Utilities,0.14350416666666668
2021-08-18,Utilities,0.296
2021-08-19,Utilities,0.296
2021-08-20,Utilities,0.296
2021-08-23,Utilities,0.5144333333333333
2021-08-24,Utilities,-0.006933333333333329
2021-08-25,Utilities,-0.07744444444444444
2021-08-26,Utilities,0.0116
2021-08-27,Utilities,0.0116
2021-08-30,Utilities,0.0
2021-08-31,Utilities,0.36600000000000005
2021-09-01,Utilities,-0.1366
2021-09-02,Utilities,0.1733
2021-09-03,Utilities,0.29569999999999996
2021-09-07,Utilities,0.0
2021-09-08,Utilities,0.12164999999999998
2021-09-09,Utilities,0.0
2021-09-10,Utilities,0.0
2021-09-13,Utilities,0.36124999999999996
2021-09-14,Utilities,0.047183333333333334
2021-09-15,Utilities,0.100475
2021-09-16,Utilities,0.5488500000000001
2021-09-17,Utilities,0.31070000000000003
2021-09-20,Utilities,-0.3182
2021-09-21,Utilities,0.16972500000000001
2021-09-22,Utilities,0.42405
2021-09-23,Utilities,0.5917
2021-09-24,Utilities,0.37877500000000003
2021-09-27,Utilities,0.37877500000000003
2021-09-28,Utilities,0.3046125
2021-09-29,Utilities,-0.01466666666666667
2021-09-30,Utilities,0.26335
2021-10-01,Utilities,-0.13302222222222224
2021-10-04,Utilities,0.0
2021-10-05,Utilities,-0.13883333333333334
2021-10-06,Utilities,0.0683
2021-10-07,Utilities,0.0683
2021-10-08,Utilities,0.4939
2021-10-11,Utilities,0.4939
2021-10-12,Utilities,0.15591666666666665
2021-10-13,Utilities,0.0
2021-10-14,Utilities,-0.1909
2021-10-15,Utilities,-0.042899999999999994
2021-10-18,Utilities,0.2772
2021-10-19,Utilities,0.16975
2021-10-20,Utilities,0.03612
2021-10-21,Utilities,0.33813999999999994
2021-10-22,Utilities,0.33813999999999994
2021-10-25,Utilities,0.3538
2021-10-26,Utilities,0.3654
2021-10-27,Utilities,0.1366
2021-10-28,Utilities,0.0734
2021-10-29,Utilities,-0.13874999999999998
2021-11-01,Utilities,0.2732
2021-11-02,Utilities,0.2936
2021-11-03,Utilities,0.0
2021-11-04,Utilities,0.01811666666666668
2021-11-05,Utilities,0.13350833333333334
2021-11-08,Utilities,0.24895
2021-11-09,Utilities,0.09106666666666667
2021-11-10,Utilities,-0.015749999999999993
2021-11-11,Utilities,0.0
2021-11-12,Utilities,-0.0043
2021-11-15,Utilities,0.4215
2021-11-16,Utilities,0.5260833333333333
2021-11-17,Utilities,0.11315
2021-11-18,Utilities,0.31845
2021-11-19,Utilities,0.09866666666666667
2021-11-22,Utilities,0.29295
2021-11-23,Utilities,0.17057777777777774
2021-11-24,Utilities,0.0
2021-11-26,Utilities,0.34
2021-11-29,Utilities,0.34
2021-11-30,Utilities,0.2875
2021-12-01,Utilities,0.292825
2021-12-02,Utilities,0.045533333333333335
2021-12-03,Utilities,0.0
2021-12-06,Utilities,0.4153
2021-12-07,Utilities,0.2612333333333333
2021-12-08,Utilities,0.424975
2021-12-09,Utilities,-0.2732
2021-12-10,Utilities,-0.2732
2021-12-13,Utilities,0.296
2021-12-14,Utilities,0.35165
2021-12-15,Utilities,0.1815
2021-12-16,Utilities,0.09106666666666667
2021-12-17,Utilities,0.0
2021-12-20,Utilities,0.0
2021-12-21,Utilities,0.2880666666666667
2021-12-22,Utilities,0.5794
2021-12-23,Utilities,0.0
2021-12-27,Utilities,0.4576
2021-12-28,Utilities,-0.10115
2021-12-29,Utilities,-0.01056666666666665
2021-12-30,Utilities,0.2197166666666667
2021-12-31,Utilities,0.47882499999999995
2022-01-03,Utilities,0.1366
2022-01-04,Utilities,0.07545
2022-01-05,Utilities,0.20779999999999998
2022-01-06,Utilities,0.20395000000000002
2022-01-07,Utilities,0.296
2022-01-10,Utilities,0.2454333333333333
2022-01-11,Utilities,0.45451250000000004
2022-01-12,Utilities,0.148
2022-01-13,Utilities,0.0
2022-01-14,Utilities,0.26381666666666664
2022-01-18,Utilities,0.129225
2022-01-19,Utilities,0.4126625
2022-01-20,Utilities,0.18092666666666668
2022-01-21,Utilities,0.3859375
2022-01-24,Utilities,0.20318
2022-01-25,Utilities,0.06109166666666666
2022-01-26,Utilities,0.34456458333333334
2022-01-27,Utilities,0.30034999999999995
2022-01-28,Utilities,0.4215833333333333
2022-01-31,Utilities,0.22712666666666664
2022-02-01,Utilities,0.22370416666666665
2022-02-02,Utilities,0.3771
2022-02-03,Utilities,0.29823333333333335
2022-02-04,Utilities,0.3041625
2022-02-07,Utilities,0.40746041666666666
2022-02-08,Utilities,0.14033333333333334
2022-02-09,Utilities,0.26043333333333335
2022-02-10,Utilities,0.34496666666666664
2022-02-11,Utilities,0.19678
2022-02-14,Utilities,0.147532
2022-02-15,Utilities,0.24826
2022-02-16,Utilities,0.3371
2022-02-17,Utilities,0.15103333333333332
2022-02-18,Utilities,0.19669833333333334
2022-02-22,Utilities,0.0409375
2022-02-23,Utilities,0.066884
2022-02-24,Utilities,0.11479444444444446
2022-02-25,Utilities,0.146175
2022-02-28,Utilities,0.1591
2022-03-01,Utilities,0.2690722222222222
2022-03-02,Utilities,0.29710416666666667
2022-03-03,Utilities,0.0
2022-03-04,Utilities,-0.1591
2022-03-07,Utilities,0.19538333333333335
2022-03-08,Utilities,0.21910833333333332
2022-03-09,Utilities,0.05769999999999999
2022-03-10,Utilities,0.035449999999999995
2022-03-11,Utilities,0.062360000000000006
2022-03-14,Utilities,0.5574
2022-03-15,Utilities,0.07681666666666666
2022-03-16,Utilities,0.23775000000000002
2022-03-17,Utilities,0.15
2022-03-18,Utilities,0.07665
2022-03-21,Utilities,0.4019
2022-03-22,Utilities,0.07522
2022-03-23,Utilities,0.52945
2022-03-24,Utilities,0.2732
2022-03-25,Utilities,0.2732
2022-03-28,Utilities,0.06589999999999999
2022-03-29,Utilities,0.35389333333333334
2022-03-30,Utilities,0.06812666666666667
2022-03-31,Utilities,0.5673333333333334
2022-04-01,Utilities,0.2969625
2022-04-04,Utilities,0.38966666666666666
2022-04-05,Utilities,0.1858
2022-04-06,Utilities,0.27115
2022-04-07,Utilities,0.38558333333333333
2022-04-08,Utilities,0.17498888888888886
2022-04-11,Utilities,0.17498888888888886
2022-04-12,Utilities,0.2553
2022-04-13,Utilities,0.284875
2022-04-14,Utilities,0.4939
2022-04-18,Utilities,0.22555
2022-04-19,Utilities,0.2732
2022-04-20,Utilities,0.2612666666666667
2022-04-21,Utilities,0.0129
2022-04-22,Utilities,0.32770166666666667
2022-04-25,Utilities,0.11149866666666668
2022-04-26,Utilities,0.24474375
2022-04-27,Utilities,0.3597
2022-04-28,Utilities,0.18115555555555554
2022-04-29,Utilities,0.31569
2022-05-02,Utilities,0.3003777777777778
2022-05-03,Utilities,0.19405777777777777
2022-05-04,Utilities,0.40181666666666666
2022-05-05,Utilities,0.31524285714285716
2022-05-06,Utilities,0.2073616666666666
2022-05-09,Utilities,0.215625
2022-05-10,Utilities,0.2807145833333333
2022-05-11,Utilities,0.0
2022-05-12,Utilities,0.06743333333333333
2022-05-13,Utilities,0.007808333333333338
2022-05-16,Utilities,0.41287499999999994
2022-05-17,Utilities,0.2732
2022-05-18,Utilities,0.31206
2022-05-19,Utilities,0.0
2022-05-20,Utilities,0.276575
2022-05-23,Utilities,0.06638055555555555
2022-05-24,Utilities,0.1938625
2022-05-25,Utilities,0.21023750000000002
2022-05-26,Utilities,0.18213333333333334
2022-05-27,Utilities,0.16945
2022-05-31,Utilities,0.3818
2022-06-01,Utilities,0.1860375
2022-06-02,Utilities,0.4337125
2022-06-03,Utilities,0.5295
2022-06-06,Utilities,0.18145
2022-06-07,Utilities,0.1963222222222222
2022-06-08,Utilities,0.20395
2022-06-09,Utilities,0.3246666666666667
2022-06-10,Utilities,0.10734666666666666
2022-06-13,Utilities,0.283775
2022-06-14,Utilities,0.126945
2022-06-15,Utilities,0.1557166666666667
2022-06-16,Utilities,0.0
2022-06-17,Utilities,0.03946000000000001
2022-06-21,Utilities,0.0893
2022-06-22,Utilities,-0.1531
2022-06-23,Utilities,0.3825033333333333
2022-06-24,Utilities,0.255
2022-06-27,Utilities,0.1591
2022-06-28,Utilities,0.16445714285714286
2022-06-29,Utilities,0.19215416666666668
2022-06-30,Utilities,0.19032499999999997
2022-07-01,Utilities,0.14246
2022-07-05,Utilities,-0.055299999999999995
2022-07-06,Utilities,0.45594999999999997
2022-07-07,Utilities,0.4032
2022-07-08,Utilities,0.3174166666666666
2022-07-11,Utilities,0.16378333333333334
2022-07-12,Utilities,0.15499166666666667
2022-07-13,Utilities,0.15499166666666667
2022-07-14,Utilities,0.13396666666666665
2022-07-15,Utilities,0.10898333333333333
2022-07-18,Utilities,0.2730533333333333
2022-07-19,Utilities,0.21922533333333333
2022-07-20,Utilities,0.16368749999999999
2022-07-21,Utilities,0.10946249999999999
2022-07-22,Utilities,0.10825
2022-07-25,Utilities,0.298985
2022-07-26,Utilities,0.18688333333333332
2022-07-27,Utilities,0.19828800000000002
2022-07-28,Utilities,0.206345
2022-07-29,Utilities,0.30077476190476193
2022-08-01,Utilities,0.3563116666666667
2022-08-02,Utilities,0.1512
2022-08-03,Utilities,0.3249375
2022-08-04,Utilities,0.22877299999999998
2022-08-05,Utilities,0.3333952380952381
2022-08-08,Utilities,0.268175
2022-08-09,Utilities,0.22657166666666667
2022-08-10,Utilities,0.13548
2022-08-11,Utilities,0.2789466666666667
2022-08-12,Utilities,0.05034166666666665
2022-08-15,Utilities,0.4136
2022-08-16,Utilities,0.2270625
2022-08-17,Utilities,0.13069375
2022-08-18,Utilities,0.3844
2022-08-19,Utilities,0.32965
2022-08-22,Utilities,0.09446666666666666
2022-08-23,Utilities,0.3041916666666667
2022-08-24,Utilities,0.050875000000000004
2022-08-25,Utilities,0.388975
2022-08-26,Utilities,0.24612
2022-08-29,Utilities,0.2049
2022-08-30,Utilities,0.360375
2022-08-31,Utilities,0.04425
2022-09-01,Utilities,0.22106666666666666
2022-09-02,Utilities,0.11444000000000001
2022-09-06,Utilities,0.13214444444444443
2022-09-07,Utilities,0.2845
2022-09-08,Utilities,0.14854
2022-09-09,Utilities,0.11368333333333333
2022-09-12,Utilities,0.3106875
2022-09-13,Utilities,0.23996666666666666
2022-09-14,Utilities,0.0086
2022-09-15,Utilities,0.3314666666666667
2022-09-16,Utilities,0.29800166666666666
2022-09-19,Utilities,0.3941733333333334
2022-09-20,Utilities,0.22746
2022-09-21,Utilities,0.16465
2022-09-22,Utilities,0.53345
2022-09-23,Utilities,0.14293958333333334
2022-09-26,Utilities,0.19818333333333335
2022-09-27,Utilities,0.582484
2022-09-28,Utilities,0.12478333333333334
2022-09-29,Utilities,-0.04951666666666665
2022-09-30,Utilities,0.3818
2022-10-03,Utilities,0.0593
2022-10-04,Utilities,0.08222499999999999
2022-10-05,Utilities,0.11873124999999998
2022-10-06,Utilities,0.22012
2022-10-07,Utilities,0.0747
2022-10-10,Utilities,0.3498633333333333
2022-10-11,Utilities,0.45730000000000004
2022-10-12,Utilities,0.2722333333333333
2022-10-13,Utilities,0.022766666666666668
2022-10-14,Utilities,0.1366
2022-10-17,Utilities,0.25625833333333337
2022-10-18,Utilities,-0.09354
2022-10-19,Utilities,0.4255
2022-10-20,Utilities,-0.0050416666666666665
2022-10-21,Utilities,0.12504666666666667
2022-10-24,Utilities,0.16757499999999997
2022-10-25,Utilities,0.22193999999999997
2022-10-26,Utilities,0.22554166666666667
2022-10-27,Utilities,0.20196666666666666
2022-10-28,Utilities,0.16628583333333333
2022-10-31,Utilities,0.19152777777777774
2022-11-01,Utilities,0.4696166666666667
2022-11-02,Utilities,0.6709499999999999
2022-11-03,Utilities,0.3422125
2022-11-04,Utilities,0.31754166666666667
2022-11-07,Utilities,0.451705
2022-11-08,Utilities,0.03955499999999999
2022-11-09,Utilities,0.1897333333333333
2022-11-10,Utilities,0.18348750000000003
2022-11-11,Utilities,0.395275
2022-11-14,Utilities,0.11735999999999999
2022-11-15,Utilities,0.048155
2022-11-16,Utilities,0.2755
2022-11-17,Utilities,0.2215875
2022-11-18,Utilities,0.2215875
2022-11-21,Utilities,0.07875
2022-11-22,Utilities,0.1135875
2022-11-23,Utilities,0.0
2022-11-25,Utilities,0.24009999999999998
2022-11-28,Utilities,0.6486
2022-11-29,Utilities,0.2553
2022-11-30,Utilities,0.17276666666666665
2022-12-01,Utilities,0.16963333333333333
2022-12-02,Utilities,0.24657500000000002
2022-12-05,Utilities,0.42545
2022-12-06,Utilities,0.20786875
2022-12-07,Utilities,-0.038275
2022-12-08,Utilities,0.3615333333333333
2022-12-09,Utilities,-0.11315
2022-12-12,Utilities,0.09625833333333333
2022-12-13,Utilities,0.300475
2022-12-14,Utilities,0.211375
2022-12-15,Utilities,0.0
2022-12-16,Utilities,0.40754999999999997
2022-12-19,Utilities,0.365225
2022-12-20,Utilities,0.27981666666666666
2022-12-21,Utilities,0.409925
2022-12-22,Utilities,0.5818
2022-12-23,Utilities,0.0
2022-12-27,Utilities,0.45930000000000004
2022-12-28,Utilities,0.27115
2022-12-29,Utilities,0.1366
2022-12-30,Utilities,0.015149999999999997
2023-01-03,Utilities,0.25232
2023-01-04,Utilities,0.18076666666666666
2023-01-05,Utilities,0.19968750000000002
2023-01-06,Utilities,0.18598333333333333
2023-01-09,Utilities,0.04500000000000001
2023-01-10,Utilities,0.07377666666666667
2023-01-11,Utilities,-0.125
2023-01-12,Utilities,0.08693333333333335
2023-01-13,Utilities,0.09405000000000001
2023-01-17,Utilities,0.20248333333333335
2023-01-18,Utilities,0.4588
2023-01-19,Utilities,0.2732
2023-01-20,Utilities,0.16392
2023-01-23,Utilities,0.0628611111111111
2023-01-24,Utilities,0.14122333333333334
2023-01-25,Utilities,0.24128750000000002
2023-01-26,Utilities,0.307415
2023-01-27,Utilities,0.15686666666666665
2023-01-30,Utilities,0.30320833333333336
2023-01-31,Utilities,0.12533333333333335
2023-02-01,Utilities,0.18074583333333333
2023-02-02,Utilities,-0.02065
2023-02-03,Utilities,0.2474
2023-02-06,Utilities,0.3659541666666667
2023-02-07,Utilities,0.15076666666666666
2023-02-08,Utilities,0.2514208333333333
2023-02-09,Utilities,0.2994532828282828
2023-02-10,Utilities,0.2418375
2023-02-13,Utilities,-0.042666666666666665
2023-02-14,Utilities,0.22849583333333334
2023-02-15,Utilities,0.308712
2023-02-16,Utilities,0.221775
2023-02-17,Utilities,0.3259822916666667
2023-02-21,Utilities,0.19346666666666668
2023-02-22,Utilities,0.26067083333333335
2023-02-23,Utilities,0.18041666666666667
2023-02-24,Utilities,0.21710166666666667
2023-02-27,Utilities,0.24778
2023-02-28,Utilities,0.282837
2023-03-01,Utilities,0.26287499999999997
2023-03-02,Utilities,0.35366666666666663
2023-03-03,Utilities,0.09106666666666667
2023-03-06,Utilities,0.03463333333333334
2023-03-07,Utilities,0.1674875
2023-03-08,Utilities,0.08139666666666667
2023-03-09,Utilities,-0.018375000000000016
2023-03-10,Utilities,0.07955
2023-03-13,Utilities,0.27644583333333334
2023-03-14,Utilities,0.3269875
2023-03-15,Utilities,-0.004044444444444443
2023-03-16,Utilities,0.29046875
2023-03-17,Utilities,0.07514000000000001
2023-03-20,Utilities,0.25390416666666665
2023-03-21,Utilities,0.13736666666666666
2023-03-22,Utilities,0.1106875
2023-03-23,Utilities,0.045533333333333335
2023-03-24,Utilities,-0.016125
2023-03-27,Utilities,0.35015
2023-03-28,Utilities,0.09494375
2023-03-29,Utilities,0.41535625
2023-03-30,Utilities,0.07046250000000001
2023-03-31,Utilities,0.30986250000000004
2023-04-03,Utilities,0.1426111111111111
2023-04-04,Utilities,0.22460625
2023-04-05,Utilities,0.18112083333333334
2023-04-06,Utilities,0.135575
2023-04-10,Utilities,0.335875
2023-04-11,Utilities,0.1986583333333333
2023-04-12,Utilities,0.11949999999999998
2023-04-13,Utilities,0.3095111111111111
2023-04-14,Utilities,0.1800225
2023-04-17,Utilities,0.14492333333333335
2023-04-18,Utilities,0.1262625
2023-04-19,Utilities,0.10443666666666666
2023-04-20,Utilities,0.27201333333333333
2023-04-21,Utilities,0.11655733333333333
2023-04-24,Utilities,0.0
2023-04-25,Utilities,0.07439423076923077
2023-04-26,Utilities,0.1444257142857143
2023-04-27,Utilities,0.3234386904761905
2023-04-28,Utilities,0.21490533333333334
2023-05-01,Utilities,0.09463333333333333
2023-05-02,Utilities,0.015110000000000002
2023-05-03,Utilities,0.18566666666666665
2023-05-04,Utilities,0.3501633333333333
2023-05-05,Utilities,0.12695777777777775
2023-05-08,Utilities,0.20815
2023-05-09,Utilities,0.2549166666666667
2023-05-10,Utilities,0.16824285714285717
2023-05-11,Utilities,0.19761333333333334
2023-05-12,Utilities,0.29835833333333334
2023-05-15,Utilities,0.14690625000000002
2023-05-16,Utilities,0.2668166666666667
2023-05-17,Utilities,0.19306250000000003
2023-05-18,Utilities,0.1247375
2023-05-19,Utilities,0.17556666666666665
2023-05-22,Utilities,0.1827
2023-05-23,Utilities,0.10899999999999999
2023-05-24,Utilities,0.1531
2023-05-25,Utilities,0.1728
2023-05-26,Utilities,0.04933333333333333
2023-05-30,Utilities,0.22503333333333334
2023-05-31,Utilities,0.07665
2023-06-01,Utilities,0.3891
2023-06-02,Utilities,0.12245333333333334
2023-06-05,Utilities,0.2436
2023-06-06,Utilities,0.18046500000000001
2023-06-07,Utilities,0.18046500000000001
2023-06-08,Utilities,0.4035166666666667
2023-06-09,Utilities,0.15345999999999999
2023-06-12,Utilities,0.09582708333333334
2023-06-13,Utilities,0.04415833333333333
2023-06-14,Utilities,-0.040168333333333334
2023-06-15,Utilities,0.4089583333333333
2023-06-16,Utilities,0.018533333333333336
2023-06-20,Utilities,0.34970000000000007
2023-06-21,Utilities,-0.022499999999999992
2023-06-22,Utilities,0.21825555555555556
2023-06-23,Utilities,0.289875
2023-06-26,Utilities,0.19664166666666666
2023-06-27,Utilities,0.31494666666666665
2023-06-28,Utilities,0.07274499999999999
2023-06-29,Utilities,0.09106666666666667
2023-06-30,Utilities,0.13005
2023-07-03,Utilities,0.21216999999999997
2023-07-05,Utilities,0.18412777777777778
2023-07-06,Utilities,0.379425
2023-07-07,Utilities,0.18716533333333335
2023-07-10,Utilities,0.24284444444444445
2023-07-11,Utilities,0.16772
2023-07-12,Utilities,0.2601716666666667
2023-07-13,Utilities,0.09106666666666667
2023-07-14,Utilities,0.1287
2023-07-17,Utilities,0.19321666666666668
2023-07-18,Utilities,0.0937375
2023-07-19,Utilities,0.29114666666666666
2023-07-20,Utilities,-0.0143
2023-07-21,Utilities,0.38201111111111113
2023-07-24,Utilities,0.0969
2023-07-25,Utilities,0.06353333333333333
2023-07-26,Utilities,0.16411199999999998
2023-07-27,Utilities,0.5167
2023-07-28,Utilities,0.04423428571428571
2023-07-31,Utilities,0.0
2023-08-01,Utilities,0.397025
2023-08-02,Utilities,0.16629
2023-08-03,Utilities,0.07325000000000001
2023-08-04,Utilities,0.14934666666666668
2023-08-07,Utilities,-0.07494633333333335
2023-08-08,Utilities,0.258355
2023-08-09,Utilities,0.13460277777777777
2023-08-10,Utilities,0.40165
2023-08-11,Utilities,0.09566000000000001
2023-08-14,Utilities,0.20358333333333334
2023-08-15,Utilities,0.49648333333333333
2023-08-16,Utilities,0.030355555555555556
2023-08-17,Utilities,0.31437499999999996
2023-08-18,Utilities,0.3325166666666667
2023-08-21,Utilities,0.142075
2023-08-22,Utilities,-0.08815999999999999
2023-08-23,Utilities,0.119175
2023-08-24,Utilities,0.103675
2023-08-25,Utilities,0.10653541666666667
2023-08-28,Utilities,0.17226666666666668
2023-08-29,Utilities,0.04334583333333333
2023-08-30,Utilities,0.30974999999999997
2023-08-31,Utilities,0.19699166666666668
2023-09-01,Utilities,0.242635
2023-09-05,Utilities,0.1998375
2023-09-06,Utilities,0.349
2023-09-07,Utilities,0.24897818181818182
2023-09-08,Utilities,0.28697
2023-09-11,Utilities,0.16711666666666666
2023-09-12,Utilities,-0.035753333333333324
2023-09-13,Utilities,-0.0835
2023-09-14,Utilities,0.18696
2023-09-15,Utilities,0.21654
2023-09-18,Utilities,0.27118333333333333
2023-09-19,Utilities,0.11584444444444446
2023-09-20,Utilities,0.3801666666666667
2023-09-21,Utilities,0.17329166666666668
2023-09-22,Utilities,0.018453333333333318
2023-09-25,Utilities,-0.025675
2023-09-26,Utilities,0.2463888888888889
2023-09-27,Utilities,0.179675
2023-09-28,Utilities,-0.02859799999999999
2023-09-29,Utilities,0.12365277777777778
2023-10-02,Utilities,0.471208
2023-10-03,Utilities,0.17370809523809524
2023-10-04,Utilities,0.178745
2023-10-05,Utilities,0.11501333333333333
2023-10-06,Utilities,0.15715166666666666
2023-10-09,Utilities,0.14675500000000002
2023-10-10,Utilities,-0.03381666666666666
2023-10-11,Utilities,0.30372
2023-10-12,Utilities,0.07206666666666665
2023-10-13,Utilities,0.04945000000000001
2023-10-16,Utilities,0.4714433333333333
2023-10-17,Utilities,0.094525
2023-10-18,Utilities,0.20010833333333333
2023-10-19,Utilities,0.1298875
2023-10-20,Utilities,0.1417
2023-10-23,Utilities,0.0935
2023-10-24,Utilities,-0.082775
2023-10-25,Utilities,0.12272083333333333
2023-10-26,Utilities,0.11315555555555556
2023-10-27,Utilities,0.3315327142857143
2023-10-30,Utilities,0.3435253968253968
2023-10-31,Utilities,0.168775
2023-11-01,Utilities,0.10092000000000001
2023-11-02,Utilities,0.14484
2023-11-03,Utilities,0.28231403174603176
2023-11-06,Utilities,0.06802499999999999
2023-11-07,Utilities,0.231203125
2023-11-08,Utilities,0.242475
2023-11-09,Utilities,0.14740666666666666
2023-11-10,Utilities,0.318625
2023-11-13,Utilities,0.3446375
2023-11-14,Utilities,0.10534166666666667
2023-11-15,Utilities,0.39180000000000004
2023-11-16,Utilities,0.0
2023-11-17,Utilities,0.27993999999999997
2023-11-20,Utilities,0.14132499999999998
2023-11-21,Utilities,0.1366
2023-11-22,Utilities,0.026019999999999998
2023-11-24,Utilities,0.21307333333333334
2023-11-27,Utilities,0.2039
2023-11-28,Utilities,0.2371375
2023-11-29,Utilities,0.0683
2023-11-30,Utilities,0.17829166666666665
2023-12-01,Utilities,0.3322
2023-12-04,Utilities,0.27263333333333334
2023-12-05,Utilities,0.3710333333333333
2023-12-06,Utilities,0.1531
2023-12-07,Utilities,0.15354444444444446
2023-12-08,Utilities,0.149675
2023-12-11,Utilities,0.03415
2023-12-12,Utilities,0.13597466666666666
2023-12-13,Utilities,0.09403666666666667
2023-12-14,Utilities,0.14765833333333334
2023-12-15,Utilities,0.25736
2023-12-18,Utilities,0.08417777777777778
2023-12-19,Utilities,0.225925
2023-12-20,Utilities,0.225925
2023-12-21,Utilities,0.225925
2023-12-22,Utilities,0.225925
2023-12-26,Utilities,0.225925
2023-12-27,Utilities,0.225925
2023-12-28,Utilities,0.225925
2023-12-29,Utilities,0.225925
